wavenumber,0,1,2,3,4,5,6,7,8,9,10,11,12
850.4673,5.568620E-05,3.031290E-04,-2.168360E-04,-3.652530E-05,-9.528000E-05,2.445090E-04,8.815600E-05,-1.221590E-04,-8.587290E-05,5.028920E-04,-3.573020E-05,-1.317370E-04,-1.902950E-04
852.3958,2.835790E-04,4.370360E-04,4.893380E-05,1.554060E-04,-1.235080E-04,2.342670E-04,2.292990E-04,7.572010E-05,-6.518510E-05,4.854620E-04,-3.007440E-04,5.424650E-05,-2.332900E-04
854.3243,3.414810E-04,2.904400E-04,2.995700E-04,1.864180E-04,4.430250E-06,-8.071180E-06,-4.506650E-05,1.919680E-04,-1.284580E-04,3.063940E-04,-1.564470E-04,-6.636970E-05,-2.090750E-04
856.2527,4.108750E-04,2.507510E-04,3.460140E-04,1.230320E-05,-6.333820E-05,3.112580E-05,-2.267580E-04,3.003220E-04,-7.549180E-05,1.716400E-04,-1.875120E-04,5.909330E-05,-2.926690E-04
858.1813,8.670130E-04,8.088850E-04,7.158050E-04,2.883440E-04,1.382430E-04,5.465960E-04,3.476290E-04,9.248800E-04,5.521280E-04,6.664000E-04,1.704540E-05,6.119980E-04,2.521960E-04
860.1097,1.240000E-03,1.250000E-03,1.110000E-03,7.321400E-04,5.513610E-04,9.237720E-04,9.466530E-04,1.240000E-03,1.060000E-03,1.190000E-03,4.077210E-04,1.070000E-03,7.978430E-04
862.0383,1.640000E-03,1.570000E-03,1.580000E-03,1.100000E-03,9.118400E-04,1.040000E-03,1.200000E-03,1.350000E-03,1.150000E-03,1.510000E-03,5.401880E-04,1.260000E-03,8.860090E-04
863.9667,2.150000E-03,1.890000E-03,1.860000E-03,1.310000E-03,1.280000E-03,1.450000E-03,1.410000E-03,1.540000E-03,1.340000E-03,1.740000E-03,6.233640E-04,1.470000E-03,1.110000E-03
865.8953,2.410000E-03,2.220000E-03,1.730000E-03,1.440000E-03,1.570000E-03,1.810000E-03,1.580000E-03,1.680000E-03,1.330000E-03,1.640000E-03,8.257110E-04,1.560000E-03,1.340000E-03
867.8237,2.200000E-03,2.370000E-03,1.750000E-03,1.580000E-03,1.570000E-03,1.710000E-03,1.800000E-03,1.600000E-03,1.170000E-03,1.540000E-03,1.310000E-03,1.510000E-03,1.180000E-03
869.7523,1.970000E-03,2.180000E-03,1.630000E-03,1.650000E-03,1.210000E-03,1.720000E-03,1.810000E-03,1.480000E-03,1.170000E-03,1.590000E-03,1.640000E-03,1.370000E-03,9.709250E-04
871.6807,1.750000E-03,1.830000E-03,1.350000E-03,1.600000E-03,1.040000E-03,1.580000E-03,1.140000E-03,1.360000E-03,1.180000E-03,1.390000E-03,1.450000E-03,1.020000E-03,8.285090E-04
873.6093,1.180000E-03,1.260000E-03,8.787100E-04,1.130000E-03,8.654580E-04,9.710950E-04,5.487270E-04,7.503530E-04,7.371430E-04,8.830380E-04,6.791470E-04,6.277680E-04,4.705140E-04
875.5377,1.180000E-03,9.316340E-04,5.361090E-04,9.991540E-04,6.547240E-04,7.262280E-04,6.061740E-04,4.464100E-04,4.727490E-04,8.282590E-04,5.335120E-04,6.824610E-04,4.236750E-04
877.4662,1.030000E-03,6.135540E-04,2.413850E-04,9.165180E-04,3.824880E-04,5.756260E-04,5.701850E-04,5.735800E-04,4.045580E-04,6.512390E-04,6.118980E-04,4.800350E-04,1.812700E-04
879.3947,2.714070E-04,1.147820E-04,-1.665080E-04,2.801650E-04,-1.640730E-04,1.188120E-04,8.138450E-05,1.623120E-04,6.775820E-05,7.483760E-05,1.200050E-04,-3.641120E-05,-3.903240E-04
881.3232,-9.826840E-05,-7.272900E-06,-2.452570E-04,-2.189650E-04,-2.503040E-04,-1.645920E-04,-1.834000E-04,-1.793750E-04,-9.819100E-05,-2.167880E-04,-1.308190E-04,-1.117070E-04,-6.662490E-04
883.2517,-3.230700E-06,-8.762800E-06,-3.482690E-04,-6.611430E-05,-5.754170E-05,-2.070720E-04,-1.854540E-04,-1.297920E-04,-2.383620E-05,-2.261990E-04,-2.619230E-05,-1.151340E-04,-5.314340E-04
885.1802,-1.209370E-04,-1.400500E-04,-3.819090E-04,-3.790280E-05,-1.618780E-04,-9.249620E-05,-2.340810E-04,-1.262810E-04,7.957370E-05,-2.640710E-04,-1.203260E-04,1.653010E-05,-3.348680E-04
887.1087,-7.244940E-05,-1.418370E-04,-2.310050E-04,-9.094130E-06,-1.387210E-04,1.070530E-04,-1.667500E-04,1.446330E-05,7.024750E-05,-2.197530E-04,-7.237950E-05,2.654410E-04,-3.763830E-04
889.0372,3.914980E-05,1.623460E-05,-3.281530E-04,-4.868210E-06,1.110240E-05,-3.716120E-05,-1.905200E-04,1.021500E-04,7.398520E-05,-5.948410E-05,-1.963310E-05,3.468890E-04,-4.201280E-04
890.9657,7.868320E-06,1.687000E-04,-4.078160E-04,-2.747990E-05,-3.211950E-05,-1.462390E-04,-1.103950E-04,1.612400E-05,2.835820E-06,1.007600E-04,-1.005980E-04,2.296370E-04,-4.856620E-04
892.8942,1.391660E-04,1.391240E-04,-2.990250E-04,7.738590E-05,1.282910E-04,-4.254320E-05,1.311880E-04,1.473710E-04,2.274460E-04,1.868820E-04,-8.153330E-05,1.573360E-04,-3.968510E-04
894.8227,2.118800E-04,1.110060E-04,-1.399390E-04,2.151700E-04,3.474690E-04,7.237380E-05,2.297830E-04,1.374170E-04,2.764750E-04,3.041100E-04,1.285710E-04,1.203640E-04,-1.218310E-04
896.7512,1.705360E-04,3.049850E-04,4.536330E-05,4.315160E-04,4.119810E-04,2.215800E-04,2.122430E-04,-4.772430E-05,2.324470E-04,1.703000E-04,2.755260E-04,5.960230E-05,4.286890E-05
898.6797,1.098220E-04,4.048560E-04,5.478290E-06,3.616620E-04,3.504280E-04,2.611160E-04,1.710290E-05,-1.278610E-04,2.288010E-04,1.408900E-04,1.710200E-04,1.001310E-04,-1.482710E-04
900.6082,8.414050E-05,2.780160E-04,-1.076100E-04,3.101880E-04,2.627400E-04,7.610500E-05,1.486720E-04,-8.986880E-05,2.306340E-04,2.709850E-04,-9.339530E-05,-1.107110E-05,-9.397160E-05
902.5367,4.051520E-05,2.281910E-04,-2.265960E-05,5.116730E-04,3.724950E-04,1.307180E-04,4.328630E-04,8.923530E-05,3.285430E-04,2.139510E-04,2.904920E-05,9.870720E-05,1.318560E-04
904.4651,-2.589140E-05,2.346840E-04,1.624390E-04,6.786430E-04,3.712190E-04,1.819720E-04,5.058970E-04,1.746400E-04,3.259680E-04,2.043570E-04,1.351150E-04,1.329480E-04,1.329000E-04
906.3937,1.426350E-05,8.691060E-05,2.673620E-04,6.731080E-04,4.544500E-04,3.087770E-04,4.633450E-04,2.380130E-04,3.029450E-04,1.764780E-04,3.140480E-04,-5.366620E-05,1.682620E-04
908.3221,-1.161140E-04,1.163720E-04,9.249200E-05,3.582100E-04,4.635430E-04,1.942970E-04,3.667570E-04,1.299290E-04,3.214520E-04,6.823140E-05,3.141240E-04,-1.794290E-04,-4.265850E-05
910.2507,-8.989260E-05,2.997770E-04,-8.412940E-05,3.273600E-04,3.531320E-04,1.398310E-04,2.486700E-04,1.217020E-04,3.085850E-04,5.807970E-05,2.171070E-04,-1.148300E-05,-2.744860E-04
912.1791,3.749410E-04,5.948190E-04,3.924360E-05,4.700190E-04,5.471820E-04,2.462780E-04,2.814110E-04,4.580880E-04,3.782160E-04,1.570990E-04,3.163930E-04,1.655340E-04,-1.379120E-04
914.1077,5.039090E-04,8.364230E-04,3.514220E-04,6.339440E-04,9.246810E-04,5.729590E-04,4.829020E-04,9.435820E-04,5.702010E-04,4.931230E-04,5.983760E-04,4.351510E-04,4.736980E-05
916.0361,7.293780E-04,9.121660E-04,5.929950E-04,7.549390E-04,1.110000E-03,1.050000E-03,7.553680E-04,9.828110E-04,8.305140E-04,6.780780E-04,8.265220E-04,6.553780E-04,4.159400E-04
917.9647,1.130000E-03,1.170000E-03,7.257010E-04,9.170300E-04,1.130000E-03,1.210000E-03,9.043520E-04,8.496990E-04,1.090000E-03,6.004000E-04,7.775950E-04,7.754950E-04,6.386780E-04
919.8931,1.210000E-03,1.400000E-03,8.924070E-04,1.070000E-03,1.190000E-03,1.170000E-03,1.120000E-03,8.656670E-04,1.190000E-03,6.915410E-04,7.639110E-04,8.388720E-04,6.610280E-04
921.8217,1.220000E-03,1.260000E-03,9.578830E-04,1.040000E-03,1.140000E-03,1.170000E-03,1.040000E-03,9.613890E-04,1.090000E-03,7.815960E-04,7.859740E-04,7.490380E-04,6.221230E-04
923.7501,1.110000E-03,1.010000E-03,8.119760E-04,9.383200E-04,1.020000E-03,9.975550E-04,6.554780E-04,8.605430E-04,9.826790E-04,7.332950E-04,6.497100E-04,6.499860E-04,5.730050E-04
925.6786,8.221010E-04,6.678360E-04,4.828170E-04,7.933070E-04,8.397240E-04,7.634090E-04,5.492750E-04,5.343880E-04,7.892970E-04,3.901130E-04,4.052040E-04,5.981330E-04,4.185670E-04
927.6071,7.347760E-04,5.773680E-04,3.287340E-04,6.414280E-04,6.965850E-04,6.228560E-04,5.555970E-04,3.789480E-04,7.192930E-04,2.757730E-04,2.479590E-04,6.049700E-04,3.245780E-04
929.5356,4.670600E-04,5.548810E-04,2.919370E-04,4.407030E-04,5.146580E-04,3.501710E-04,2.622840E-04,2.082730E-04,6.020150E-04,2.177020E-04,6.809330E-05,3.090460E-04,1.130670E-04
931.4641,1.741980E-04,2.462250E-04,1.744600E-04,4.008180E-04,2.015630E-04,1.410560E-04,1.506230E-04,2.473660E-05,3.250020E-04,-9.792550E-06,-5.249220E-05,1.348830E-04,-6.218660E-05
933.3926,1.942940E-04,5.361560E-05,9.068410E-05,4.420460E-04,2.560660E-04,1.988150E-04,1.815230E-04,5.085070E-05,3.530730E-04,-6.692530E-05,8.472260E-06,2.311100E-04,4.648840E-05
935.3211,4.012640E-04,3.485790E-05,1.898160E-04,3.091750E-04,4.315500E-04,2.742380E-04,2.536260E-04,1.441010E-04,5.680510E-04,-1.243480E-04,9.117670E-05,2.623670E-04,1.178430E-04
937.2496,3.892040E-04,3.550780E-05,2.709160E-04,3.835480E-04,4.400460E-04,3.021330E-04,4.962580E-04,2.670840E-04,5.398000E-04,-1.124180E-05,2.144910E-04,6.003840E-04,1.472220E-04
939.1781,3.469080E-04,2.840790E-05,1.889520E-04,5.261270E-04,3.467710E-04,3.652150E-04,5.717970E-04,4.242490E-04,4.609010E-04,1.862200E-04,1.335460E-04,6.459310E-04,2.127360E-04
941.1066,8.535040E-05,-8.263980E-05,9.497540E-05,1.817800E-04,1.368850E-05,1.379530E-04,4.005140E-04,1.321180E-04,1.699920E-04,6.245770E-05,-1.233000E-04,2.114280E-04,-3.845610E-06
943.0351,-6.707330E-05,-2.161710E-04,1.146340E-04,-1.856180E-04,-5.944720E-05,-1.671240E-04,2.124190E-04,-1.047050E-05,-1.231700E-04,-1.585490E-04,-2.584350E-04,-3.458540E-05,-2.456150E-04
944.9636,-1.349640E-05,-1.337890E-04,1.117270E-04,-1.997810E-04,-1.085330E-05,-7.488140E-05,1.092120E-04,1.997310E-04,-8.637860E-07,-7.893770E-05,-7.658080E-05,2.639150E-05,-1.213250E-04
946.8921,-1.678690E-05,-1.421140E-04,-1.076370E-04,-2.271370E-04,-1.019150E-04,-4.685520E-06,-9.085220E-05,1.738970E-04,9.028190E-05,-1.438790E-04,-2.823560E-04,7.127840E-05,-8.875260E-05
948.8206,5.191960E-05,-1.425920E-04,-9.651330E-06,-1.523260E-04,2.016330E-04,-4.821760E-05,3.167510E-05,7.938730E-05,2.515060E-04,-1.846550E-04,-2.521020E-04,5.991530E-05,-1.133350E-04
950.7491,8.082460E-05,-1.049070E-04,1.113050E-04,1.257910E-05,2.059000E-04,1.215700E-07,1.555430E-04,-4.112710E-06,3.330390E-04,-9.445120E-05,3.584880E-05,3.445220E-05,-2.237760E-05
952.6776,1.044560E-05,3.843060E-05,7.280790E-05,1.305520E-04,-3.060700E-05,6.750200E-05,2.963860E-05,-1.604740E-04,3.782860E-04,-1.970010E-04,-1.386490E-04,-4.235090E-05,8.443240E-05
954.6061,-3.080640E-05,5.509860E-05,2.993070E-05,5.862690E-05,-1.121790E-04,-4.772660E-06,-7.469840E-05,-1.724760E-04,2.924970E-04,-2.814350E-04,-2.283460E-04,-6.865400E-05,5.018640E-05
956.5346,1.024830E-04,3.125000E-04,4.733300E-04,2.878560E-04,1.704070E-04,2.549470E-04,2.075240E-04,1.715460E-04,5.597900E-04,9.754320E-07,1.485260E-04,2.477160E-04,1.340370E-04
958.4631,4.966680E-04,7.656590E-04,1.130000E-03,6.401870E-04,5.690640E-04,7.819790E-04,5.672250E-04,5.313530E-04,1.100000E-03,4.689520E-04,4.310480E-04,6.583720E-04,6.196980E-04
960.3916,1.300000E-03,1.340000E-03,1.620000E-03,1.180000E-03,1.230000E-03,1.370000E-03,1.120000E-03,1.060000E-03,1.540000E-03,1.050000E-03,9.781110E-04,1.250000E-03,1.260000E-03
962.3201,2.350000E-03,2.320000E-03,2.390000E-03,2.020000E-03,2.140000E-03,2.110000E-03,2.010000E-03,1.920000E-03,2.110000E-03,1.920000E-03,1.900000E-03,2.120000E-03,1.940000E-03
964.2486,3.020000E-03,3.270000E-03,3.220000E-03,2.780000E-03,2.930000E-03,2.810000E-03,2.790000E-03,2.760000E-03,2.890000E-03,2.620000E-03,2.520000E-03,2.840000E-03,2.590000E-03
966.1771,3.460000E-03,3.780000E-03,3.850000E-03,3.460000E-03,3.450000E-03,3.500000E-03,3.240000E-03,3.350000E-03,3.570000E-03,3.190000E-03,3.070000E-03,3.410000E-03,3.180000E-03
968.1056,3.550000E-03,3.720000E-03,3.960000E-03,3.720000E-03,3.700000E-03,3.840000E-03,3.570000E-03,3.630000E-03,3.800000E-03,3.530000E-03,3.410000E-03,3.670000E-03,3.560000E-03
970.0341,3.120000E-03,3.370000E-03,3.570000E-03,3.390000E-03,3.370000E-03,3.430000E-03,3.380000E-03,3.400000E-03,3.340000E-03,3.150000E-03,3.120000E-03,3.390000E-03,3.280000E-03
971.9626,2.790000E-03,2.920000E-03,3.120000E-03,2.880000E-03,2.780000E-03,2.800000E-03,2.810000E-03,2.850000E-03,2.840000E-03,2.530000E-03,2.510000E-03,2.700000E-03,2.660000E-03
973.8911,2.980000E-03,2.950000E-03,3.130000E-03,2.820000E-03,2.710000E-03,2.690000E-03,2.630000E-03,2.630000E-03,2.700000E-03,2.470000E-03,2.480000E-03,2.410000E-03,2.370000E-03
975.8196,3.530000E-03,3.610000E-03,3.460000E-03,3.230000E-03,2.970000E-03,3.150000E-03,3.020000E-03,2.890000E-03,2.990000E-03,2.700000E-03,2.740000E-03,2.680000E-03,2.650000E-03
977.748,4.320000E-03,4.500000E-03,4.130000E-03,3.820000E-03,3.610000E-03,3.910000E-03,3.780000E-03,3.450000E-03,3.570000E-03,3.220000E-03,3.250000E-03,3.300000E-03,3.310000E-03
979.6766,4.840000E-03,4.830000E-03,4.670000E-03,4.200000E-03,4.150000E-03,4.230000E-03,4.190000E-03,3.870000E-03,3.860000E-03,3.820000E-03,3.640000E-03,3.820000E-03,3.720000E-03
981.605,4.650000E-03,4.700000E-03,4.580000E-03,4.050000E-03,4.080000E-03,4.000000E-03,4.030000E-03,3.880000E-03,3.900000E-03,3.830000E-03,3.540000E-03,3.960000E-03,3.780000E-03
983.5336,3.800000E-03,3.910000E-03,3.860000E-03,3.440000E-03,3.400000E-03,3.480000E-03,3.460000E-03,3.310000E-03,3.480000E-03,3.260000E-03,3.100000E-03,3.530000E-03,3.290000E-03
985.462,2.980000E-03,3.130000E-03,3.230000E-03,2.960000E-03,2.870000E-03,3.030000E-03,3.000000E-03,2.850000E-03,3.090000E-03,2.780000E-03,2.830000E-03,2.970000E-03,2.720000E-03
987.3906,2.480000E-03,2.580000E-03,2.690000E-03,2.620000E-03,2.520000E-03,2.650000E-03,2.530000E-03,2.460000E-03,2.730000E-03,2.210000E-03,2.550000E-03,2.570000E-03,2.360000E-03
989.319,2.190000E-03,2.130000E-03,2.310000E-03,2.290000E-03,2.190000E-03,2.210000E-03,2.290000E-03,2.120000E-03,2.470000E-03,2.110000E-03,2.270000E-03,2.420000E-03,2.210000E-03
991.2476,1.850000E-03,1.880000E-03,2.240000E-03,2.250000E-03,2.020000E-03,2.080000E-03,2.260000E-03,1.960000E-03,2.500000E-03,2.190000E-03,2.190000E-03,2.410000E-03,2.310000E-03
993.176,1.560000E-03,1.700000E-03,2.220000E-03,2.040000E-03,2.020000E-03,2.160000E-03,2.100000E-03,2.080000E-03,2.490000E-03,2.030000E-03,2.220000E-03,2.380000E-03,2.510000E-03
995.1046,1.630000E-03,1.880000E-03,2.190000E-03,1.900000E-03,2.120000E-03,2.230000E-03,2.180000E-03,2.340000E-03,2.440000E-03,2.040000E-03,2.230000E-03,2.590000E-03,2.450000E-03
997.033,1.830000E-03,2.020000E-03,2.250000E-03,1.980000E-03,2.100000E-03,2.210000E-03,2.310000E-03,2.330000E-03,2.450000E-03,2.110000E-03,2.310000E-03,2.620000E-03,2.280000E-03
998.9615,1.970000E-03,2.110000E-03,2.450000E-03,2.310000E-03,2.170000E-03,2.320000E-03,2.460000E-03,2.240000E-03,2.660000E-03,2.260000E-03,2.470000E-03,2.760000E-03,2.360000E-03
1000.89,1.970000E-03,2.370000E-03,2.640000E-03,2.450000E-03,2.310000E-03,2.600000E-03,2.500000E-03,2.310000E-03,2.820000E-03,2.580000E-03,2.550000E-03,2.960000E-03,2.560000E-03
1002.819,2.120000E-03,2.710000E-03,2.770000E-03,2.620000E-03,2.630000E-03,2.840000E-03,2.610000E-03,2.470000E-03,2.940000E-03,2.850000E-03,2.710000E-03,3.050000E-03,2.870000E-03
1004.747,2.730000E-03,3.130000E-03,3.180000E-03,3.020000E-03,3.120000E-03,3.300000E-03,3.030000E-03,2.840000E-03,3.190000E-03,3.050000E-03,3.060000E-03,3.220000E-03,3.190000E-03
1006.676,3.210000E-03,3.550000E-03,3.790000E-03,3.350000E-03,3.450000E-03,3.880000E-03,3.390000E-03,3.270000E-03,3.430000E-03,3.370000E-03,3.480000E-03,3.540000E-03,3.460000E-03
1008.604,3.700000E-03,4.260000E-03,4.470000E-03,3.900000E-03,3.900000E-03,4.330000E-03,3.800000E-03,3.860000E-03,3.930000E-03,3.930000E-03,4.110000E-03,4.100000E-03,3.920000E-03
1010.533,4.540000E-03,5.010000E-03,5.140000E-03,4.670000E-03,4.620000E-03,4.920000E-03,4.610000E-03,4.770000E-03,4.710000E-03,4.660000E-03,4.880000E-03,4.950000E-03,4.700000E-03
1012.461,5.090000E-03,5.360000E-03,5.800000E-03,5.430000E-03,5.230000E-03,5.460000E-03,5.340000E-03,5.290000E-03,5.310000E-03,5.240000E-03,5.440000E-03,5.650000E-03,5.380000E-03
1014.39,5.200000E-03,5.670000E-03,6.250000E-03,5.870000E-03,5.610000E-03,5.820000E-03,5.690000E-03,5.500000E-03,5.530000E-03,5.550000E-03,5.740000E-03,5.880000E-03,5.750000E-03
1016.318,5.160000E-03,5.840000E-03,6.390000E-03,5.960000E-03,5.870000E-03,6.030000E-03,6.000000E-03,5.840000E-03,5.680000E-03,5.720000E-03,5.890000E-03,6.020000E-03,5.810000E-03
1018.247,5.340000E-03,6.030000E-03,6.480000E-03,6.080000E-03,6.210000E-03,6.310000E-03,6.420000E-03,6.340000E-03,6.150000E-03,6.190000E-03,6.270000E-03,6.430000E-03,6.170000E-03
1020.175,5.600000E-03,6.180000E-03,6.730000E-03,6.450000E-03,6.580000E-03,6.740000E-03,6.700000E-03,6.660000E-03,6.640000E-03,6.570000E-03,6.640000E-03,6.950000E-03,6.720000E-03
1022.104,5.770000E-03,6.310000E-03,7.120000E-03,6.700000E-03,6.700000E-03,7.100000E-03,6.990000E-03,6.950000E-03,6.940000E-03,6.780000E-03,6.920000E-03,7.410000E-03,7.070000E-03
1024.032,6.210000E-03,6.670000E-03,7.450000E-03,7.220000E-03,7.070000E-03,7.480000E-03,7.490000E-03,7.610000E-03,7.540000E-03,7.420000E-03,7.530000E-03,7.860000E-03,7.640000E-03
1025.96,6.970000E-03,7.390000E-03,8.170000E-03,7.930000E-03,8.010000E-03,8.420000E-03,8.410000E-03,8.440000E-03,8.520000E-03,8.390000E-03,8.610000E-03,8.680000E-03,8.480000E-03
1027.889,7.720000E-03,8.330000E-03,8.850000E-03,8.630000E-03,8.830000E-03,9.270000E-03,9.160000E-03,9.030000E-03,9.060000E-03,9.060000E-03,9.310000E-03,9.520000E-03,9.000000E-03
1029.818,8.760000E-03,9.310000E-03,9.440000E-03,9.220000E-03,9.180000E-03,9.610000E-03,9.450000E-03,9.320000E-03,9.310000E-03,9.140000E-03,9.450000E-03,9.650000E-03,9.260000E-03
1031.746,9.890000E-03,1.039000E-02,1.036000E-02,9.730000E-03,9.660000E-03,9.970000E-03,9.760000E-03,9.580000E-03,9.630000E-03,9.440000E-03,9.500000E-03,9.630000E-03,9.470000E-03
1033.674,1.073000E-02,1.116000E-02,1.113000E-02,1.007000E-02,1.017000E-02,1.035000E-02,1.006000E-02,9.780000E-03,9.910000E-03,9.730000E-03,9.720000E-03,9.830000E-03,9.490000E-03
1035.603,1.144000E-02,1.154000E-02,1.155000E-02,1.038000E-02,1.047000E-02,1.068000E-02,1.025000E-02,9.950000E-03,1.017000E-02,9.810000E-03,9.990000E-03,9.880000E-03,9.420000E-03
1037.531,1.194000E-02,1.186000E-02,1.183000E-02,1.058000E-02,1.074000E-02,1.082000E-02,1.035000E-02,1.002000E-02,1.030000E-02,9.950000E-03,1.011000E-02,9.850000E-03,9.490000E-03
1039.46,1.215000E-02,1.222000E-02,1.196000E-02,1.061000E-02,1.072000E-02,1.070000E-02,1.041000E-02,1.009000E-02,1.021000E-02,9.980000E-03,1.000000E-02,9.750000E-03,9.500000E-03
1041.388,1.238000E-02,1.234000E-02,1.216000E-02,1.081000E-02,1.068000E-02,1.081000E-02,1.050000E-02,1.019000E-02,1.010000E-02,1.001000E-02,9.980000E-03,9.760000E-03,9.600000E-03
1043.317,1.295000E-02,1.282000E-02,1.270000E-02,1.131000E-02,1.116000E-02,1.129000E-02,1.080000E-02,1.053000E-02,1.047000E-02,1.033000E-02,1.033000E-02,1.019000E-02,9.960000E-03
1045.245,1.362000E-02,1.360000E-02,1.315000E-02,1.176000E-02,1.170000E-02,1.167000E-02,1.124000E-02,1.097000E-02,1.124000E-02,1.085000E-02,1.076000E-02,1.057000E-02,1.029000E-02
1047.174,1.473000E-02,1.467000E-02,1.387000E-02,1.250000E-02,1.240000E-02,1.224000E-02,1.200000E-02,1.161000E-02,1.190000E-02,1.141000E-02,1.127000E-02,1.106000E-02,1.097000E-02
1049.102,1.616000E-02,1.596000E-02,1.506000E-02,1.376000E-02,1.337000E-02,1.324000E-02,1.296000E-02,1.253000E-02,1.266000E-02,1.221000E-02,1.211000E-02,1.200000E-02,1.178000E-02
1051.031,1.784000E-02,1.756000E-02,1.659000E-02,1.522000E-02,1.466000E-02,1.463000E-02,1.419000E-02,1.377000E-02,1.387000E-02,1.349000E-02,1.344000E-02,1.325000E-02,1.293000E-02
1052.959,1.980000E-02,1.937000E-02,1.829000E-02,1.658000E-02,1.613000E-02,1.607000E-02,1.570000E-02,1.510000E-02,1.525000E-02,1.482000E-02,1.479000E-02,1.448000E-02,1.430000E-02
1054.888,2.217000E-02,2.141000E-02,2.021000E-02,1.822000E-02,1.789000E-02,1.769000E-02,1.728000E-02,1.659000E-02,1.682000E-02,1.642000E-02,1.620000E-02,1.579000E-02,1.580000E-02
1056.816,2.453000E-02,2.335000E-02,2.214000E-02,2.015000E-02,1.954000E-02,1.941000E-02,1.894000E-02,1.816000E-02,1.825000E-02,1.808000E-02,1.778000E-02,1.737000E-02,1.732000E-02
1058.745,2.664000E-02,2.542000E-02,2.412000E-02,2.186000E-02,2.126000E-02,2.106000E-02,2.069000E-02,1.981000E-02,1.974000E-02,1.964000E-02,1.950000E-02,1.897000E-02,1.867000E-02
1060.673,2.805000E-02,2.687000E-02,2.549000E-02,2.300000E-02,2.261000E-02,2.225000E-02,2.192000E-02,2.107000E-02,2.119000E-02,2.084000E-02,2.073000E-02,2.028000E-02,1.976000E-02
1062.602,2.872000E-02,2.743000E-02,2.613000E-02,2.376000E-02,2.342000E-02,2.295000E-02,2.246000E-02,2.179000E-02,2.195000E-02,2.167000E-02,2.131000E-02,2.093000E-02,2.056000E-02
1064.53,2.869000E-02,2.742000E-02,2.622000E-02,2.379000E-02,2.364000E-02,2.300000E-02,2.260000E-02,2.202000E-02,2.196000E-02,2.195000E-02,2.140000E-02,2.095000E-02,2.070000E-02
1066.459,2.757000E-02,2.660000E-02,2.555000E-02,2.304000E-02,2.294000E-02,2.227000E-02,2.186000E-02,2.135000E-02,2.131000E-02,2.122000E-02,2.085000E-02,2.029000E-02,2.004000E-02
1068.387,2.591000E-02,2.515000E-02,2.421000E-02,2.190000E-02,2.177000E-02,2.135000E-02,2.071000E-02,2.023000E-02,2.019000E-02,2.004000E-02,1.986000E-02,1.929000E-02,1.907000E-02
1070.316,2.394000E-02,2.340000E-02,2.248000E-02,2.055000E-02,2.017000E-02,2.008000E-02,1.935000E-02,1.893000E-02,1.883000E-02,1.869000E-02,1.856000E-02,1.809000E-02,1.781000E-02
1072.244,2.194000E-02,2.154000E-02,2.067000E-02,1.904000E-02,1.860000E-02,1.851000E-02,1.795000E-02,1.749000E-02,1.754000E-02,1.737000E-02,1.722000E-02,1.669000E-02,1.644000E-02
1074.173,2.046000E-02,2.014000E-02,1.938000E-02,1.766000E-02,1.738000E-02,1.729000E-02,1.694000E-02,1.641000E-02,1.655000E-02,1.632000E-02,1.617000E-02,1.568000E-02,1.530000E-02
1076.101,1.961000E-02,1.923000E-02,1.859000E-02,1.689000E-02,1.664000E-02,1.653000E-02,1.621000E-02,1.579000E-02,1.581000E-02,1.560000E-02,1.538000E-02,1.504000E-02,1.478000E-02
1078.03,1.923000E-02,1.870000E-02,1.824000E-02,1.655000E-02,1.632000E-02,1.595000E-02,1.586000E-02,1.543000E-02,1.531000E-02,1.511000E-02,1.485000E-02,1.458000E-02,1.450000E-02
1079.958,1.950000E-02,1.874000E-02,1.829000E-02,1.670000E-02,1.649000E-02,1.602000E-02,1.590000E-02,1.551000E-02,1.524000E-02,1.514000E-02,1.489000E-02,1.456000E-02,1.445000E-02
1081.887,2.004000E-02,1.943000E-02,1.873000E-02,1.710000E-02,1.706000E-02,1.663000E-02,1.629000E-02,1.598000E-02,1.562000E-02,1.545000E-02,1.543000E-02,1.497000E-02,1.492000E-02
1083.815,2.031000E-02,1.975000E-02,1.922000E-02,1.730000E-02,1.727000E-02,1.688000E-02,1.656000E-02,1.610000E-02,1.604000E-02,1.558000E-02,1.568000E-02,1.518000E-02,1.519000E-02
1085.744,1.996000E-02,1.931000E-02,1.892000E-02,1.692000E-02,1.692000E-02,1.641000E-02,1.627000E-02,1.565000E-02,1.579000E-02,1.553000E-02,1.522000E-02,1.484000E-02,1.480000E-02
1087.672,1.897000E-02,1.832000E-02,1.788000E-02,1.607000E-02,1.612000E-02,1.549000E-02,1.521000E-02,1.479000E-02,1.487000E-02,1.478000E-02,1.433000E-02,1.406000E-02,1.404000E-02
1089.601,1.728000E-02,1.677000E-02,1.637000E-02,1.477000E-02,1.459000E-02,1.423000E-02,1.374000E-02,1.358000E-02,1.373000E-02,1.338000E-02,1.309000E-02,1.287000E-02,1.272000E-02
1091.529,1.526000E-02,1.483000E-02,1.460000E-02,1.327000E-02,1.298000E-02,1.277000E-02,1.232000E-02,1.214000E-02,1.230000E-02,1.196000E-02,1.173000E-02,1.158000E-02,1.126000E-02
1093.458,1.384000E-02,1.349000E-02,1.329000E-02,1.211000E-02,1.184000E-02,1.174000E-02,1.157000E-02,1.116000E-02,1.104000E-02,1.108000E-02,1.077000E-02,1.066000E-02,1.032000E-02
1095.386,1.291000E-02,1.275000E-02,1.247000E-02,1.131000E-02,1.100000E-02,1.090000E-02,1.088000E-02,1.044000E-02,1.015000E-02,1.029000E-02,1.002000E-02,9.950000E-03,9.740000E-03
1097.315,1.247000E-02,1.239000E-02,1.184000E-02,1.102000E-02,1.058000E-02,1.045000E-02,1.044000E-02,1.008000E-02,9.890000E-03,9.900000E-03,9.570000E-03,9.580000E-03,9.420000E-03
1099.243,1.253000E-02,1.225000E-02,1.166000E-02,1.076000E-02,1.037000E-02,1.038000E-02,1.005000E-02,9.830000E-03,9.690000E-03,9.720000E-03,9.370000E-03,9.510000E-03,9.180000E-03
1101.172,1.270000E-02,1.243000E-02,1.201000E-02,1.071000E-02,1.059000E-02,1.048000E-02,1.004000E-02,9.920000E-03,9.780000E-03,9.880000E-03,9.560000E-03,9.600000E-03,9.400000E-03
1103.1,1.274000E-02,1.261000E-02,1.224000E-02,1.097000E-02,1.096000E-02,1.065000E-02,1.031000E-02,1.010000E-02,9.900000E-03,9.960000E-03,9.780000E-03,9.620000E-03,9.450000E-03
1105.029,1.248000E-02,1.231000E-02,1.199000E-02,1.088000E-02,1.086000E-02,1.054000E-02,1.017000E-02,9.900000E-03,9.870000E-03,9.650000E-03,9.720000E-03,9.430000E-03,9.250000E-03
1106.957,1.207000E-02,1.177000E-02,1.143000E-02,1.040000E-02,1.032000E-02,1.002000E-02,9.820000E-03,9.470000E-03,9.510000E-03,9.340000E-03,9.400000E-03,9.040000E-03,8.990000E-03
1108.886,1.120000E-02,1.072000E-02,1.061000E-02,9.560000E-03,9.520000E-03,9.280000E-03,9.150000E-03,8.670000E-03,8.730000E-03,8.580000E-03,8.630000E-03,8.390000E-03,8.420000E-03
1110.814,9.720000E-03,9.350000E-03,9.420000E-03,8.410000E-03,8.420000E-03,8.270000E-03,7.980000E-03,7.420000E-03,7.630000E-03,7.440000E-03,7.600000E-03,7.530000E-03,7.450000E-03
1112.743,8.450000E-03,8.150000E-03,8.000000E-03,7.340000E-03,7.230000E-03,7.180000E-03,6.810000E-03,6.460000E-03,6.590000E-03,6.490000E-03,6.590000E-03,6.680000E-03,6.460000E-03
1114.671,7.530000E-03,7.140000E-03,6.980000E-03,6.370000E-03,6.160000E-03,6.370000E-03,6.110000E-03,5.850000E-03,5.930000E-03,5.680000E-03,5.780000E-03,5.770000E-03,5.820000E-03
1116.6,6.680000E-03,6.320000E-03,6.350000E-03,5.610000E-03,5.340000E-03,5.630000E-03,5.420000E-03,5.170000E-03,5.320000E-03,4.960000E-03,5.090000E-03,4.960000E-03,5.280000E-03
1118.528,6.090000E-03,5.730000E-03,5.860000E-03,5.170000E-03,4.920000E-03,5.130000E-03,4.840000E-03,4.770000E-03,4.740000E-03,4.520000E-03,4.540000E-03,4.460000E-03,4.720000E-03
1120.457,5.540000E-03,5.330000E-03,5.390000E-03,4.800000E-03,4.710000E-03,4.780000E-03,4.480000E-03,4.480000E-03,4.450000E-03,4.290000E-03,4.230000E-03,4.130000E-03,4.120000E-03
1122.385,5.320000E-03,5.180000E-03,5.120000E-03,4.620000E-03,4.460000E-03,4.500000E-03,4.360000E-03,4.210000E-03,4.380000E-03,4.200000E-03,4.260000E-03,4.010000E-03,3.830000E-03
1124.314,5.310000E-03,5.160000E-03,5.000000E-03,4.540000E-03,4.340000E-03,4.330000E-03,4.220000E-03,4.140000E-03,4.270000E-03,4.140000E-03,4.300000E-03,3.990000E-03,3.820000E-03
1126.242,5.450000E-03,5.190000E-03,5.070000E-03,4.610000E-03,4.510000E-03,4.430000E-03,4.120000E-03,4.290000E-03,4.160000E-03,4.150000E-03,4.250000E-03,4.160000E-03,4.010000E-03
1128.171,5.470000E-03,5.080000E-03,5.150000E-03,4.480000E-03,4.470000E-03,4.540000E-03,4.180000E-03,4.260000E-03,4.060000E-03,4.170000E-03,4.120000E-03,4.180000E-03,4.030000E-03
1130.099,5.260000E-03,4.920000E-03,5.030000E-03,4.310000E-03,4.280000E-03,4.440000E-03,4.210000E-03,4.100000E-03,4.020000E-03,4.100000E-03,4.020000E-03,3.970000E-03,3.860000E-03
1132.028,5.200000E-03,4.960000E-03,5.050000E-03,4.460000E-03,4.260000E-03,4.320000E-03,4.330000E-03,4.120000E-03,4.100000E-03,4.010000E-03,3.960000E-03,3.950000E-03,3.830000E-03
1133.956,5.460000E-03,5.210000E-03,5.270000E-03,4.790000E-03,4.450000E-03,4.540000E-03,4.470000E-03,4.390000E-03,4.360000E-03,4.130000E-03,4.140000E-03,4.150000E-03,4.050000E-03
1135.885,5.520000E-03,5.500000E-03,5.260000E-03,4.780000E-03,4.550000E-03,4.620000E-03,4.480000E-03,4.380000E-03,4.440000E-03,4.130000E-03,4.250000E-03,4.120000E-03,4.140000E-03
1137.813,5.530000E-03,5.580000E-03,5.210000E-03,4.690000E-03,4.560000E-03,4.590000E-03,4.550000E-03,4.220000E-03,4.400000E-03,4.100000E-03,4.300000E-03,4.060000E-03,4.090000E-03
1139.742,5.560000E-03,5.370000E-03,5.180000E-03,4.720000E-03,4.420000E-03,4.660000E-03,4.560000E-03,4.190000E-03,4.310000E-03,4.110000E-03,4.250000E-03,4.100000E-03,4.090000E-03
1141.67,5.450000E-03,5.320000E-03,5.260000E-03,4.760000E-03,4.410000E-03,4.670000E-03,4.420000E-03,4.290000E-03,4.310000E-03,4.160000E-03,4.220000E-03,4.220000E-03,4.110000E-03
1143.599,5.560000E-03,5.450000E-03,5.300000E-03,4.770000E-03,4.480000E-03,4.650000E-03,4.250000E-03,4.390000E-03,4.360000E-03,4.260000E-03,4.320000E-03,4.250000E-03,4.070000E-03
1145.527,6.000000E-03,5.690000E-03,5.560000E-03,4.970000E-03,4.750000E-03,4.930000E-03,4.550000E-03,4.580000E-03,4.620000E-03,4.520000E-03,4.570000E-03,4.460000E-03,4.370000E-03
1147.456,6.220000E-03,5.860000E-03,5.780000E-03,5.090000E-03,4.950000E-03,5.120000E-03,4.820000E-03,4.780000E-03,4.810000E-03,4.740000E-03,4.740000E-03,4.530000E-03,4.560000E-03
1149.384,6.350000E-03,5.880000E-03,5.840000E-03,5.140000E-03,5.080000E-03,5.150000E-03,4.900000E-03,4.860000E-03,4.890000E-03,4.860000E-03,4.810000E-03,4.530000E-03,4.590000E-03
1151.313,6.520000E-03,6.010000E-03,5.930000E-03,5.300000E-03,5.170000E-03,5.220000E-03,4.990000E-03,4.900000E-03,4.970000E-03,4.950000E-03,4.840000E-03,4.780000E-03,4.600000E-03
1153.241,6.570000E-03,6.140000E-03,6.130000E-03,5.510000E-03,5.280000E-03,5.360000E-03,5.110000E-03,5.000000E-03,5.100000E-03,5.080000E-03,4.960000E-03,5.020000E-03,4.710000E-03
1155.17,6.570000E-03,6.230000E-03,6.310000E-03,5.580000E-03,5.380000E-03,5.490000E-03,5.210000E-03,5.040000E-03,5.200000E-03,5.170000E-03,5.100000E-03,5.120000E-03,4.890000E-03
1157.098,6.660000E-03,6.380000E-03,6.360000E-03,5.630000E-03,5.470000E-03,5.610000E-03,5.360000E-03,5.150000E-03,5.220000E-03,5.240000E-03,5.190000E-03,5.220000E-03,5.030000E-03
1159.027,6.540000E-03,6.270000E-03,6.230000E-03,5.500000E-03,5.470000E-03,5.470000E-03,5.250000E-03,5.150000E-03,5.080000E-03,5.190000E-03,5.210000E-03,5.110000E-03,5.090000E-03
1160.955,6.080000E-03,5.790000E-03,5.800000E-03,5.120000E-03,5.140000E-03,4.890000E-03,4.930000E-03,4.680000E-03,4.630000E-03,4.820000E-03,4.950000E-03,4.730000E-03,4.790000E-03
1162.884,5.810000E-03,5.380000E-03,5.320000E-03,4.950000E-03,4.770000E-03,4.610000E-03,4.770000E-03,4.380000E-03,4.450000E-03,4.470000E-03,4.680000E-03,4.560000E-03,4.490000E-03
1164.812,5.550000E-03,5.190000E-03,5.030000E-03,4.740000E-03,4.490000E-03,4.520000E-03,4.490000E-03,4.310000E-03,4.430000E-03,4.270000E-03,4.580000E-03,4.420000E-03,4.410000E-03
1166.741,5.080000E-03,4.890000E-03,4.820000E-03,4.340000E-03,4.350000E-03,4.330000E-03,4.190000E-03,4.250000E-03,4.320000E-03,4.040000E-03,4.350000E-03,4.280000E-03,4.300000E-03
1168.669,4.600000E-03,4.410000E-03,4.590000E-03,4.160000E-03,4.180000E-03,4.100000E-03,3.960000E-03,4.120000E-03,4.160000E-03,3.890000E-03,4.140000E-03,4.210000E-03,4.100000E-03
1170.598,4.250000E-03,4.150000E-03,4.370000E-03,4.020000E-03,3.950000E-03,3.930000E-03,3.720000E-03,3.950000E-03,3.990000E-03,3.800000E-03,3.940000E-03,4.120000E-03,3.860000E-03
1172.526,4.050000E-03,3.960000E-03,4.080000E-03,3.790000E-03,3.690000E-03,3.770000E-03,3.460000E-03,3.830000E-03,3.810000E-03,3.640000E-03,3.840000E-03,3.940000E-03,3.750000E-03
1174.455,4.000000E-03,3.950000E-03,4.020000E-03,3.790000E-03,3.560000E-03,3.690000E-03,3.490000E-03,3.840000E-03,3.800000E-03,3.650000E-03,3.870000E-03,4.020000E-03,3.790000E-03
1176.383,3.930000E-03,4.020000E-03,4.070000E-03,3.780000E-03,3.610000E-03,3.820000E-03,3.660000E-03,3.740000E-03,3.810000E-03,3.700000E-03,3.860000E-03,3.990000E-03,3.800000E-03
1178.312,3.940000E-03,4.130000E-03,4.020000E-03,3.720000E-03,3.720000E-03,4.020000E-03,3.720000E-03,3.790000E-03,3.890000E-03,3.790000E-03,3.920000E-03,3.890000E-03,3.910000E-03
1180.24,3.940000E-03,4.030000E-03,3.980000E-03,3.710000E-03,3.790000E-03,4.010000E-03,3.700000E-03,3.900000E-03,3.860000E-03,3.810000E-03,3.980000E-03,3.810000E-03,3.830000E-03
1182.169,4.000000E-03,3.960000E-03,4.040000E-03,3.860000E-03,3.870000E-03,3.920000E-03,3.840000E-03,3.970000E-03,3.840000E-03,3.840000E-03,4.020000E-03,3.920000E-03,3.910000E-03
1184.097,3.950000E-03,3.920000E-03,4.170000E-03,3.920000E-03,3.960000E-03,4.040000E-03,3.940000E-03,3.970000E-03,3.900000E-03,3.900000E-03,4.130000E-03,4.080000E-03,4.040000E-03
1186.026,3.870000E-03,3.760000E-03,4.240000E-03,3.980000E-03,4.080000E-03,4.110000E-03,4.110000E-03,4.040000E-03,4.010000E-03,4.000000E-03,4.190000E-03,4.250000E-03,4.290000E-03
1187.954,3.740000E-03,3.520000E-03,4.220000E-03,4.020000E-03,4.050000E-03,4.120000E-03,4.300000E-03,4.150000E-03,4.220000E-03,4.130000E-03,4.290000E-03,4.430000E-03,4.520000E-03
1189.883,3.520000E-03,3.350000E-03,4.190000E-03,4.000000E-03,4.020000E-03,4.160000E-03,4.270000E-03,4.320000E-03,4.420000E-03,4.280000E-03,4.390000E-03,4.570000E-03,4.690000E-03
1191.811,3.120000E-03,3.110000E-03,3.910000E-03,3.860000E-03,3.830000E-03,4.060000E-03,4.090000E-03,4.300000E-03,4.340000E-03,4.360000E-03,4.340000E-03,4.650000E-03,4.630000E-03
1193.74,2.820000E-03,2.890000E-03,3.560000E-03,3.690000E-03,3.590000E-03,3.900000E-03,3.910000E-03,4.030000E-03,3.930000E-03,4.120000E-03,4.190000E-03,4.540000E-03,4.430000E-03
1195.668,2.450000E-03,2.650000E-03,3.220000E-03,3.380000E-03,3.250000E-03,3.630000E-03,3.660000E-03,3.710000E-03,3.520000E-03,3.700000E-03,3.990000E-03,4.240000E-03,4.140000E-03
1197.597,2.180000E-03,2.350000E-03,2.910000E-03,2.970000E-03,2.960000E-03,3.320000E-03,3.350000E-03,3.450000E-03,3.290000E-03,3.400000E-03,3.670000E-03,3.830000E-03,3.830000E-03
1199.525,1.850000E-03,2.100000E-03,2.610000E-03,2.590000E-03,2.640000E-03,2.950000E-03,2.950000E-03,3.090000E-03,3.000000E-03,3.000000E-03,3.240000E-03,3.440000E-03,3.360000E-03
1201.454,1.500000E-03,1.870000E-03,2.420000E-03,2.320000E-03,2.300000E-03,2.580000E-03,2.680000E-03,2.710000E-03,2.840000E-03,2.610000E-03,2.940000E-03,3.010000E-03,2.970000E-03
1203.382,1.400000E-03,1.580000E-03,2.270000E-03,2.230000E-03,2.080000E-03,2.420000E-03,2.540000E-03,2.570000E-03,2.710000E-03,2.510000E-03,2.810000E-03,2.860000E-03,2.810000E-03
1205.311,1.410000E-03,1.490000E-03,2.160000E-03,2.160000E-03,1.990000E-03,2.400000E-03,2.470000E-03,2.630000E-03,2.400000E-03,2.510000E-03,2.660000E-03,2.830000E-03,2.830000E-03
1207.239,1.480000E-03,1.590000E-03,2.240000E-03,2.130000E-03,2.110000E-03,2.490000E-03,2.500000E-03,2.780000E-03,2.410000E-03,2.530000E-03,2.630000E-03,2.790000E-03,2.810000E-03
1209.168,1.470000E-03,1.490000E-03,2.120000E-03,2.130000E-03,2.130000E-03,2.380000E-03,2.370000E-03,2.520000E-03,2.420000E-03,2.410000E-03,2.500000E-03,2.670000E-03,2.590000E-03
1211.096,1.420000E-03,1.320000E-03,2.030000E-03,2.070000E-03,1.990000E-03,2.230000E-03,2.250000E-03,2.210000E-03,2.300000E-03,2.300000E-03,2.430000E-03,2.520000E-03,2.470000E-03
1213.025,1.390000E-03,1.310000E-03,2.050000E-03,1.960000E-03,1.940000E-03,2.230000E-03,2.120000E-03,2.170000E-03,2.170000E-03,2.290000E-03,2.430000E-03,2.460000E-03,2.410000E-03
1214.953,1.480000E-03,1.530000E-03,2.200000E-03,2.080000E-03,2.020000E-03,2.320000E-03,2.150000E-03,2.220000E-03,2.180000E-03,2.290000E-03,2.500000E-03,2.490000E-03,2.390000E-03
1216.882,1.790000E-03,1.840000E-03,2.440000E-03,2.290000E-03,2.290000E-03,2.540000E-03,2.420000E-03,2.460000E-03,2.420000E-03,2.480000E-03,2.830000E-03,2.760000E-03,2.710000E-03
1218.81,1.980000E-03,2.090000E-03,2.550000E-03,2.400000E-03,2.490000E-03,2.660000E-03,2.540000E-03,2.630000E-03,2.630000E-03,2.650000E-03,2.880000E-03,2.950000E-03,2.960000E-03
1220.739,2.060000E-03,2.170000E-03,2.570000E-03,2.460000E-03,2.420000E-03,2.620000E-03,2.500000E-03,2.650000E-03,2.650000E-03,2.660000E-03,2.760000E-03,2.940000E-03,2.890000E-03
1222.667,2.100000E-03,2.180000E-03,2.530000E-03,2.480000E-03,2.400000E-03,2.540000E-03,2.520000E-03,2.640000E-03,2.710000E-03,2.620000E-03,2.780000E-03,2.820000E-03,2.890000E-03
1224.596,2.070000E-03,2.260000E-03,2.590000E-03,2.390000E-03,2.520000E-03,2.610000E-03,2.670000E-03,2.680000E-03,2.740000E-03,2.660000E-03,2.820000E-03,2.850000E-03,2.960000E-03
1226.524,2.200000E-03,2.490000E-03,2.760000E-03,2.470000E-03,2.690000E-03,2.810000E-03,2.770000E-03,2.880000E-03,2.730000E-03,2.700000E-03,2.950000E-03,3.000000E-03,3.020000E-03
1228.453,2.470000E-03,2.610000E-03,2.830000E-03,2.690000E-03,2.770000E-03,2.930000E-03,2.820000E-03,2.960000E-03,2.720000E-03,2.770000E-03,3.000000E-03,3.030000E-03,2.930000E-03
1230.381,2.780000E-03,2.640000E-03,2.900000E-03,2.770000E-03,2.830000E-03,3.040000E-03,2.930000E-03,3.000000E-03,2.940000E-03,3.020000E-03,3.050000E-03,3.130000E-03,2.980000E-03
1232.31,2.990000E-03,2.870000E-03,3.110000E-03,2.870000E-03,2.970000E-03,3.140000E-03,3.090000E-03,3.080000E-03,3.120000E-03,3.180000E-03,3.160000E-03,3.250000E-03,3.070000E-03
1234.238,2.990000E-03,3.100000E-03,3.280000E-03,3.060000E-03,3.130000E-03,3.290000E-03,3.130000E-03,3.180000E-03,3.170000E-03,3.210000E-03,3.250000E-03,3.270000E-03,3.070000E-03
1236.167,3.120000E-03,3.370000E-03,3.480000E-03,3.290000E-03,3.320000E-03,3.450000E-03,3.240000E-03,3.410000E-03,3.260000E-03,3.330000E-03,3.380000E-03,3.400000E-03,3.260000E-03
1238.095,3.440000E-03,3.610000E-03,3.660000E-03,3.510000E-03,3.580000E-03,3.600000E-03,3.490000E-03,3.630000E-03,3.440000E-03,3.440000E-03,3.540000E-03,3.550000E-03,3.400000E-03
1240.024,3.600000E-03,3.710000E-03,3.730000E-03,3.590000E-03,3.670000E-03,3.730000E-03,3.640000E-03,3.620000E-03,3.520000E-03,3.610000E-03,3.670000E-03,3.600000E-03,3.490000E-03
1241.952,3.710000E-03,3.670000E-03,3.730000E-03,3.570000E-03,3.630000E-03,3.780000E-03,3.630000E-03,3.540000E-03,3.590000E-03,3.600000E-03,3.800000E-03,3.570000E-03,3.590000E-03
1243.881,3.610000E-03,3.550000E-03,3.810000E-03,3.550000E-03,3.600000E-03,3.740000E-03,3.550000E-03,3.550000E-03,3.640000E-03,3.530000E-03,3.640000E-03,3.510000E-03,3.650000E-03
1245.809,3.520000E-03,3.640000E-03,3.900000E-03,3.560000E-03,3.560000E-03,3.660000E-03,3.600000E-03,3.550000E-03,3.620000E-03,3.510000E-03,3.490000E-03,3.550000E-03,3.670000E-03
1247.738,3.660000E-03,3.710000E-03,3.890000E-03,3.560000E-03,3.590000E-03,3.700000E-03,3.710000E-03,3.660000E-03,3.650000E-03,3.500000E-03,3.570000E-03,3.600000E-03,3.610000E-03
1249.666,3.850000E-03,3.690000E-03,3.940000E-03,3.570000E-03,3.630000E-03,3.770000E-03,3.740000E-03,3.840000E-03,3.670000E-03,3.570000E-03,3.640000E-03,3.660000E-03,3.590000E-03
1251.595,3.960000E-03,3.720000E-03,4.000000E-03,3.650000E-03,3.700000E-03,3.810000E-03,3.740000E-03,3.830000E-03,3.770000E-03,3.760000E-03,3.600000E-03,3.730000E-03,3.710000E-03
1253.523,3.960000E-03,3.850000E-03,4.110000E-03,3.870000E-03,3.810000E-03,3.920000E-03,3.750000E-03,3.830000E-03,3.750000E-03,3.790000E-03,3.670000E-03,3.770000E-03,3.780000E-03
1255.452,3.940000E-03,3.820000E-03,4.060000E-03,3.900000E-03,3.860000E-03,3.940000E-03,3.670000E-03,3.800000E-03,3.720000E-03,3.610000E-03,3.750000E-03,3.730000E-03,3.700000E-03
1257.38,3.930000E-03,3.850000E-03,4.120000E-03,3.890000E-03,3.780000E-03,4.020000E-03,3.740000E-03,3.880000E-03,3.780000E-03,3.620000E-03,3.720000E-03,3.740000E-03,3.780000E-03
1259.309,3.890000E-03,3.980000E-03,4.220000E-03,3.980000E-03,3.840000E-03,4.050000E-03,3.950000E-03,4.020000E-03,3.880000E-03,3.810000E-03,3.690000E-03,3.750000E-03,3.850000E-03
1261.237,3.760000E-03,3.870000E-03,4.020000E-03,3.850000E-03,3.810000E-03,3.830000E-03,3.890000E-03,3.840000E-03,3.840000E-03,3.680000E-03,3.720000E-03,3.610000E-03,3.690000E-03
1263.166,3.640000E-03,3.740000E-03,3.930000E-03,3.690000E-03,3.630000E-03,3.870000E-03,3.710000E-03,3.690000E-03,3.800000E-03,3.500000E-03,3.710000E-03,3.490000E-03,3.500000E-03
1265.094,3.610000E-03,3.660000E-03,3.880000E-03,3.600000E-03,3.520000E-03,3.810000E-03,3.660000E-03,3.560000E-03,3.690000E-03,3.460000E-03,3.460000E-03,3.430000E-03,3.470000E-03
1267.023,3.320000E-03,3.490000E-03,3.660000E-03,3.580000E-03,3.450000E-03,3.540000E-03,3.680000E-03,3.360000E-03,3.490000E-03,3.320000E-03,3.210000E-03,3.400000E-03,3.300000E-03
1268.951,3.120000E-03,3.210000E-03,3.560000E-03,3.380000E-03,3.330000E-03,3.360000E-03,3.490000E-03,3.320000E-03,3.340000E-03,3.160000E-03,3.100000E-03,3.270000E-03,3.170000E-03
1270.88,3.010000E-03,2.960000E-03,3.310000E-03,3.110000E-03,3.100000E-03,3.250000E-03,3.200000E-03,3.280000E-03,3.200000E-03,3.040000E-03,2.960000E-03,3.010000E-03,3.030000E-03
1272.808,2.650000E-03,2.570000E-03,3.070000E-03,2.820000E-03,2.850000E-03,2.990000E-03,2.800000E-03,3.050000E-03,2.920000E-03,2.730000E-03,2.680000E-03,2.690000E-03,2.720000E-03
1274.737,2.300000E-03,2.380000E-03,2.960000E-03,2.660000E-03,2.650000E-03,2.820000E-03,2.630000E-03,2.870000E-03,2.810000E-03,2.510000E-03,2.570000E-03,2.580000E-03,2.590000E-03
1276.665,2.230000E-03,2.390000E-03,2.910000E-03,2.700000E-03,2.680000E-03,2.960000E-03,2.770000E-03,2.850000E-03,2.930000E-03,2.580000E-03,2.750000E-03,2.650000E-03,2.680000E-03
1278.594,2.220000E-03,2.260000E-03,2.860000E-03,2.680000E-03,2.780000E-03,2.820000E-03,2.820000E-03,2.900000E-03,2.900000E-03,2.660000E-03,2.810000E-03,2.670000E-03,2.680000E-03
1280.522,2.120000E-03,2.100000E-03,2.800000E-03,2.550000E-03,2.670000E-03,2.640000E-03,2.840000E-03,2.880000E-03,2.770000E-03,2.670000E-03,2.780000E-03,2.690000E-03,2.630000E-03
1282.451,2.080000E-03,1.970000E-03,2.720000E-03,2.400000E-03,2.480000E-03,2.610000E-03,2.790000E-03,2.830000E-03,2.750000E-03,2.650000E-03,2.790000E-03,2.790000E-03,2.610000E-03
1284.379,2.110000E-03,2.030000E-03,2.810000E-03,2.480000E-03,2.470000E-03,2.780000E-03,2.810000E-03,2.980000E-03,2.920000E-03,2.760000E-03,2.890000E-03,2.940000E-03,2.740000E-03
1286.308,2.140000E-03,2.190000E-03,2.990000E-03,2.670000E-03,2.590000E-03,2.920000E-03,2.950000E-03,3.140000E-03,3.000000E-03,2.820000E-03,2.950000E-03,2.910000E-03,2.910000E-03
1288.236,2.060000E-03,2.180000E-03,2.920000E-03,2.640000E-03,2.600000E-03,2.780000E-03,2.970000E-03,3.110000E-03,2.780000E-03,2.640000E-03,2.840000E-03,2.770000E-03,2.830000E-03
1290.165,2.070000E-03,2.170000E-03,2.790000E-03,2.680000E-03,2.550000E-03,2.790000E-03,2.910000E-03,3.070000E-03,2.740000E-03,2.600000E-03,2.750000E-03,2.690000E-03,2.820000E-03
1292.093,2.050000E-03,2.170000E-03,2.720000E-03,2.750000E-03,2.550000E-03,2.760000E-03,2.800000E-03,2.920000E-03,2.860000E-03,2.590000E-03,2.720000E-03,2.540000E-03,2.730000E-03
1294.022,1.940000E-03,2.120000E-03,2.790000E-03,2.650000E-03,2.490000E-03,2.710000E-03,2.780000E-03,2.770000E-03,2.800000E-03,2.420000E-03,2.670000E-03,2.450000E-03,2.490000E-03
1295.95,1.930000E-03,2.090000E-03,2.800000E-03,2.560000E-03,2.400000E-03,2.620000E-03,2.640000E-03,2.680000E-03,2.570000E-03,2.360000E-03,2.460000E-03,2.370000E-03,2.340000E-03
1297.879,1.980000E-03,2.230000E-03,2.670000E-03,2.500000E-03,2.400000E-03,2.530000E-03,2.460000E-03,2.680000E-03,2.490000E-03,2.430000E-03,2.440000E-03,2.410000E-03,2.340000E-03
1299.807,2.020000E-03,2.320000E-03,2.570000E-03,2.520000E-03,2.410000E-03,2.540000E-03,2.460000E-03,2.640000E-03,2.390000E-03,2.450000E-03,2.450000E-03,2.380000E-03,2.320000E-03
1301.736,2.270000E-03,2.380000E-03,2.760000E-03,2.620000E-03,2.570000E-03,2.700000E-03,2.580000E-03,2.690000E-03,2.470000E-03,2.510000E-03,2.470000E-03,2.440000E-03,2.370000E-03
1303.664,2.440000E-03,2.480000E-03,2.970000E-03,2.750000E-03,2.740000E-03,2.860000E-03,2.790000E-03,2.880000E-03,2.800000E-03,2.670000E-03,2.680000E-03,2.540000E-03,2.500000E-03
1305.593,2.340000E-03,2.420000E-03,2.820000E-03,2.720000E-03,2.590000E-03,2.710000E-03,2.670000E-03,2.750000E-03,2.780000E-03,2.540000E-03,2.620000E-03,2.450000E-03,2.300000E-03
1307.521,2.340000E-03,2.390000E-03,2.790000E-03,2.630000E-03,2.450000E-03,2.660000E-03,2.610000E-03,2.640000E-03,2.570000E-03,2.320000E-03,2.510000E-03,2.420000E-03,2.090000E-03
1309.45,2.290000E-03,2.390000E-03,2.900000E-03,2.580000E-03,2.520000E-03,2.710000E-03,2.660000E-03,2.710000E-03,2.610000E-03,2.510000E-03,2.450000E-03,2.480000E-03,2.290000E-03
1311.378,2.370000E-03,2.510000E-03,3.020000E-03,2.700000E-03,2.650000E-03,2.810000E-03,2.780000E-03,2.800000E-03,2.770000E-03,2.700000E-03,2.540000E-03,2.600000E-03,2.580000E-03
1313.307,2.570000E-03,2.670000E-03,3.170000E-03,2.870000E-03,2.820000E-03,2.980000E-03,2.940000E-03,2.900000E-03,2.960000E-03,2.690000E-03,2.780000E-03,2.720000E-03,2.740000E-03
1315.235,2.720000E-03,2.770000E-03,3.170000E-03,2.860000E-03,2.840000E-03,3.060000E-03,3.030000E-03,3.030000E-03,2.970000E-03,2.670000E-03,2.890000E-03,2.720000E-03,2.720000E-03
1317.164,2.750000E-03,2.820000E-03,3.170000E-03,2.920000E-03,2.790000E-03,3.040000E-03,3.110000E-03,3.100000E-03,3.000000E-03,2.820000E-03,2.830000E-03,2.740000E-03,2.730000E-03
1319.092,2.780000E-03,2.870000E-03,3.330000E-03,3.050000E-03,2.900000E-03,3.050000E-03,3.240000E-03,3.110000E-03,3.080000E-03,2.990000E-03,2.890000E-03,2.740000E-03,2.760000E-03
1321.021,2.830000E-03,2.890000E-03,3.420000E-03,3.100000E-03,3.000000E-03,3.180000E-03,3.200000E-03,3.190000E-03,3.020000E-03,2.990000E-03,2.920000E-03,2.760000E-03,2.730000E-03
1322.949,2.920000E-03,2.840000E-03,3.370000E-03,3.090000E-03,3.050000E-03,3.270000E-03,3.100000E-03,3.260000E-03,3.000000E-03,2.930000E-03,2.880000E-03,2.880000E-03,2.780000E-03
1324.878,2.960000E-03,2.940000E-03,3.320000E-03,3.140000E-03,3.110000E-03,3.280000E-03,3.210000E-03,3.270000E-03,3.110000E-03,3.030000E-03,2.990000E-03,2.920000E-03,2.810000E-03
1326.806,3.050000E-03,3.160000E-03,3.430000E-03,3.310000E-03,3.260000E-03,3.300000E-03,3.390000E-03,3.430000E-03,3.250000E-03,3.100000E-03,3.080000E-03,2.950000E-03,2.960000E-03
1328.734,3.180000E-03,3.320000E-03,3.530000E-03,3.370000E-03,3.370000E-03,3.370000E-03,3.400000E-03,3.520000E-03,3.390000E-03,3.100000E-03,3.100000E-03,2.950000E-03,3.060000E-03
1330.663,3.440000E-03,3.470000E-03,3.660000E-03,3.410000E-03,3.540000E-03,3.500000E-03,3.520000E-03,3.590000E-03,3.500000E-03,3.220000E-03,3.270000E-03,3.090000E-03,3.100000E-03
1332.592,3.640000E-03,3.650000E-03,3.870000E-03,3.540000E-03,3.730000E-03,3.640000E-03,3.670000E-03,3.670000E-03,3.620000E-03,3.450000E-03,3.500000E-03,3.240000E-03,3.170000E-03
1334.52,3.770000E-03,3.830000E-03,4.060000E-03,3.690000E-03,3.810000E-03,3.800000E-03,3.710000E-03,3.770000E-03,3.800000E-03,3.620000E-03,3.600000E-03,3.380000E-03,3.380000E-03
1336.448,4.040000E-03,4.100000E-03,4.350000E-03,4.000000E-03,4.020000E-03,4.110000E-03,3.980000E-03,4.150000E-03,4.110000E-03,3.770000E-03,3.870000E-03,3.650000E-03,3.810000E-03
1338.377,4.220000E-03,4.270000E-03,4.680000E-03,4.210000E-03,4.220000E-03,4.270000E-03,4.260000E-03,4.420000E-03,4.280000E-03,3.920000E-03,4.090000E-03,3.910000E-03,4.030000E-03
1340.306,4.280000E-03,4.300000E-03,4.780000E-03,4.320000E-03,4.390000E-03,4.360000E-03,4.440000E-03,4.510000E-03,4.450000E-03,4.190000E-03,4.100000E-03,4.090000E-03,4.030000E-03
1342.234,4.510000E-03,4.510000E-03,5.080000E-03,4.580000E-03,4.590000E-03,4.620000E-03,4.710000E-03,4.820000E-03,4.710000E-03,4.540000E-03,4.270000E-03,4.300000E-03,4.200000E-03
1344.162,4.680000E-03,4.680000E-03,5.190000E-03,4.710000E-03,4.650000E-03,4.750000E-03,4.850000E-03,4.910000E-03,4.710000E-03,4.520000E-03,4.410000E-03,4.260000E-03,4.300000E-03
1346.091,4.650000E-03,4.580000E-03,4.990000E-03,4.690000E-03,4.620000E-03,4.660000E-03,4.720000E-03,4.660000E-03,4.560000E-03,4.310000E-03,4.350000E-03,4.160000E-03,4.110000E-03
1348.02,4.440000E-03,4.330000E-03,4.790000E-03,4.560000E-03,4.440000E-03,4.510000E-03,4.570000E-03,4.510000E-03,4.470000E-03,4.260000E-03,4.200000E-03,4.060000E-03,3.920000E-03
1349.948,4.110000E-03,4.010000E-03,4.550000E-03,4.330000E-03,4.180000E-03,4.300000E-03,4.520000E-03,4.390000E-03,4.380000E-03,4.140000E-03,3.850000E-03,3.850000E-03,3.770000E-03
1351.876,3.800000E-03,3.720000E-03,4.310000E-03,4.030000E-03,3.940000E-03,4.050000E-03,4.370000E-03,4.180000E-03,4.150000E-03,3.850000E-03,3.550000E-03,3.590000E-03,3.660000E-03
1353.805,3.640000E-03,3.700000E-03,4.210000E-03,3.880000E-03,3.940000E-03,3.990000E-03,4.230000E-03,4.130000E-03,4.050000E-03,3.730000E-03,3.550000E-03,3.540000E-03,3.650000E-03
1355.734,3.490000E-03,3.630000E-03,4.060000E-03,3.890000E-03,3.890000E-03,3.910000E-03,4.140000E-03,4.060000E-03,4.000000E-03,3.600000E-03,3.450000E-03,3.460000E-03,3.590000E-03
1357.662,3.400000E-03,3.520000E-03,3.870000E-03,3.770000E-03,3.710000E-03,3.670000E-03,4.050000E-03,3.820000E-03,3.720000E-03,3.430000E-03,3.300000E-03,3.300000E-03,3.420000E-03
1359.59,3.430000E-03,3.420000E-03,3.820000E-03,3.740000E-03,3.730000E-03,3.610000E-03,3.990000E-03,3.710000E-03,3.600000E-03,3.510000E-03,3.260000E-03,3.190000E-03,3.330000E-03
1361.519,3.450000E-03,3.320000E-03,4.030000E-03,3.950000E-03,3.810000E-03,3.770000E-03,4.180000E-03,3.950000E-03,3.840000E-03,3.640000E-03,3.410000E-03,3.360000E-03,3.510000E-03
1363.448,3.390000E-03,3.290000E-03,4.050000E-03,3.920000E-03,3.760000E-03,3.910000E-03,4.270000E-03,4.030000E-03,3.890000E-03,3.610000E-03,3.550000E-03,3.520000E-03,3.610000E-03
1365.376,3.350000E-03,3.390000E-03,3.900000E-03,3.720000E-03,3.620000E-03,3.930000E-03,4.090000E-03,3.920000E-03,3.850000E-03,3.580000E-03,3.510000E-03,3.490000E-03,3.560000E-03
1367.304,3.310000E-03,3.430000E-03,3.910000E-03,3.690000E-03,3.650000E-03,3.890000E-03,3.910000E-03,4.030000E-03,3.920000E-03,3.670000E-03,3.540000E-03,3.530000E-03,3.450000E-03
1369.233,3.330000E-03,3.440000E-03,4.050000E-03,3.790000E-03,3.850000E-03,4.030000E-03,4.050000E-03,4.240000E-03,4.040000E-03,3.840000E-03,3.720000E-03,3.670000E-03,3.550000E-03
1371.161,3.290000E-03,3.370000E-03,3.960000E-03,3.770000E-03,3.800000E-03,4.000000E-03,4.040000E-03,4.120000E-03,3.970000E-03,3.800000E-03,3.760000E-03,3.580000E-03,3.710000E-03
1373.09,3.260000E-03,3.200000E-03,3.800000E-03,3.670000E-03,3.660000E-03,3.770000E-03,3.860000E-03,3.860000E-03,3.750000E-03,3.680000E-03,3.570000E-03,3.500000E-03,3.610000E-03
1375.018,3.420000E-03,3.210000E-03,3.860000E-03,3.660000E-03,3.630000E-03,3.820000E-03,3.910000E-03,3.800000E-03,3.740000E-03,3.660000E-03,3.530000E-03,3.600000E-03,3.500000E-03
1376.947,3.470000E-03,3.220000E-03,3.910000E-03,3.660000E-03,3.630000E-03,3.900000E-03,3.980000E-03,3.840000E-03,3.680000E-03,3.660000E-03,3.640000E-03,3.660000E-03,3.550000E-03
1378.875,3.420000E-03,3.190000E-03,3.900000E-03,3.710000E-03,3.710000E-03,3.810000E-03,3.950000E-03,3.880000E-03,3.660000E-03,3.630000E-03,3.630000E-03,3.570000E-03,3.610000E-03
1380.804,3.350000E-03,3.360000E-03,3.910000E-03,3.730000E-03,3.790000E-03,3.750000E-03,3.910000E-03,3.960000E-03,3.800000E-03,3.680000E-03,3.590000E-03,3.600000E-03,3.640000E-03
1382.732,3.340000E-03,3.460000E-03,3.920000E-03,3.710000E-03,3.700000E-03,3.670000E-03,3.910000E-03,3.960000E-03,3.870000E-03,3.710000E-03,3.640000E-03,3.590000E-03,3.640000E-03
1384.661,3.440000E-03,3.380000E-03,3.970000E-03,3.660000E-03,3.580000E-03,3.750000E-03,3.840000E-03,3.880000E-03,3.800000E-03,3.630000E-03,3.640000E-03,3.530000E-03,3.680000E-03
1386.589,3.660000E-03,3.460000E-03,4.120000E-03,3.840000E-03,3.750000E-03,3.900000E-03,3.920000E-03,3.990000E-03,3.920000E-03,3.780000E-03,3.700000E-03,3.700000E-03,3.900000E-03
1388.518,3.770000E-03,3.550000E-03,4.090000E-03,3.960000E-03,3.890000E-03,3.980000E-03,4.040000E-03,4.180000E-03,4.070000E-03,3.950000E-03,3.850000E-03,3.820000E-03,4.010000E-03
1390.446,3.810000E-03,3.730000E-03,4.140000E-03,4.020000E-03,4.070000E-03,4.150000E-03,4.190000E-03,4.230000E-03,4.210000E-03,4.060000E-03,4.060000E-03,3.950000E-03,4.020000E-03
1392.375,3.910000E-03,3.910000E-03,4.390000E-03,4.220000E-03,4.230000E-03,4.320000E-03,4.440000E-03,4.380000E-03,4.380000E-03,4.280000E-03,4.250000E-03,4.170000E-03,4.310000E-03
1394.303,3.920000E-03,3.990000E-03,4.560000E-03,4.280000E-03,4.270000E-03,4.390000E-03,4.600000E-03,4.600000E-03,4.470000E-03,4.380000E-03,4.400000E-03,4.380000E-03,4.440000E-03
1396.232,4.110000E-03,4.250000E-03,4.790000E-03,4.590000E-03,4.500000E-03,4.820000E-03,4.910000E-03,4.940000E-03,4.770000E-03,4.700000E-03,4.710000E-03,4.800000E-03,4.760000E-03
1398.16,4.270000E-03,4.420000E-03,4.900000E-03,4.820000E-03,4.730000E-03,5.080000E-03,5.030000E-03,5.210000E-03,4.850000E-03,4.980000E-03,4.990000E-03,5.080000E-03,5.030000E-03
1400.089,4.360000E-03,4.460000E-03,5.030000E-03,4.840000E-03,4.880000E-03,5.110000E-03,5.090000E-03,5.280000E-03,4.980000E-03,5.100000E-03,5.160000E-03,5.200000E-03,5.200000E-03
1402.017,4.670000E-03,4.710000E-03,5.330000E-03,5.080000E-03,5.100000E-03,5.350000E-03,5.370000E-03,5.400000E-03,5.320000E-03,5.300000E-03,5.420000E-03,5.400000E-03,5.500000E-03
1403.946,4.920000E-03,4.930000E-03,5.550000E-03,5.350000E-03,5.260000E-03,5.530000E-03,5.600000E-03,5.520000E-03,5.480000E-03,5.360000E-03,5.510000E-03,5.380000E-03,5.480000E-03
1405.874,4.810000E-03,4.960000E-03,5.540000E-03,5.330000E-03,5.240000E-03,5.460000E-03,5.550000E-03,5.490000E-03,5.310000E-03,5.250000E-03,5.340000E-03,5.190000E-03,5.230000E-03
1407.803,4.800000E-03,5.020000E-03,5.540000E-03,5.220000E-03,5.220000E-03,5.360000E-03,5.420000E-03,5.490000E-03,5.210000E-03,5.180000E-03,5.200000E-03,5.180000E-03,5.180000E-03
1409.731,4.940000E-03,5.030000E-03,5.470000E-03,5.130000E-03,5.210000E-03,5.300000E-03,5.270000E-03,5.410000E-03,5.150000E-03,5.170000E-03,5.110000E-03,5.170000E-03,5.060000E-03
1411.66,5.170000E-03,5.090000E-03,5.500000E-03,5.140000E-03,5.240000E-03,5.280000E-03,5.300000E-03,5.440000E-03,5.200000E-03,5.130000E-03,5.060000E-03,5.140000E-03,4.930000E-03
1413.588,5.270000E-03,5.250000E-03,5.550000E-03,5.260000E-03,5.350000E-03,5.250000E-03,5.270000E-03,5.430000E-03,5.220000E-03,5.080000E-03,5.130000E-03,5.010000E-03,4.910000E-03
1415.517,5.240000E-03,5.280000E-03,5.600000E-03,5.250000E-03,5.320000E-03,5.250000E-03,5.140000E-03,5.420000E-03,5.190000E-03,5.050000E-03,5.150000E-03,4.970000E-03,4.970000E-03
1417.445,5.300000E-03,5.240000E-03,5.600000E-03,5.140000E-03,5.160000E-03,5.190000E-03,5.090000E-03,5.340000E-03,5.010000E-03,4.990000E-03,4.950000E-03,4.880000E-03,4.880000E-03
1419.374,5.300000E-03,5.140000E-03,5.630000E-03,5.190000E-03,4.980000E-03,5.090000E-03,5.120000E-03,5.260000E-03,4.910000E-03,4.970000E-03,4.880000E-03,4.700000E-03,4.790000E-03
1421.302,5.200000E-03,5.030000E-03,5.600000E-03,5.120000E-03,5.030000E-03,5.110000E-03,5.110000E-03,5.150000E-03,4.990000E-03,4.960000E-03,4.880000E-03,4.600000E-03,4.790000E-03
1423.231,5.250000E-03,5.070000E-03,5.560000E-03,5.080000E-03,5.200000E-03,5.220000E-03,5.090000E-03,5.150000E-03,5.070000E-03,5.040000E-03,4.920000E-03,4.630000E-03,4.770000E-03
1425.159,5.250000E-03,5.180000E-03,5.550000E-03,5.190000E-03,5.220000E-03,5.280000E-03,5.200000E-03,5.230000E-03,5.090000E-03,5.100000E-03,4.950000E-03,4.680000E-03,4.780000E-03
1427.088,5.120000E-03,5.160000E-03,5.480000E-03,5.120000E-03,5.140000E-03,5.140000E-03,5.180000E-03,5.230000E-03,5.020000E-03,5.020000E-03,4.900000E-03,4.620000E-03,4.770000E-03
1429.016,5.080000E-03,5.100000E-03,5.410000E-03,5.030000E-03,4.990000E-03,4.990000E-03,5.030000E-03,5.200000E-03,4.910000E-03,4.960000E-03,4.800000E-03,4.590000E-03,4.720000E-03
1430.945,5.050000E-03,5.060000E-03,5.410000E-03,5.110000E-03,4.870000E-03,4.960000E-03,5.010000E-03,5.130000E-03,4.850000E-03,4.920000E-03,4.850000E-03,4.570000E-03,4.670000E-03
1432.873,4.830000E-03,4.950000E-03,5.240000E-03,5.010000E-03,4.810000E-03,4.830000E-03,4.820000E-03,5.020000E-03,4.770000E-03,4.720000E-03,4.760000E-03,4.510000E-03,4.610000E-03
1434.802,4.520000E-03,4.650000E-03,4.980000E-03,4.760000E-03,4.710000E-03,4.610000E-03,4.520000E-03,4.720000E-03,4.550000E-03,4.440000E-03,4.490000E-03,4.250000E-03,4.360000E-03
1436.73,4.390000E-03,4.440000E-03,4.910000E-03,4.600000E-03,4.540000E-03,4.520000E-03,4.450000E-03,4.570000E-03,4.440000E-03,4.340000E-03,4.240000E-03,4.020000E-03,4.180000E-03
1438.659,4.360000E-03,4.480000E-03,4.970000E-03,4.520000E-03,4.390000E-03,4.520000E-03,4.550000E-03,4.670000E-03,4.500000E-03,4.410000E-03,4.140000E-03,4.150000E-03,4.170000E-03
1440.587,4.360000E-03,4.430000E-03,4.880000E-03,4.390000E-03,4.340000E-03,4.490000E-03,4.530000E-03,4.590000E-03,4.450000E-03,4.340000E-03,4.190000E-03,4.170000E-03,4.070000E-03
1442.516,4.270000E-03,4.270000E-03,4.750000E-03,4.440000E-03,4.280000E-03,4.410000E-03,4.420000E-03,4.420000E-03,4.360000E-03,4.260000E-03,4.250000E-03,3.980000E-03,3.980000E-03
1444.444,4.120000E-03,4.110000E-03,4.710000E-03,4.350000E-03,4.160000E-03,4.320000E-03,4.330000E-03,4.280000E-03,4.190000E-03,4.170000E-03,4.170000E-03,3.870000E-03,3.950000E-03
1446.373,4.020000E-03,4.030000E-03,4.570000E-03,4.090000E-03,4.130000E-03,4.270000E-03,4.130000E-03,4.200000E-03,4.060000E-03,3.990000E-03,3.970000E-03,3.820000E-03,3.860000E-03
1448.301,4.010000E-03,3.990000E-03,4.600000E-03,4.110000E-03,4.170000E-03,4.260000E-03,4.100000E-03,4.220000E-03,4.030000E-03,3.950000E-03,3.920000E-03,3.800000E-03,3.810000E-03
1450.23,4.110000E-03,4.100000E-03,4.670000E-03,4.330000E-03,4.330000E-03,4.340000E-03,4.200000E-03,4.340000E-03,4.060000E-03,4.090000E-03,4.040000E-03,3.900000E-03,3.870000E-03
1452.158,4.160000E-03,4.250000E-03,4.830000E-03,4.410000E-03,4.450000E-03,4.400000E-03,4.330000E-03,4.400000E-03,4.190000E-03,4.210000E-03,4.080000E-03,3.900000E-03,3.930000E-03
1454.087,4.180000E-03,4.420000E-03,5.000000E-03,4.410000E-03,4.410000E-03,4.390000E-03,4.410000E-03,4.350000E-03,4.280000E-03,4.270000E-03,4.070000E-03,3.880000E-03,4.010000E-03
1456.015,4.270000E-03,4.440000E-03,4.870000E-03,4.230000E-03,4.220000E-03,4.260000E-03,4.340000E-03,4.320000E-03,4.160000E-03,4.160000E-03,3.990000E-03,3.880000E-03,3.990000E-03
1457.944,4.150000E-03,4.160000E-03,4.580000E-03,4.020000E-03,3.970000E-03,3.970000E-03,4.100000E-03,4.300000E-03,3.990000E-03,3.900000E-03,3.940000E-03,3.780000E-03,3.750000E-03
1459.872,3.710000E-03,3.720000E-03,4.090000E-03,3.790000E-03,3.680000E-03,3.740000E-03,3.770000E-03,4.060000E-03,3.700000E-03,3.710000E-03,3.720000E-03,3.510000E-03,3.540000E-03
1461.801,3.280000E-03,3.280000E-03,3.670000E-03,3.430000E-03,3.290000E-03,3.470000E-03,3.520000E-03,3.620000E-03,3.330000E-03,3.440000E-03,3.350000E-03,3.150000E-03,3.230000E-03
1463.729,2.840000E-03,2.810000E-03,3.280000E-03,3.000000E-03,2.800000E-03,3.130000E-03,3.220000E-03,3.210000E-03,2.930000E-03,3.060000E-03,2.890000E-03,2.830000E-03,2.790000E-03
1465.658,2.440000E-03,2.470000E-03,3.100000E-03,2.770000E-03,2.630000E-03,2.860000E-03,2.970000E-03,2.920000E-03,2.570000E-03,2.770000E-03,2.620000E-03,2.610000E-03,2.560000E-03
1467.586,2.160000E-03,2.290000E-03,3.010000E-03,2.580000E-03,2.570000E-03,2.730000E-03,2.840000E-03,2.760000E-03,2.440000E-03,2.560000E-03,2.540000E-03,2.470000E-03,2.440000E-03
1469.515,1.860000E-03,1.980000E-03,2.590000E-03,2.220000E-03,2.230000E-03,2.430000E-03,2.370000E-03,2.410000E-03,2.230000E-03,2.180000E-03,2.290000E-03,2.140000E-03,2.160000E-03
1471.443,1.520000E-03,1.600000E-03,2.050000E-03,1.790000E-03,1.820000E-03,1.940000E-03,1.810000E-03,2.130000E-03,1.750000E-03,1.750000E-03,1.940000E-03,1.660000E-03,1.810000E-03
1473.372,1.160000E-03,1.200000E-03,1.730000E-03,1.610000E-03,1.580000E-03,1.560000E-03,1.570000E-03,1.930000E-03,1.400000E-03,1.460000E-03,1.600000E-03,1.310000E-03,1.530000E-03
1475.3,1.020000E-03,1.050000E-03,1.650000E-03,1.570000E-03,1.490000E-03,1.520000E-03,1.620000E-03,1.760000E-03,1.400000E-03,1.450000E-03,1.550000E-03,1.290000E-03,1.400000E-03
1477.229,1.050000E-03,1.040000E-03,1.680000E-03,1.540000E-03,1.350000E-03,1.520000E-03,1.600000E-03,1.640000E-03,1.500000E-03,1.520000E-03,1.530000E-03,1.350000E-03,1.370000E-03
1479.157,9.323800E-04,8.728350E-04,1.610000E-03,1.420000E-03,1.160000E-03,1.440000E-03,1.380000E-03,1.520000E-03,1.450000E-03,1.480000E-03,1.360000E-03,1.260000E-03,1.270000E-03
1481.086,5.970270E-04,6.633090E-04,1.360000E-03,1.100000E-03,9.687170E-04,1.230000E-03,1.080000E-03,1.390000E-03,1.210000E-03,1.280000E-03,1.170000E-03,1.060000E-03,1.100000E-03
1483.014,3.271970E-04,4.770580E-04,1.140000E-03,8.027780E-04,8.584220E-04,1.040000E-03,1.000000E-03,1.230000E-03,9.164680E-04,1.120000E-03,9.975540E-04,8.591120E-04,8.931390E-04
1484.943,2.891510E-04,3.376530E-04,1.120000E-03,8.225920E-04,8.106860E-04,1.030000E-03,9.415410E-04,1.110000E-03,7.158830E-04,1.030000E-03,9.262210E-04,7.623320E-04,7.572250E-04
1486.871,1.774940E-04,2.150680E-04,9.378540E-04,7.332460E-04,7.451430E-04,1.010000E-03,7.283000E-04,9.972820E-04,5.762350E-04,8.838040E-04,7.848680E-04,5.797640E-04,7.406830E-04
1488.8,9.784320E-05,1.616840E-04,7.719100E-04,6.044730E-04,7.698170E-04,9.840880E-04,7.043330E-04,9.554350E-04,4.886540E-04,7.755560E-04,6.724550E-04,5.226150E-04,7.271290E-04
1490.728,1.031540E-04,1.474670E-04,8.095120E-04,6.367030E-04,6.897170E-04,8.776460E-04,7.192990E-04,9.423790E-04,5.110710E-04,7.240490E-04,7.075830E-04,5.821370E-04,6.841370E-04
1492.657,1.314410E-04,1.766310E-04,8.424660E-04,6.753360E-04,6.209710E-04,8.303090E-04,7.150500E-04,9.333600E-04,6.415730E-04,8.869700E-04,7.848200E-04,6.526480E-04,6.749230E-04
1494.585,1.483190E-04,1.413700E-04,7.781600E-04,6.295430E-04,5.585090E-04,7.875380E-04,6.484280E-04,8.646200E-04,6.370440E-04,8.413830E-04,8.065580E-04,5.939500E-04,6.741210E-04
1496.514,6.878320E-05,7.929200E-05,7.529320E-04,5.404260E-04,4.205600E-04,7.000400E-04,5.206020E-04,8.026740E-04,5.282380E-04,5.772350E-04,6.834150E-04,4.940100E-04,5.372570E-04
1498.442,-5.444880E-05,-1.603480E-05,7.475750E-04,5.031220E-04,3.866540E-04,6.605710E-04,5.106730E-04,7.713570E-04,5.331930E-04,4.869380E-04,5.748230E-04,4.567230E-04,4.867450E-04
1500.371,-5.979050E-05,2.549330E-05,7.758020E-04,6.081130E-04,4.912700E-04,7.219040E-04,5.647900E-04,8.611670E-04,5.892080E-04,6.300490E-04,6.163500E-04,5.022830E-04,5.932710E-04
1502.299,-5.185900E-06,5.255060E-05,7.242260E-04,6.379350E-04,4.668670E-04,7.028170E-04,6.837280E-04,9.587840E-04,5.324640E-04,7.446520E-04,7.918470E-04,6.862050E-04,7.256190E-04
1504.228,5.359850E-05,-9.243240E-05,5.628320E-04,4.844460E-04,3.009160E-04,5.441510E-04,6.371330E-04,7.790460E-04,3.829660E-04,6.173540E-04,7.186840E-04,6.144860E-04,6.511250E-04
1506.156,7.286800E-05,-2.883060E-04,4.152560E-04,2.874130E-04,1.149430E-04,3.810190E-04,2.849500E-04,4.926140E-04,2.474120E-04,4.010570E-04,4.307420E-04,3.362480E-04,3.854230E-04
1508.085,7.221840E-05,-3.108420E-04,4.795920E-04,4.544730E-04,2.709270E-04,5.336680E-04,3.065570E-04,5.758600E-04,4.179830E-04,5.617080E-04,5.489290E-04,3.685290E-04,4.021190E-04
1510.013,1.716400E-05,-3.209360E-04,5.513520E-04,6.029960E-04,3.637520E-04,7.053890E-04,5.669320E-04,8.084990E-04,5.749740E-04,6.708210E-04,7.200970E-04,5.710110E-04,5.996970E-04
1511.942,2.677440E-05,-1.501230E-04,6.182090E-04,6.692690E-04,4.573560E-04,7.932390E-04,7.920790E-04,1.040000E-03,6.412660E-04,7.906530E-04,8.971140E-04,7.789520E-04,8.199630E-04
1513.87,6.466290E-05,1.025390E-04,6.706450E-04,7.774380E-04,6.693080E-04,9.490880E-04,9.800410E-04,1.210000E-03,7.409660E-04,1.050000E-03,1.130000E-03,1.010000E-03,9.870310E-04
1515.799,-8.890870E-05,1.911370E-05,6.028690E-04,7.528790E-04,8.345470E-04,9.868330E-04,1.100000E-03,1.310000E-03,7.005450E-04,1.210000E-03,1.220000E-03,1.150000E-03,1.100000E-03
1517.727,-8.368650E-05,-1.244800E-04,7.068820E-04,9.166820E-04,1.030000E-03,1.210000E-03,1.150000E-03,1.450000E-03,8.999200E-04,1.470000E-03,1.430000E-03,1.360000E-03,1.320000E-03
1519.656,6.921600E-05,-7.751500E-05,8.935530E-04,1.110000E-03,1.130000E-03,1.480000E-03,1.420000E-03,1.550000E-03,1.190000E-03,1.640000E-03,1.690000E-03,1.630000E-03,1.630000E-03
1521.584,-1.736170E-05,-1.059140E-04,1.070000E-03,1.120000E-03,1.220000E-03,1.520000E-03,1.720000E-03,1.770000E-03,1.330000E-03,1.660000E-03,1.750000E-03,1.830000E-03,1.890000E-03
1523.513,-9.798730E-05,-9.642960E-05,1.180000E-03,1.280000E-03,1.390000E-03,1.600000E-03,1.880000E-03,2.110000E-03,1.610000E-03,1.910000E-03,2.010000E-03,2.130000E-03,2.090000E-03
1525.441,-8.658700E-05,-6.923130E-05,1.100000E-03,1.330000E-03,1.340000E-03,1.550000E-03,1.780000E-03,2.140000E-03,1.650000E-03,2.000000E-03,2.200000E-03,2.090000E-03,2.070000E-03
1527.37,-3.594250E-05,3.161260E-05,9.523010E-04,1.190000E-03,1.260000E-03,1.480000E-03,1.600000E-03,2.010000E-03,1.580000E-03,1.910000E-03,2.000000E-03,1.880000E-03,1.930000E-03
1529.298,-2.835280E-06,1.168330E-04,8.297530E-04,9.813610E-04,1.140000E-03,1.310000E-03,1.360000E-03,1.680000E-03,1.390000E-03,1.660000E-03,1.630000E-03,1.610000E-03,1.670000E-03
1531.227,-3.155380E-05,6.686380E-05,6.966950E-04,7.571120E-04,8.727250E-04,1.020000E-03,1.090000E-03,1.350000E-03,9.846290E-04,1.310000E-03,1.180000E-03,1.290000E-03,1.220000E-03
1533.155,-9.917850E-05,-1.266220E-04,4.801030E-04,4.941560E-04,5.445570E-04,5.824280E-04,7.532640E-04,9.694020E-04,5.399530E-04,8.858780E-04,7.756450E-04,9.006180E-04,7.428110E-04
1535.084,1.069100E-05,-4.314390E-05,4.566700E-04,4.392700E-04,3.476720E-04,5.312040E-04,5.833360E-04,8.304540E-04,4.413530E-04,8.223390E-04,8.129820E-04,6.907680E-04,5.298970E-04
1537.012,-1.283680E-05,2.983950E-05,3.176100E-04,3.703970E-04,9.789750E-05,4.676540E-04,3.686790E-04,5.751320E-04,2.236200E-04,6.174820E-04,6.718400E-04,4.140610E-04,2.801350E-04
1538.941,-1.306520E-04,-1.038370E-05,5.518630E-05,1.193600E-04,-1.073610E-04,1.930060E-04,1.498610E-04,3.263430E-04,-8.115010E-05,2.335940E-04,1.498670E-04,-1.725890E-05,3.938100E-05
1540.869,-1.094540E-04,-4.903830E-05,3.441900E-05,7.219610E-05,-8.810100E-05,1.525510E-04,1.808800E-04,2.782440E-04,-3.844020E-05,1.475470E-04,6.275480E-05,-1.896470E-04,-1.511130E-06
1542.798,-2.572590E-05,-6.382840E-05,8.425300E-05,1.193290E-04,2.624630E-05,2.066530E-04,2.863300E-04,2.675880E-04,8.991710E-06,1.942480E-04,1.967720E-04,-4.817610E-05,8.603500E-05
1544.726,6.840760E-06,-2.475040E-06,1.211040E-04,6.710080E-05,5.256260E-05,1.621040E-04,2.666620E-04,3.093630E-04,-1.058040E-04,2.298010E-04,2.551600E-04,-4.900230E-05,3.601290E-05
1546.655,3.397150E-05,9.785880E-05,2.163160E-04,3.989620E-05,6.441490E-05,2.934650E-04,2.130460E-04,4.398140E-04,-1.837250E-05,3.317930E-04,3.270970E-04,-6.006230E-05,2.785900E-05
1548.583,-6.477780E-06,1.090660E-04,2.152430E-04,1.091610E-04,9.745610E-05,4.421250E-04,2.583070E-04,5.779150E-04,7.058640E-05,3.898050E-04,3.343240E-04,-1.412270E-06,5.767690E-05
1550.512,-2.098900E-05,9.265240E-05,2.481520E-04,1.191920E-04,7.413740E-05,4.373460E-04,2.428630E-04,4.832410E-04,5.213140E-05,3.563170E-04,3.088210E-04,-2.594230E-05,1.644300E-05
1552.44,-1.236790E-04,-3.548220E-05,1.777880E-04,-2.585950E-05,-6.201840E-05,2.597380E-04,4.401280E-05,3.421160E-04,-1.177800E-04,2.677700E-04,1.721190E-04,-1.682820E-04,-7.870910E-05
1554.369,-1.625390E-04,-1.805760E-04,1.377520E-05,-1.818870E-04,-2.005560E-04,2.154050E-05,-4.824200E-05,2.566380E-04,-3.881790E-04,9.213150E-05,-4.809400E-05,-2.780420E-04,-1.147030E-04
1556.297,-1.517410E-04,-2.062170E-04,-1.834300E-05,-2.568530E-04,-3.016410E-04,-1.066530E-04,1.042870E-05,4.991520E-05,-5.491910E-04,6.084340E-06,-8.978620E-05,-3.914320E-04,-2.010750E-04
1558.226,-1.603280E-04,-2.793780E-04,-1.430610E-04,-3.674080E-04,-4.749470E-04,-2.397230E-04,-2.441250E-04,-2.549570E-04,-7.155420E-04,-2.709740E-04,-2.911460E-04,-6.578620E-04,-5.427290E-04
1560.154,-1.472240E-04,-2.652430E-04,-1.315150E-04,-2.749730E-04,-3.489010E-04,-1.067360E-04,-2.643630E-04,-1.902660E-04,-5.542390E-04,-2.379910E-04,-3.312750E-04,-5.316120E-04,-4.495410E-04
1562.083,-5.251460E-05,-1.048370E-04,2.591260E-05,-2.805440E-05,-5.601500E-05,1.839870E-04,4.074160E-05,9.485550E-05,-1.190610E-04,1.142400E-04,-6.570700E-05,-2.260220E-04,-1.647170E-05
1564.011,-3.090490E-05,-7.624180E-05,8.295600E-05,3.050060E-05,-5.801230E-05,1.465900E-04,1.030910E-04,1.711560E-04,-7.377660E-05,3.021000E-04,-6.325970E-06,-2.323920E-04,6.196650E-05
1565.94,-4.887820E-05,5.537990E-05,1.755840E-04,1.212290E-04,4.136710E-05,2.325870E-04,1.674090E-04,2.635340E-04,-9.096140E-05,3.184250E-04,1.049720E-04,-2.139210E-04,9.162970E-05
1567.868,-2.373340E-06,1.157660E-04,2.320160E-04,1.850240E-04,1.586540E-05,3.727380E-04,2.877210E-04,2.101660E-04,-6.838100E-05,1.428740E-04,7.550490E-05,-1.874090E-04,6.045790E-05
1569.797,9.418300E-05,9.261810E-05,1.682510E-04,2.263680E-04,-7.939830E-05,3.482680E-04,3.354320E-04,1.056180E-04,-2.637740E-05,-7.149130E-05,2.430620E-05,-2.276870E-04,-4.309890E-05
1571.725,2.912040E-04,7.631280E-05,2.966940E-04,2.864210E-04,9.811810E-05,4.185780E-04,3.867960E-04,1.688970E-04,1.550290E-04,-8.602160E-06,1.179490E-04,-1.837650E-04,-8.272070E-05
1573.654,3.506190E-04,5.082140E-05,3.743930E-04,1.533850E-04,1.145680E-04,4.328780E-04,4.318920E-04,1.775680E-04,3.648760E-05,1.020120E-05,1.325510E-04,-2.033830E-04,-7.428760E-05
1575.582,2.362760E-04,1.994310E-05,1.611210E-04,1.917470E-05,-1.572290E-04,2.138670E-04,3.146210E-04,-2.814110E-05,-3.057840E-04,-2.462330E-04,-8.603630E-05,-3.357610E-04,-3.032490E-04
1577.511,1.879500E-04,-2.408040E-05,5.190410E-05,1.014680E-04,-9.694690E-05,1.388950E-04,2.399620E-04,-7.759910E-05,-2.396810E-04,-1.728400E-04,-7.335000E-06,-3.800890E-04,-3.568360E-04
1579.439,1.762880E-04,-2.199560E-05,9.320150E-05,2.066500E-04,1.065040E-04,2.285310E-04,2.916120E-04,-7.057170E-05,-4.856020E-06,-6.265430E-05,2.119480E-04,-3.340370E-04,-1.946270E-04
1581.368,4.995990E-05,-6.937010E-05,2.357870E-05,1.010790E-04,5.524980E-05,1.918500E-04,2.437380E-04,-2.548100E-04,3.569040E-05,-1.452120E-04,6.959940E-05,-4.170290E-04,-2.481220E-04
1583.296,3.475850E-05,-8.313340E-05,-4.234690E-05,-6.404660E-05,7.301010E-05,1.373200E-04,1.914550E-04,-2.733640E-04,-3.610620E-05,-2.181360E-04,3.199250E-05,-3.198200E-04,-2.515040E-04
1585.225,1.421040E-04,-3.756780E-05,-1.742670E-04,-4.835730E-05,7.134050E-05,1.283540E-04,1.763400E-04,-2.196690E-04,-1.530210E-04,-2.886930E-04,7.188380E-05,-2.465600E-04,-2.453400E-04
1587.153,2.111980E-04,-1.486010E-05,-3.288310E-04,6.815270E-05,-8.487120E-05,4.274990E-06,1.813300E-04,-1.907760E-04,-2.752140E-04,-2.484570E-04,-9.243310E-05,-3.771610E-04,-2.940420E-04
1589.082,3.694260E-04,1.583720E-04,-8.822910E-05,2.722200E-04,1.657820E-05,6.067420E-05,3.728260E-04,1.081520E-05,-2.161370E-04,-1.915430E-05,-5.181180E-05,-1.928600E-04,-6.771720E-05
1591.01,3.504000E-04,1.649520E-04,1.303010E-04,2.375590E-04,4.161750E-05,4.227790E-06,2.776840E-04,-1.804590E-05,-8.758100E-05,-1.300980E-04,2.617130E-05,-1.022820E-04,-5.539910E-05
1592.939,1.626960E-04,6.726470E-05,3.842300E-05,9.549040E-05,-2.087920E-05,-9.507100E-05,7.316240E-05,-2.277210E-04,-7.561350E-05,-2.940460E-04,-6.067740E-05,-1.980610E-04,-1.833850E-04
1594.867,1.647770E-04,1.103940E-06,-9.423300E-05,-7.823260E-05,-1.482940E-04,-1.374560E-04,7.881540E-05,-3.415900E-04,-1.530620E-04,-3.466300E-04,-1.807040E-04,-2.835930E-04,-1.735470E-04
1596.796,2.077850E-04,5.795800E-05,-1.383030E-04,-2.873940E-04,-1.886650E-04,-2.578340E-04,4.476930E-05,-3.477590E-04,-2.491500E-04,-3.009570E-04,-2.033530E-04,-3.130620E-04,-1.263720E-04
1598.724,1.456440E-04,1.009300E-04,-3.994590E-05,-2.852090E-04,-1.506960E-04,-2.487280E-04,3.364050E-05,-2.657110E-04,-2.284250E-04,-2.767110E-04,-1.056500E-04,-1.603140E-04,-8.822400E-05
1600.653,9.553610E-05,4.133310E-05,3.866220E-05,-1.262380E-04,-1.388580E-04,-2.244680E-04,1.163450E-04,-1.623490E-04,-9.578610E-05,-1.671080E-04,-4.248650E-06,-5.274300E-05,-2.265950E-05
1602.581,1.601820E-04,-1.133790E-04,3.026420E-05,-1.936880E-05,-8.406450E-05,-1.059960E-04,1.900040E-04,-4.595550E-05,-4.002940E-05,-8.480030E-05,4.097450E-05,1.640540E-05,-5.341140E-05
1604.51,-2.645860E-05,-3.394980E-04,-1.758770E-04,-1.353640E-04,-1.576020E-04,-2.524370E-04,3.856600E-05,-1.058130E-04,-2.319240E-04,-3.877430E-04,-4.536430E-05,-6.668380E-05,-1.627270E-04
1606.438,-1.832070E-04,-3.991950E-04,-3.305350E-04,-2.268010E-04,-3.471750E-04,-3.817170E-04,-1.164980E-04,-2.498090E-04,-4.405520E-04,-5.673920E-04,-2.001010E-04,-2.114850E-04,-1.572090E-04
1608.367,-2.051390E-04,-3.353480E-04,-3.422600E-04,-9.246610E-05,-3.543450E-04,-3.271990E-04,-9.073570E-05,-2.225940E-04,-4.173190E-04,-4.319750E-04,-2.051600E-04,-2.710450E-04,-7.169240E-05
1610.295,-1.049520E-04,-1.113040E-04,-1.900220E-04,3.604590E-05,-1.175880E-04,-2.566340E-04,1.047370E-04,-5.068090E-05,-1.613790E-04,-1.537540E-04,2.566780E-05,-1.050090E-04,6.538140E-05
1612.224,-1.232970E-06,6.600210E-05,-7.041740E-05,9.625120E-05,-5.489770E-06,-1.192130E-04,2.352970E-04,1.270670E-04,4.470290E-05,-2.954720E-05,1.862490E-04,-1.052270E-05,2.786190E-04
1614.152,-1.479680E-04,-1.501960E-04,-1.980180E-04,-1.349740E-04,-2.595670E-04,-1.422500E-04,5.925190E-05,-2.396210E-05,-5.381350E-05,-1.411660E-04,1.936510E-05,-4.119180E-05,2.485520E-04
1616.081,-3.057310E-04,-4.010250E-04,-3.054680E-04,-3.931480E-04,-5.141150E-04,-3.343880E-04,-6.302450E-05,-2.566700E-04,-3.206130E-04,-2.658790E-04,-1.043240E-04,-2.246060E-04,3.191970E-05
1618.009,-3.023700E-04,-1.588310E-04,-9.369640E-05,-2.720490E-04,-3.391900E-04,-2.396520E-04,1.795440E-04,4.157740E-05,-1.269490E-04,-1.864080E-04,1.641720E-04,-2.299480E-05,2.686930E-04
1619.938,-4.101420E-04,2.329730E-05,7.233230E-05,-4.078140E-05,-1.056460E-04,-6.837920E-05,3.745170E-04,2.567580E-04,-6.405140E-07,-7.744110E-05,3.394330E-04,4.154210E-04,5.415010E-04
1621.866,-3.014810E-04,-1.242990E-04,2.354700E-05,3.832180E-05,1.006700E-04,6.998720E-05,5.204820E-04,2.346580E-04,1.414920E-04,6.355000E-05,3.539000E-04,5.529220E-04,6.281550E-04
1623.795,-5.233500E-05,-1.101260E-04,1.703890E-04,1.277560E-04,3.263110E-04,2.406420E-04,7.832600E-04,3.488250E-04,4.371180E-04,4.017570E-04,4.153900E-04,7.198980E-04,7.673120E-04
1625.723,7.681370E-05,1.252760E-04,4.243840E-04,2.494800E-04,4.644670E-04,4.258990E-04,9.466790E-04,6.596840E-04,6.058120E-04,5.996080E-04,6.640770E-04,8.812090E-04,9.595260E-04
1627.652,8.506530E-05,1.450310E-04,5.863340E-04,3.339160E-04,5.648670E-04,5.239060E-04,9.306010E-04,8.478820E-04,7.097410E-04,6.199050E-04,8.172480E-04,8.879350E-04,1.070000E-03
1629.58,1.022040E-04,8.126110E-05,5.322890E-04,4.777620E-04,5.339130E-04,4.771560E-04,9.536960E-04,9.903980E-04,8.421850E-04,6.776060E-04,7.988440E-04,9.711860E-04,1.240000E-03
1631.509,6.799560E-05,1.282350E-04,3.212920E-04,5.079390E-04,5.496240E-04,4.803740E-04,1.100000E-03,1.280000E-03,9.953400E-04,7.593430E-04,8.224650E-04,1.090000E-03,1.390000E-03
1633.437,-4.790990E-06,2.277820E-04,3.405940E-04,3.417660E-04,4.783640E-04,4.256270E-04,1.130000E-03,1.250000E-03,1.040000E-03,7.491340E-04,9.444910E-04,1.150000E-03,1.460000E-03
1635.366,-2.661390E-04,5.455050E-05,3.317380E-04,2.939140E-04,2.544740E-04,3.279030E-04,9.281810E-04,9.881430E-04,8.575320E-04,5.964510E-04,8.379120E-04,1.130000E-03,1.450000E-03
1637.294,-1.454470E-04,-4.144510E-06,4.597790E-04,7.328330E-04,5.123660E-04,7.202710E-04,1.100000E-03,1.120000E-03,1.070000E-03,8.951520E-04,1.050000E-03,1.410000E-03,1.630000E-03
1639.223,2.557330E-04,1.555870E-04,8.022560E-04,1.130000E-03,1.120000E-03,1.110000E-03,1.600000E-03,1.520000E-03,1.580000E-03,1.340000E-03,1.590000E-03,1.710000E-03,2.060000E-03
1641.151,3.306150E-04,3.757260E-04,9.822660E-04,1.330000E-03,1.500000E-03,1.350000E-03,1.870000E-03,1.860000E-03,1.860000E-03,1.510000E-03,1.870000E-03,1.860000E-03,2.470000E-03
1643.08,2.632700E-04,5.680160E-04,1.080000E-03,1.450000E-03,1.560000E-03,1.550000E-03,1.870000E-03,2.010000E-03,2.020000E-03,1.720000E-03,2.110000E-03,2.170000E-03,2.660000E-03
1645.008,1.390040E-04,5.822200E-04,1.110000E-03,1.410000E-03,1.480000E-03,1.580000E-03,1.790000E-03,2.070000E-03,2.170000E-03,1.790000E-03,2.140000E-03,2.310000E-03,2.660000E-03
1646.937,-1.843780E-05,4.360310E-04,1.180000E-03,1.460000E-03,1.510000E-03,1.600000E-03,1.910000E-03,2.220000E-03,2.320000E-03,1.860000E-03,2.160000E-03,2.460000E-03,2.670000E-03
1648.865,1.493270E-04,4.938470E-04,1.440000E-03,1.880000E-03,1.900000E-03,1.840000E-03,2.370000E-03,2.590000E-03,2.520000E-03,2.300000E-03,2.590000E-03,2.870000E-03,3.130000E-03
1650.794,3.283230E-04,6.700070E-04,1.580000E-03,2.220000E-03,2.050000E-03,1.990000E-03,2.480000E-03,2.770000E-03,2.510000E-03,2.620000E-03,2.910000E-03,3.090000E-03,3.480000E-03
1652.722,3.965270E-04,6.429170E-04,1.590000E-03,2.290000E-03,1.970000E-03,2.000000E-03,2.420000E-03,2.710000E-03,2.610000E-03,2.640000E-03,3.020000E-03,3.080000E-03,3.500000E-03
1654.651,2.298080E-04,6.108250E-04,1.660000E-03,2.380000E-03,2.250000E-03,2.390000E-03,2.810000E-03,3.120000E-03,3.010000E-03,2.870000E-03,3.450000E-03,3.510000E-03,3.890000E-03
1656.579,9.202510E-05,6.332850E-04,1.650000E-03,2.600000E-03,2.620000E-03,2.670000E-03,3.150000E-03,3.630000E-03,3.360000E-03,3.240000E-03,3.890000E-03,4.030000E-03,4.250000E-03
1658.508,1.269940E-04,8.201370E-04,1.840000E-03,2.770000E-03,2.980000E-03,2.870000E-03,3.390000E-03,3.960000E-03,3.610000E-03,3.670000E-03,4.180000E-03,4.380000E-03,4.550000E-03
1660.436,2.501490E-04,9.641430E-04,1.930000E-03,2.720000E-03,3.010000E-03,3.010000E-03,3.470000E-03,4.020000E-03,3.750000E-03,3.930000E-03,4.190000E-03,4.530000E-03,4.770000E-03
1662.365,2.799390E-04,9.464320E-04,1.870000E-03,2.720000E-03,2.870000E-03,3.060000E-03,3.360000E-03,3.960000E-03,3.690000E-03,3.720000E-03,4.070000E-03,4.400000E-03,4.890000E-03
1664.293,2.922610E-04,9.546540E-04,1.990000E-03,2.780000E-03,2.910000E-03,3.180000E-03,3.420000E-03,3.950000E-03,3.790000E-03,3.640000E-03,4.040000E-03,4.290000E-03,4.840000E-03
1666.222,1.829360E-04,8.130830E-04,1.940000E-03,2.660000E-03,2.800000E-03,2.960000E-03,3.260000E-03,3.800000E-03,3.680000E-03,3.670000E-03,3.810000E-03,4.140000E-03,4.540000E-03
1668.15,1.369080E-04,6.585210E-04,1.770000E-03,2.430000E-03,2.440000E-03,2.510000E-03,2.960000E-03,3.500000E-03,3.180000E-03,3.340000E-03,3.460000E-03,3.940000E-03,4.100000E-03
1670.078,3.271910E-04,7.002840E-04,1.620000E-03,2.290000E-03,2.310000E-03,2.450000E-03,2.870000E-03,3.270000E-03,2.930000E-03,2.980000E-03,3.350000E-03,3.790000E-03,3.840000E-03
1672.007,1.267640E-04,6.361750E-04,1.300000E-03,1.950000E-03,2.030000E-03,2.260000E-03,2.670000E-03,2.920000E-03,2.790000E-03,2.630000E-03,2.960000E-03,3.360000E-03,3.620000E-03
1673.936,5.506880E-05,5.324740E-04,1.120000E-03,1.710000E-03,1.760000E-03,2.020000E-03,2.320000E-03,2.520000E-03,2.430000E-03,2.380000E-03,2.590000E-03,2.960000E-03,3.240000E-03
1675.864,5.538690E-05,3.285730E-04,9.825510E-04,1.440000E-03,1.520000E-03,1.780000E-03,1.940000E-03,2.150000E-03,1.990000E-03,2.000000E-03,2.170000E-03,2.540000E-03,2.750000E-03
1677.792,1.671030E-07,1.856270E-04,8.587460E-04,1.190000E-03,1.170000E-03,1.430000E-03,1.630000E-03,1.870000E-03,1.770000E-03,1.640000E-03,1.960000E-03,2.150000E-03,2.380000E-03
1679.721,4.491240E-06,3.928810E-05,7.463970E-04,9.450570E-04,9.126580E-04,1.130000E-03,1.300000E-03,1.580000E-03,1.530000E-03,1.300000E-03,1.680000E-03,1.900000E-03,2.170000E-03
1681.65,-9.816630E-06,-9.059920E-06,5.152080E-04,7.909780E-04,6.330270E-04,8.737320E-04,1.050000E-03,1.220000E-03,1.130000E-03,1.070000E-03,1.360000E-03,1.670000E-03,1.890000E-03
1683.578,-3.933650E-05,4.185470E-05,1.346970E-04,6.389950E-04,3.586790E-04,6.288850E-04,8.360740E-04,8.690020E-04,7.829490E-04,7.379890E-04,1.020000E-03,1.360000E-03,1.510000E-03
1685.506,-1.085450E-04,1.943030E-05,-3.671020E-05,4.750930E-04,3.246790E-04,5.215270E-04,6.151080E-04,7.820430E-04,6.934210E-04,5.998400E-04,8.320610E-04,1.170000E-03,1.320000E-03
1687.435,2.609410E-05,6.181510E-05,1.771900E-05,3.520970E-04,4.705350E-04,5.749610E-04,6.350530E-04,8.975870E-04,9.101800E-04,7.770270E-04,9.232920E-04,1.190000E-03,1.420000E-03
1689.364,6.778280E-05,7.497580E-05,4.485160E-05,2.783230E-04,4.440160E-04,4.764660E-04,5.710460E-04,8.846470E-04,1.030000E-03,8.468540E-04,9.474930E-04,1.170000E-03,1.300000E-03
1691.292,8.703720E-06,6.321750E-05,5.010740E-05,3.075420E-04,4.456010E-04,4.126680E-04,6.181090E-04,9.300470E-04,1.050000E-03,7.844550E-04,1.070000E-03,1.250000E-03,1.240000E-03
1693.22,3.383460E-05,4.289510E-05,8.642020E-05,2.261270E-04,3.495000E-04,4.053670E-04,7.137550E-04,1.040000E-03,8.462460E-04,7.994860E-04,1.080000E-03,1.220000E-03,1.290000E-03
1695.149,2.898230E-05,-1.051970E-04,3.311580E-05,3.447560E-05,1.337170E-04,2.947980E-04,4.832540E-04,8.279820E-04,6.177290E-04,6.763730E-04,8.028170E-04,1.010000E-03,1.170000E-03
1697.078,1.517560E-04,-5.749440E-05,-1.098620E-06,1.473270E-04,2.918770E-04,5.207840E-04,4.929170E-04,8.232090E-04,8.730320E-04,7.143200E-04,9.040280E-04,1.170000E-03,1.230000E-03
1699.006,1.739100E-04,6.407720E-05,8.706210E-06,1.830930E-04,3.123720E-04,5.349120E-04,5.489590E-04,8.391090E-04,8.230970E-04,7.880910E-04,1.000000E-03,1.220000E-03,1.310000E-03
1700.934,-5.323820E-05,-9.852210E-05,-1.210270E-04,1.031170E-04,1.248380E-04,3.520700E-04,3.442580E-04,7.274450E-04,6.676380E-04,6.666320E-04,8.984400E-04,1.060000E-03,1.320000E-03
1702.863,-8.507450E-05,-8.496900E-05,1.238860E-05,3.852860E-04,2.996840E-04,6.192300E-04,5.045060E-04,1.080000E-03,1.090000E-03,9.813890E-04,1.190000E-03,1.340000E-03,1.590000E-03
1704.792,7.677220E-05,-1.276890E-04,1.181170E-04,4.528080E-04,4.973040E-04,7.812400E-04,6.414340E-04,1.180000E-03,1.270000E-03,1.170000E-03,1.320000E-03,1.540000E-03,1.660000E-03
1706.72,1.560450E-04,-1.506440E-04,1.413570E-04,2.852500E-04,6.017950E-04,7.053120E-04,7.324250E-04,1.160000E-03,1.240000E-03,1.140000E-03,1.350000E-03,1.610000E-03,1.750000E-03
1708.648,1.971180E-04,-1.029170E-04,2.187020E-04,2.952430E-04,5.929840E-04,7.366910E-04,8.241750E-04,1.120000E-03,1.290000E-03,1.160000E-03,1.470000E-03,1.580000E-03,1.750000E-03
1710.577,1.473120E-04,-1.914470E-04,1.074860E-04,2.191850E-04,5.224880E-04,7.512890E-04,8.109950E-04,1.060000E-03,1.270000E-03,1.120000E-03,1.350000E-03,1.490000E-03,1.630000E-03
1712.505,3.105970E-05,-2.122690E-04,6.769830E-05,1.082340E-04,4.875810E-04,6.337960E-04,7.658310E-04,1.030000E-03,1.120000E-03,1.100000E-03,1.180000E-03,1.380000E-03,1.570000E-03
1714.434,7.435040E-05,-2.072130E-05,1.303160E-04,2.147520E-04,5.073030E-04,6.435630E-04,7.919010E-04,1.060000E-03,1.070000E-03,1.060000E-03,1.210000E-03,1.380000E-03,1.530000E-03
1716.362,6.799630E-05,1.725780E-05,-8.078350E-05,2.286970E-04,2.646630E-04,6.675530E-04,6.484060E-04,9.270070E-04,9.490580E-04,8.541040E-04,1.060000E-03,1.290000E-03,1.320000E-03
1718.291,-5.216040E-06,-8.919830E-05,-1.382930E-04,1.363050E-04,2.985350E-04,6.938700E-04,4.925950E-04,9.007020E-04,9.354770E-04,7.741110E-04,8.844400E-04,1.170000E-03,1.370000E-03
1720.219,1.057340E-04,-1.544180E-04,8.651440E-06,2.338860E-04,5.456530E-04,7.353030E-04,5.958250E-04,1.160000E-03,1.150000E-03,1.030000E-03,1.020000E-03,1.270000E-03,1.550000E-03
1722.148,1.413450E-04,-1.577710E-04,-1.120490E-05,2.514200E-04,5.350180E-04,7.215940E-04,6.495130E-04,1.140000E-03,1.250000E-03,1.010000E-03,1.110000E-03,1.390000E-03,1.490000E-03
1724.076,4.658150E-05,-1.796630E-04,-7.913660E-05,1.603070E-04,3.546850E-04,6.344340E-04,5.355240E-04,9.804310E-04,1.190000E-03,8.602410E-04,9.768640E-04,1.300000E-03,1.290000E-03
1726.005,2.969560E-07,-1.520950E-04,-9.308990E-05,-9.375480E-06,1.747710E-04,4.604600E-04,2.976930E-04,9.543200E-04,9.779780E-04,8.030680E-04,7.316350E-04,1.060000E-03,1.070000E-03
1727.933,4.789700E-05,-1.468740E-04,-1.007020E-04,-5.556900E-05,9.183750E-05,2.698200E-04,1.406450E-04,8.431240E-04,8.637930E-04,6.423890E-04,6.427410E-04,8.653720E-04,9.131370E-04
1729.862,7.391800E-05,-9.172250E-05,-6.145590E-05,-2.837050E-05,8.274990E-05,3.704010E-04,2.631520E-04,7.617130E-04,9.468550E-04,5.562160E-04,7.594320E-04,7.703180E-04,9.007540E-04
1731.79,1.043300E-04,-2.664100E-06,-9.353960E-05,-1.214180E-04,-8.260330E-06,4.199090E-04,2.785850E-04,6.086310E-04,8.045290E-04,5.415770E-04,6.790580E-04,6.291490E-04,8.740580E-04
1733.719,2.018290E-04,6.345140E-05,-2.121020E-04,-9.254450E-05,-1.160960E-04,4.029530E-04,1.806820E-04,5.481820E-04,5.574670E-04,4.146040E-04,5.159690E-04,4.215150E-04,7.395150E-04
1735.647,3.553620E-04,2.179700E-04,6.882240E-05,1.283850E-04,5.969590E-05,6.743540E-04,3.953280E-04,7.890220E-04,7.612870E-04,6.283950E-04,6.942450E-04,6.672260E-04,8.744090E-04
1737.576,1.940310E-04,5.475410E-05,5.701600E-05,2.333830E-05,-1.300670E-05,5.937860E-04,1.002460E-04,6.425290E-04,6.976210E-04,4.920520E-04,6.048860E-04,5.525620E-04,6.627760E-04
1739.504,1.187610E-04,-7.252580E-05,-9.536570E-05,3.664430E-05,-1.436810E-04,4.433430E-04,-2.092710E-04,4.888450E-04,5.053610E-04,3.124230E-04,3.199630E-04,2.399430E-04,4.723300E-04
1741.433,2.029880E-04,4.158550E-05,-3.663700E-05,1.995180E-04,-1.016150E-04,5.786550E-04,-6.969010E-05,5.984340E-04,5.608920E-04,3.007500E-04,3.026030E-04,2.304790E-04,5.488170E-04
1743.361,2.203920E-04,-1.551350E-05,-1.019170E-05,1.176780E-04,-1.203010E-04,4.802760E-04,3.211170E-05,5.447970E-04,4.632010E-04,1.217810E-04,1.742900E-04,7.302020E-05,5.155910E-04
1745.29,5.904730E-05,-1.450630E-04,-8.736200E-05,-1.155000E-04,-1.705380E-04,1.916780E-04,-4.189120E-05,4.494710E-04,2.935810E-04,1.057180E-04,-2.931930E-05,1.865620E-05,3.493980E-04
1747.218,-4.855460E-05,-1.767010E-04,-1.033070E-05,-1.456920E-04,-8.789830E-05,1.702030E-04,-1.098760E-04,4.474460E-04,1.775120E-04,6.567890E-05,-3.207300E-05,2.694670E-04,3.415220E-04
1749.147,1.041660E-04,-7.513700E-06,1.278650E-04,4.175030E-05,9.060150E-05,2.852540E-04,-5.472360E-05,3.922280E-04,2.742560E-04,8.956600E-05,2.275380E-04,4.510130E-04,3.744590E-04
1751.075,1.501710E-04,-1.805670E-06,-4.423570E-06,8.546030E-05,-1.000100E-05,1.957860E-04,-1.627460E-04,2.277350E-04,3.071350E-04,1.273670E-04,2.030040E-04,2.755540E-04,1.998530E-04
1753.004,1.138490E-04,7.410770E-05,-2.806570E-06,9.600230E-05,-8.085730E-05,2.556490E-04,-6.596530E-05,2.877610E-04,3.019460E-04,2.298920E-04,1.196550E-04,1.396300E-04,1.382600E-04
1754.932,-5.626650E-05,7.873670E-05,-1.141960E-05,-4.920690E-06,-1.417740E-04,1.664450E-04,-6.998390E-05,3.319380E-04,1.168740E-04,2.370050E-04,9.279150E-05,6.063120E-05,4.660400E-05
1756.861,-1.333450E-04,-1.104490E-05,-1.050660E-04,3.651230E-05,-4.779040E-06,4.940290E-05,-1.434450E-04,2.790410E-04,2.038610E-05,2.003600E-04,1.290620E-04,7.203720E-05,3.631130E-05
1758.789,1.050680E-04,3.922210E-05,-7.830660E-05,2.174430E-04,1.292060E-04,1.329710E-04,-5.524860E-05,2.877550E-04,1.378970E-04,1.629530E-04,1.405290E-04,1.647580E-04,2.126050E-04
1760.718,1.508140E-04,7.996050E-05,-7.558570E-06,1.573110E-04,3.248970E-06,1.920760E-04,-2.034330E-04,2.092510E-04,1.122150E-04,6.014820E-05,-3.970040E-05,5.321420E-05,2.276820E-04
1762.646,3.549270E-05,3.091020E-05,5.488340E-05,7.982830E-05,-6.399550E-05,1.857580E-04,-1.591050E-04,1.272930E-04,8.251330E-05,8.706220E-07,-6.706410E-05,-1.789480E-05,1.131160E-04
1764.575,-9.617230E-05,-3.549030E-05,7.643740E-05,1.339130E-05,-8.342850E-05,2.117600E-04,-5.394550E-05,8.006140E-05,1.488440E-04,3.588610E-05,-1.423850E-06,-8.052880E-05,9.416340E-05
1766.503,-1.404100E-04,-6.096890E-06,-3.517960E-05,-4.572470E-05,-1.581270E-04,2.360860E-05,-1.685830E-04,7.082930E-05,7.449760E-05,-1.011110E-04,-1.157650E-04,-1.417980E-04,8.232710E-05
1768.432,-1.012050E-04,-9.937240E-05,-2.001100E-04,-3.172870E-05,-2.589960E-04,-7.652160E-05,-3.466020E-04,1.088980E-04,-2.086110E-05,-2.643160E-04,-2.384070E-04,-1.699220E-04,-4.240550E-05
1770.36,7.311980E-05,-1.426600E-04,-1.105100E-04,-4.829270E-05,-3.131250E-04,-3.667640E-05,-3.684380E-04,1.951140E-04,-3.815410E-05,-1.203640E-04,-2.261280E-04,-1.313270E-04,-1.755420E-04
1772.289,4.568290E-05,-3.579950E-05,3.917340E-05,-1.133270E-04,-2.191870E-04,-3.295300E-05,-3.470960E-04,1.402190E-04,-4.991710E-05,-6.418180E-05,-2.746590E-04,-1.237880E-04,-2.628940E-04
1774.217,-6.723810E-05,5.637490E-05,1.515740E-04,6.991330E-05,-4.733000E-05,1.101500E-04,-2.821290E-04,1.779300E-04,1.196550E-04,-1.402840E-04,-1.702810E-04,-6.694570E-05,-1.536710E-04
1776.146,6.542900E-05,1.136860E-04,2.082660E-04,2.204090E-04,2.215600E-05,2.251390E-04,-1.254630E-04,3.601100E-04,1.549050E-04,1.371940E-04,9.720770E-05,3.152260E-05,2.797660E-05
1778.074,3.131970E-06,2.827290E-05,4.753090E-05,1.758150E-04,-1.215060E-04,7.949160E-05,-1.363350E-04,2.643730E-04,2.895430E-05,2.206820E-04,-2.143500E-06,-1.084450E-04,6.400300E-06
1780.003,8.258030E-06,4.620340E-06,1.375950E-05,2.458440E-04,-2.384150E-04,7.438130E-06,-3.211560E-04,1.938310E-04,-6.166810E-05,-3.101010E-05,-1.141950E-04,-1.736260E-04,-4.601450E-05
1781.931,-2.292300E-05,1.790490E-05,-3.049630E-05,8.268610E-05,-2.402100E-04,-5.419370E-05,-3.804610E-04,1.403570E-04,-8.330420E-05,-1.426220E-04,-1.535060E-04,-2.293540E-04,-1.645940E-04
1783.86,2.659310E-05,1.597260E-04,8.702430E-05,1.180060E-04,-2.480000E-05,8.104690E-05,-1.605040E-04,9.679330E-05,8.102450E-05,-6.550420E-05,-6.152800E-05,-1.849350E-04,-5.671950E-05
1785.788,1.339050E-04,1.738620E-04,2.789850E-04,2.400200E-04,1.187250E-04,1.030480E-04,-8.179970E-05,1.730540E-04,2.392360E-04,-4.328660E-05,9.105090E-05,-6.422270E-05,1.920150E-05
1787.717,6.766220E-05,-2.602420E-05,2.436870E-04,1.752650E-04,2.470250E-05,-1.119550E-04,-1.959170E-04,1.227430E-04,1.425770E-04,-4.520830E-05,-2.731080E-05,-4.273440E-05,-3.076450E-05
1789.645,-7.829180E-05,-1.677170E-04,-8.772570E-05,3.292590E-05,-1.170380E-04,-1.862180E-04,-2.787820E-04,-2.666740E-05,7.800290E-05,-1.884010E-04,-2.379020E-04,-1.934220E-04,-4.623360E-05
1791.574,-1.649290E-04,-1.899650E-04,-1.547670E-04,-1.332350E-04,-2.265610E-04,-1.167980E-04,-4.290520E-04,5.049410E-05,-1.137020E-04,-2.800920E-04,-3.084520E-04,-2.244530E-04,-1.851900E-04
1793.502,-3.874670E-05,-1.850240E-04,9.580040E-06,-5.749920E-05,-2.045400E-04,-7.884470E-06,-4.939630E-04,1.815070E-04,-1.904390E-04,-1.870950E-04,-2.623260E-04,-2.184110E-04,-2.317990E-04
1795.431,1.282280E-04,-5.949750E-05,3.497860E-05,9.875280E-05,-1.676920E-04,1.184110E-05,-2.925080E-04,2.253540E-04,-1.370720E-04,-6.787660E-05,-1.694870E-04,-1.737720E-04,-7.355450E-05
1797.359,2.423390E-04,-3.952260E-05,-4.412420E-05,1.066470E-04,-1.464940E-04,-3.001170E-05,-1.582140E-04,3.079470E-04,-1.914210E-04,-5.640900E-05,-1.208420E-04,-1.803700E-04,4.647640E-05
1799.288,2.465020E-04,-2.065580E-05,-3.632660E-05,2.323180E-04,-1.865180E-05,-7.190920E-05,-2.085110E-05,3.590280E-04,-1.405170E-04,-1.435610E-04,-5.216270E-05,-1.253710E-04,1.306100E-04
1801.216,1.721340E-04,-3.292150E-05,-3.141070E-05,1.463290E-04,-3.374680E-05,-1.836800E-04,-7.244800E-05,1.303210E-04,-1.541050E-04,-3.235930E-04,-6.200720E-05,-2.461290E-04,4.191380E-06
1803.145,1.193220E-04,5.851380E-05,2.158370E-05,3.868660E-05,-3.843680E-05,4.502960E-05,-3.767670E-05,9.896850E-05,-7.967090E-05,-1.420950E-04,1.396320E-04,-1.427310E-04,-9.760460E-05
1805.073,-6.158500E-05,3.137910E-05,-2.284530E-05,5.379960E-05,4.249120E-05,6.675580E-05,-8.299600E-05,1.196920E-04,-1.947650E-05,-1.098350E-04,1.528070E-04,-6.497160E-05,-7.436360E-05
1807.002,-2.057120E-04,-8.570760E-05,-5.165490E-05,1.061240E-04,1.054820E-05,-5.758170E-05,-4.746990E-05,3.994730E-05,-8.704550E-05,-3.088850E-04,-7.413750E-06,-2.065550E-04,-2.433960E-05
1808.93,-2.741670E-06,5.153470E-05,-5.739430E-07,5.026950E-05,-8.982680E-05,-1.158950E-05,6.762960E-05,6.569740E-05,-5.818060E-06,-3.613450E-04,-9.501820E-05,-1.837460E-04,-1.259610E-04
1810.859,1.528390E-04,2.335680E-04,5.794340E-05,-3.242060E-05,5.451620E-05,-2.393780E-05,7.391560E-05,2.306270E-04,1.365490E-04,-1.926250E-04,3.030740E-06,6.329010E-05,-1.590810E-04
1812.787,6.022960E-05,1.816760E-04,3.966840E-05,-1.002360E-05,5.025520E-05,-6.613010E-05,7.071910E-05,1.023530E-04,-2.838700E-05,-2.662250E-04,3.068770E-05,-3.495090E-05,-2.011510E-04
1814.716,3.114730E-05,2.104100E-04,2.172180E-05,7.551940E-05,-7.905980E-05,-1.879790E-04,5.580420E-05,3.728340E-07,-1.044610E-04,-2.320350E-04,2.609730E-05,-1.932050E-04,-1.295210E-04
1816.644,1.127350E-04,1.767110E-04,-4.776230E-06,3.731140E-05,-6.835980E-05,-2.453900E-04,2.931170E-05,4.644270E-05,-7.793120E-05,-9.698510E-05,-1.276810E-04,-1.911460E-04,5.075920E-05
1818.573,2.754510E-04,2.228330E-04,7.118510E-05,5.198140E-05,-9.709180E-05,-1.209490E-04,3.812680E-05,9.303940E-05,8.727360E-05,-1.938550E-04,-1.120810E-04,-2.865920E-05,1.045890E-04
1820.501,1.428390E-04,2.839340E-04,1.781910E-04,7.304740E-05,-1.820880E-04,-8.606390E-05,9.160930E-05,1.820210E-04,4.034160E-05,-2.543550E-04,7.227130E-05,-4.133020E-05,-1.568710E-04
1822.43,-1.358710E-05,2.322100E-04,2.357800E-04,1.409660E-04,-4.679280E-05,-1.197830E-04,7.995640E-05,9.142260E-05,-1.398150E-04,-1.705950E-04,5.923090E-05,-8.288380E-05,-2.595010E-04
1824.358,-1.845240E-05,8.811670E-05,6.362750E-05,8.890540E-05,3.053320E-05,-7.520930E-05,-9.531910E-05,-3.342440E-04,-2.999400E-04,-2.034050E-04,-3.473690E-05,-1.874050E-04,-4.422080E-05
1826.287,-1.501880E-05,-6.926200E-05,8.697390E-05,-9.274860E-05,-7.681480E-05,-7.451240E-05,-2.013820E-04,-5.001660E-04,-2.797470E-04,-3.548750E-04,-1.100730E-05,-3.495580E-04,6.163920E-05
1828.215,-1.568090E-06,-2.691880E-05,1.253250E-04,2.601380E-06,-8.038080E-05,-4.678180E-05,-1.212470E-04,-3.316760E-04,-1.631920E-04,-4.062650E-04,-6.261510E-05,-5.118290E-04,-1.280410E-04
1830.144,-3.911450E-05,8.546660E-05,2.026710E-04,8.821240E-05,-3.477080E-05,2.243620E-05,-1.201200E-04,-2.002860E-04,-1.650850E-04,-1.744450E-04,6.754450E-06,-5.592530E-04,-6.753080E-05
1832.072,-1.839560E-04,-6.353120E-05,2.883980E-04,-1.759190E-04,-1.004610E-04,-1.480160E-04,-1.694620E-04,-2.923930E-04,-2.123630E-04,-1.248450E-04,-3.603330E-05,-4.856040E-04,5.165920E-05
1834.001,-3.013640E-04,-2.895020E-04,3.560160E-05,-4.147980E-04,-2.770050E-04,-3.649860E-04,-3.647690E-04,-5.168470E-04,-1.734610E-04,-3.412950E-04,-3.382440E-04,-4.046380E-04,-2.048080E-05
1835.929,-9.696250E-05,-1.139980E-04,-6.670440E-05,-5.788060E-05,-8.180790E-06,-1.099380E-04,-1.859050E-04,-4.629770E-04,-5.703630E-05,-2.277250E-04,-2.378920E-04,-2.206890E-04,2.717920E-05
1837.858,1.069760E-04,1.134900E-04,1.002720E-04,2.604420E-04,2.052850E-04,7.267830E-05,1.748490E-04,-2.048300E-04,1.384380E-04,-1.371510E-05,7.032800E-05,-2.300240E-05,7.010920E-05
1839.786,-8.499140E-06,5.572000E-05,3.960590E-05,1.714990E-04,5.801820E-05,-1.187220E-04,-3.848480E-05,-2.097490E-04,7.927550E-05,1.543250E-04,-7.171980E-05,-1.914730E-04,1.951920E-05
1841.715,6.202490E-06,5.178310E-06,1.230870E-04,-3.751160E-05,-4.424980E-05,-6.997410E-05,-1.207130E-04,-2.403250E-04,1.012590E-04,1.046650E-04,-2.914100E-04,-2.179370E-04,7.911920E-05
