Wavenumber,0.0255,0.0510,0.1019,0.2039,0.3058,0.4078,0.5097
850.4539,-2.154150E-04,0.000000E+00,0.000000E+00,0.000000E+00,0.000000E+00,0.000000E+00,0.000000E+00
852.3823,-3.242980E-04,-5.351540E-05,-1.587020E-05,3.997810E-05,-3.393070E-05,-4.077220E-04,2.267060E-04
854.3108,-2.118680E-04,-2.854760E-04,-2.359420E-04,2.483280E-04,5.036710E-05,-3.158400E-04,2.532210E-05
856.2393,-3.275460E-04,-2.124830E-04,-7.503060E-04,4.668020E-04,1.199500E-04,1.077350E-04,-1.125930E-04
858.1677,-2.187300E-04,2.539630E-05,-6.303270E-04,3.018940E-04,-1.173200E-04,2.543980E-04,-1.868980E-04
860.0962,9.695900E-06,1.183640E-04,1.339740E-04,1.257130E-04,-2.110000E-04,4.713310E-06,-2.712530E-04
862.0247,1.817330E-04,5.926350E-05,3.834760E-04,1.990660E-05,-1.695420E-04,1.517070E-04,-3.054230E-04
863.9531,6.674660E-05,7.329960E-05,1.991280E-04,-1.262160E-04,-7.705200E-05,2.210000E-04,-2.545830E-04
865.8816,-1.852810E-04,-8.770470E-05,-1.173650E-05,-2.520370E-04,2.671660E-04,-5.979640E-05,1.755250E-04
867.8101,-2.988120E-04,-3.514940E-04,-2.936690E-04,-2.011960E-04,2.530810E-04,-1.290590E-04,9.149840E-05
869.7385,-2.751800E-04,-1.280840E-04,-3.269600E-04,-2.615480E-04,-4.511750E-05,-1.392250E-04,-1.616530E-04
871.667,-1.276590E-04,3.811640E-05,6.343450E-05,-5.805710E-04,-1.824460E-04,-3.219210E-04,-2.893670E-04
873.5955,-1.920770E-04,-2.309860E-05,1.635720E-04,-5.250660E-04,-8.394270E-05,-3.306860E-04,-2.728150E-04
875.5239,-5.100160E-04,-2.122490E-05,-1.530080E-04,-2.333780E-04,-4.158400E-05,-1.842560E-04,1.594020E-05
877.4524,-5.207820E-04,-9.184210E-05,-4.701200E-04,-1.046010E-04,-2.267520E-04,1.231270E-05,2.264730E-04
879.3809,-3.728480E-04,-1.723200E-04,-4.618250E-04,3.163040E-04,-2.651260E-04,1.054560E-04,2.277970E-04
881.3093,-2.297360E-04,-1.316600E-04,-2.512800E-04,2.170280E-04,-1.471200E-04,-8.172290E-05,2.418300E-04
883.2378,-2.432270E-04,1.034240E-04,-2.052670E-04,-2.198890E-04,3.664940E-05,-1.562280E-04,1.629310E-04
885.1663,-3.763930E-04,7.913020E-05,2.035050E-05,-2.625090E-04,-2.795570E-05,-8.934250E-05,2.783250E-04
887.0947,-3.467910E-05,1.069660E-05,1.905210E-04,2.457930E-04,-2.939310E-05,-1.582940E-05,2.544780E-04
889.0232,2.411960E-04,3.028110E-05,-3.621450E-05,4.473350E-04,1.909990E-04,3.716280E-05,1.978850E-04
890.9517,6.392710E-05,6.259250E-05,-3.308100E-04,2.266160E-04,3.874390E-05,1.338870E-04,5.306660E-05
892.8801,-8.143700E-05,-3.675310E-05,-7.165120E-05,-2.029790E-04,2.911060E-05,1.048290E-04,-4.679750E-05
894.8085,-1.493430E-04,-1.280590E-04,-2.055990E-04,-1.828850E-04,3.019750E-04,2.414680E-05,4.784380E-06
896.737,-2.094820E-04,-3.884550E-04,-3.274580E-04,1.606390E-04,3.338440E-04,2.065510E-04,3.376240E-05
898.6655,-1.724180E-04,-4.787940E-04,-1.682150E-04,5.351260E-05,5.240650E-05,4.458880E-04,1.121130E-04
900.5939,-2.936750E-04,-2.377940E-04,-3.442150E-05,-1.444730E-04,-2.238370E-04,1.483950E-04,1.070450E-04
902.5224,-5.153490E-04,5.414160E-05,2.400700E-04,-1.853730E-04,-1.102160E-04,-9.962100E-05,2.173770E-05
904.4509,-2.953320E-04,7.578280E-05,1.801870E-04,-4.677050E-05,1.154200E-04,-2.824470E-04,3.130500E-05
906.3793,-1.366780E-04,-1.567460E-04,-1.182750E-04,-3.694160E-05,9.700600E-05,-2.549700E-04,9.136850E-05
908.3078,-1.677040E-05,-2.974360E-04,9.094150E-05,-8.365470E-05,-1.338230E-05,8.981510E-05,4.777870E-05
910.2363,1.281180E-04,-3.252830E-04,1.224710E-04,7.758440E-05,-5.274470E-05,1.595140E-04,-1.640980E-04
912.1647,-4.300300E-05,-2.609760E-04,-1.523770E-04,1.670990E-04,3.922730E-06,3.497430E-05,-2.497250E-04
914.0932,-1.388660E-04,-1.747650E-04,7.360050E-05,7.703720E-05,3.149630E-04,-1.290300E-04,-2.080210E-04
916.0217,4.326210E-05,-2.302180E-04,1.539700E-04,1.345890E-04,4.400650E-04,-5.056010E-05,-1.565800E-04
917.9501,1.572140E-04,-1.386220E-04,-3.923060E-04,1.021580E-04,2.829230E-04,-1.714770E-05,-1.261360E-04
919.8786,1.030380E-04,-1.953750E-05,-3.996320E-04,-9.783100E-05,1.458960E-04,-1.653470E-05,-2.619580E-05
921.8071,4.087390E-05,1.287830E-04,-1.721240E-04,-4.166150E-04,3.636250E-04,2.473500E-04,2.150220E-05
923.7355,1.017770E-04,1.491500E-04,3.871150E-05,-1.310060E-04,3.391560E-04,2.326260E-04,2.676100E-05
925.664,2.815500E-04,1.593740E-04,1.168920E-04,2.592110E-04,1.117230E-04,1.899590E-04,3.788700E-05
927.5925,1.727410E-04,1.366480E-04,-1.499790E-04,9.981190E-05,5.252060E-05,1.961240E-04,8.335000E-05
929.5209,-3.295450E-05,-1.176770E-04,-5.782240E-04,-1.489420E-04,1.506060E-04,-7.194370E-05,-4.446820E-05
931.4494,-2.376810E-05,-1.555300E-04,-6.025400E-04,-1.418290E-04,5.728460E-05,-1.598560E-04,-2.307720E-04
933.3779,-1.411720E-05,2.121440E-04,-2.191590E-04,5.929510E-05,-5.704940E-06,-2.041650E-05,-2.889730E-04
935.3063,6.409290E-05,2.298310E-04,-8.654410E-05,4.288810E-04,1.337470E-04,6.518960E-05,-2.048650E-04
937.2348,2.162420E-04,1.219020E-04,-2.553640E-05,4.489200E-04,2.927620E-04,-2.053050E-04,-3.330580E-05
939.1633,2.042960E-04,1.143250E-04,7.785230E-05,2.667420E-04,2.700380E-04,-4.651940E-04,-2.721980E-05
941.0917,6.273290E-05,5.875380E-05,1.206700E-04,3.806780E-04,6.468820E-05,-2.995040E-04,8.424410E-05
943.0202,4.548440E-05,1.471420E-04,-1.598620E-04,5.329440E-04,-5.057140E-05,-4.306450E-05,-6.912860E-06
944.9487,-6.329820E-05,1.181990E-05,-1.665320E-04,3.399880E-04,-6.247660E-05,1.489680E-04,-1.391600E-04
946.8771,-5.116100E-05,-3.145510E-04,-3.538280E-04,-3.411980E-05,8.434150E-06,1.903230E-04,-2.906990E-04
948.8056,-8.820000E-08,-2.309160E-04,-4.343320E-04,-1.450820E-04,1.560560E-04,1.571490E-06,-3.647370E-04
950.7341,3.331140E-05,-4.371990E-05,-1.422940E-04,-9.235830E-05,2.769450E-04,1.054750E-04,-2.385500E-04
952.6625,8.535100E-06,-9.066200E-05,7.954460E-05,8.088700E-05,2.022950E-05,2.562110E-04,-1.158860E-04
954.591,-9.526440E-05,-6.434160E-05,1.123590E-04,5.111180E-05,-7.066680E-07,1.581520E-04,-8.315400E-05
956.5195,-3.839330E-05,4.563110E-05,9.741190E-05,-2.456190E-05,1.676520E-05,1.225140E-04,-9.278420E-05
958.4479,8.611900E-05,-1.089010E-06,1.620420E-04,1.513660E-04,-1.673920E-04,7.790150E-05,-6.795590E-06
960.3764,7.716250E-05,5.815170E-05,1.749030E-04,-1.001890E-04,-8.538070E-05,-1.372040E-05,-2.606690E-04
962.3049,-2.476100E-06,1.164400E-04,-4.279620E-05,-1.111390E-04,8.084100E-06,-6.625630E-05,-1.455260E-04
964.2333,-7.231790E-05,3.074490E-05,-1.873150E-04,1.994440E-04,2.035470E-05,6.179970E-05,2.068310E-04
966.1618,4.147090E-05,2.414150E-06,-1.270550E-04,-4.610000E-05,1.108880E-04,7.580380E-05,2.298200E-04
968.0903,2.795260E-04,-1.676750E-05,-1.321040E-04,-8.064490E-05,1.336130E-04,-1.189580E-04,1.898370E-04
970.0187,1.072840E-04,-3.737310E-05,-1.424360E-04,2.432760E-04,-4.703950E-06,-2.383420E-04,8.975560E-05
971.9472,-6.472410E-05,1.357490E-04,1.961080E-05,3.425780E-04,-5.941310E-05,-4.919500E-05,1.832490E-05
973.8757,-8.810800E-06,3.362970E-04,1.715780E-04,2.570570E-04,2.795170E-05,7.408620E-05,-1.544220E-04
975.8041,-8.247000E-06,4.495440E-04,1.103130E-04,1.091040E-04,1.824210E-04,-6.310090E-05,-2.233650E-04
977.7326,-4.499300E-06,3.168700E-04,1.445980E-05,2.960320E-05,1.024090E-04,3.924130E-05,1.223870E-05
979.6611,1.638500E-04,2.742940E-04,-8.157220E-05,4.324510E-05,1.244500E-04,7.616610E-05,4.873070E-05
981.5895,1.682290E-04,2.708830E-04,1.066840E-06,1.361610E-04,1.737350E-04,-2.656540E-05,5.036670E-05
983.518,-4.549020E-05,1.425460E-04,2.412980E-05,2.856840E-04,3.984260E-06,-1.749770E-04,3.914870E-05
985.4465,-7.082570E-05,8.752760E-05,9.761480E-05,4.292460E-04,-4.234770E-05,-3.995860E-04,-9.952130E-05
987.3749,1.639160E-04,1.545250E-04,1.139030E-04,3.618930E-04,-1.034030E-04,-3.153080E-04,-4.037330E-05
989.3034,3.651910E-04,5.519300E-05,8.182680E-05,2.448560E-04,-4.610470E-05,-7.629290E-05,-4.487330E-06
991.2319,1.489190E-04,2.769340E-05,-1.112080E-04,2.969640E-04,6.887730E-05,-8.482660E-05,-1.253870E-04
993.1603,-1.255850E-05,1.249080E-04,-8.811720E-05,3.341970E-04,3.984260E-06,-1.779510E-05,-1.992500E-04
995.0888,9.646910E-05,1.127830E-04,1.460810E-04,3.672150E-04,-1.222390E-04,-6.202780E-05,-1.797420E-04
997.0173,1.389990E-04,5.179590E-05,2.187880E-04,3.074650E-04,-7.044980E-05,-7.086350E-05,-2.396170E-04
998.9457,4.979650E-05,-1.468660E-05,2.241080E-04,5.282180E-06,1.132260E-04,8.022970E-05,-3.085240E-04
1000.874,-1.893920E-04,7.719740E-05,2.635430E-04,-1.092980E-04,2.429940E-05,-2.710030E-05,-8.406640E-05
1002.803,-2.560220E-04,7.228450E-05,1.384680E-04,1.409840E-04,-1.576500E-04,-2.449820E-04,1.101520E-04
1004.731,-3.358470E-05,-1.213240E-04,-1.028350E-04,3.611120E-04,-6.743240E-05,-3.113410E-04,-1.367920E-04
1006.66,8.887240E-05,-1.273600E-04,-3.788030E-04,4.143610E-04,1.679650E-04,-8.423920E-05,-1.433110E-04
1008.588,-2.652080E-05,-1.215380E-04,-1.531660E-04,2.470390E-04,1.623800E-04,1.476750E-04,7.642070E-06
1010.517,-1.295640E-05,-3.819250E-05,1.327500E-04,2.184200E-04,-1.373030E-04,1.009590E-04,-1.632930E-04
1012.445,9.248820E-05,1.187060E-04,2.552630E-04,2.182130E-04,-2.571440E-04,1.817100E-04,-1.564660E-04
1014.373,6.860420E-05,1.297660E-04,3.700270E-04,1.879020E-04,-1.709070E-04,1.163600E-04,-1.349550E-04
1016.302,9.699980E-05,5.300320E-05,1.862730E-04,4.984860E-05,-1.148420E-04,-2.749370E-05,-2.283310E-04
1018.23,1.348190E-04,-4.418870E-05,-3.618420E-05,-5.438340E-05,-4.597930E-05,-7.069300E-05,-2.731200E-05
1020.159,9.023250E-05,-8.497720E-05,7.491380E-05,-3.433510E-05,9.173500E-05,9.443520E-05,1.849780E-06
1022.087,1.377550E-05,-2.946100E-05,1.616050E-04,1.457230E-04,-1.993050E-05,1.096840E-04,1.276010E-05
1024.016,-1.426790E-04,1.821020E-05,1.170940E-04,2.392850E-04,-6.157720E-05,-5.411120E-05,5.164420E-06
1025.944,-1.259020E-04,9.205330E-05,-7.263420E-05,8.233160E-05,5.972230E-05,8.690310E-05,-5.456700E-05
1027.873,-7.583600E-06,2.293810E-04,1.043880E-05,-2.291470E-04,8.542600E-05,7.720990E-05,-1.016190E-04
1029.801,-4.572230E-05,3.170100E-04,8.219280E-05,-1.433630E-04,1.410200E-04,1.632420E-05,-7.928000E-05
1031.73,-1.080630E-04,2.136810E-04,3.187380E-05,5.559590E-05,2.821550E-04,-1.745700E-04,-3.267920E-05
1033.658,-9.652450E-05,1.176000E-04,-9.672220E-05,5.658070E-05,1.493640E-04,-3.418370E-04,-1.182740E-04
1035.587,6.465690E-05,1.822370E-04,-2.134890E-04,-2.687960E-05,-1.247590E-05,-9.580590E-05,-6.604340E-05
1037.515,1.175020E-04,8.068210E-06,-2.559030E-04,2.986500E-05,-1.167460E-04,1.658110E-04,-3.689940E-05
1039.444,-4.880640E-05,-1.127680E-04,-8.070820E-05,2.003760E-04,-1.755380E-04,2.377760E-04,-4.811870E-05
1041.372,-5.902030E-05,-3.663910E-05,-2.166320E-05,1.529650E-05,1.422360E-05,1.755300E-04,-2.770680E-06
1043.301,1.215820E-04,-1.796810E-04,-1.476850E-04,-3.295590E-04,-1.168380E-04,2.780380E-05,6.463110E-05
1045.229,3.152030E-05,-2.662280E-04,-1.752570E-04,-3.985230E-04,-2.028060E-04,-5.431760E-05,-9.977890E-05
1047.157,-4.893910E-05,2.460890E-05,-1.655570E-04,-3.813160E-04,-1.608190E-04,-9.584610E-05,-2.329220E-04
1049.086,2.176880E-05,1.410550E-04,-7.947920E-05,-3.430870E-04,-9.182340E-05,-6.437440E-05,9.034350E-05
1051.014,-4.883960E-05,-1.382120E-04,5.444440E-05,-2.778280E-04,-8.332210E-06,-1.368160E-04,8.554480E-05
1052.943,-6.323180E-05,-1.925100E-04,1.597360E-04,-7.376310E-05,-9.083070E-05,-2.699610E-04,-4.977390E-05
1054.871,2.957880E-04,-2.908950E-05,1.292100E-04,5.133700E-05,-2.880090E-04,-2.703030E-04,1.322740E-05
1056.8,2.833420E-04,5.592850E-05,-2.392160E-05,4.337200E-05,-2.429900E-04,-9.399190E-05,-1.233000E-04
1058.728,-1.051790E-04,-3.516570E-05,-9.145020E-06,8.548870E-05,-2.559780E-04,3.773870E-05,-2.791650E-04
1060.657,-2.510500E-04,9.127110E-05,-5.906930E-05,9.249190E-05,-5.121820E-05,-2.636760E-05,-1.491550E-04
1062.585,-8.213330E-05,2.348630E-04,-1.351680E-04,5.123750E-05,1.373170E-05,1.041250E-04,2.050760E-04
1064.514,3.967980E-05,1.593930E-04,-5.337900E-05,6.456920E-05,-6.245730E-05,2.228520E-04,8.581280E-05
1066.442,-3.955400E-05,3.340880E-05,-9.376140E-05,8.053430E-05,3.782720E-06,3.219520E-04,-2.370480E-05
1068.371,-1.310750E-04,6.822490E-05,-6.011570E-05,2.083030E-04,6.792570E-05,2.709670E-04,1.229540E-04
1070.299,-5.935190E-05,9.909480E-06,-4.401010E-05,3.047630E-04,1.266070E-04,9.485640E-05,1.891280E-04
1072.228,1.300750E-04,-8.102870E-05,-1.608810E-04,1.634540E-04,1.684240E-04,2.919520E-05,1.850710E-04
1074.156,1.696560E-04,3.295860E-05,-1.783800E-04,-1.876040E-05,-1.703530E-05,1.505840E-04,1.934230E-04
1076.084,1.601000E-04,2.086580E-04,-1.644820E-04,9.600410E-05,-2.354400E-04,2.479730E-05,5.550660E-05
1078.013,-1.836230E-05,2.407730E-04,-2.163220E-04,1.149240E-04,-1.830550E-04,-5.365190E-05,-1.616870E-05
1079.941,-1.462600E-04,1.422320E-04,-1.616320E-04,2.408240E-05,-1.407080E-04,7.981110E-05,6.062660E-05
1081.87,3.122170E-05,4.450340E-05,-1.718160E-04,-8.465930E-05,-1.294790E-04,2.189500E-05,1.388060E-04
1083.798,4.329520E-05,1.738100E-04,-1.576190E-04,-7.623150E-05,2.400970E-05,1.343240E-04,1.961200E-04
1085.727,-9.921030E-05,3.643630E-04,-1.590660E-04,3.891750E-05,9.729930E-05,2.242330E-04,8.710450E-05
1087.655,-1.921110E-04,2.747750E-04,1.770570E-04,-4.752570E-07,-5.135340E-05,-6.689060E-05,-1.448430E-04
1089.584,-2.750140E-04,2.028360E-04,6.385070E-04,-6.674340E-05,-1.254640E-04,-3.989330E-04,-1.744670E-04
1091.512,-1.539520E-04,2.490110E-04,4.537790E-04,-9.016840E-05,1.687090E-05,-1.373100E-04,-3.777890E-05
1093.441,-3.199280E-05,3.060990E-04,2.491370E-04,-2.169630E-04,1.518050E-04,5.424350E-05,-9.732660E-05
1095.369,1.012710E-05,1.842660E-04,-5.193620E-06,-1.036190E-04,1.959430E-04,7.509510E-05,-1.422570E-04
1097.298,4.256550E-05,2.660830E-05,-6.015800E-05,2.758510E-05,6.084330E-05,-5.220700E-06,-1.153550E-04
1099.226,1.024070E-04,5.298180E-05,-5.540610E-05,-4.310550E-05,-9.828540E-05,-1.027820E-04,-9.249440E-05
1101.155,6.830570E-05,1.239310E-04,1.650760E-05,-2.632420E-04,-1.257230E-04,-3.032790E-06,4.095300E-05
1103.083,-7.477180E-05,3.570910E-05,-7.371550E-05,-4.072450E-04,-8.427800E-05,1.060760E-04,8.901540E-05
1105.011,3.102270E-05,7.553890E-05,2.169450E-05,-2.340970E-04,-1.179760E-04,8.658580E-05,-5.990320E-05
1106.94,1.011460E-04,1.682720E-04,1.767700E-04,-1.544340E-05,-8.643860E-05,1.576440E-04,-1.705750E-04
1108.868,-1.929090E-05,1.086410E-04,1.179110E-05,7.616970E-05,6.601000E-05,1.606650E-04,4.082690E-05
1110.797,-2.155480E-04,6.024890E-05,-1.371460E-04,-4.397240E-06,2.871590E-04,4.314170E-05,1.144740E-04
1112.725,-2.198570E-04,8.901310E-05,9.098110E-06,-9.331070E-05,2.236560E-04,6.329350E-05,3.567900E-05
1114.654,-1.196150E-05,-3.860620E-05,5.310110E-06,-1.683440E-04,-3.826500E-05,-2.417490E-05,3.914720E-06
1116.582,8.990070E-05,-1.463970E-04,-8.700790E-05,-3.547110E-05,-2.662590E-04,-5.138110E-05,9.547060E-06
1118.511,-1.050000E-06,-1.171790E-04,-1.851520E-04,4.807540E-05,-3.426800E-04,4.495460E-05,-7.091850E-05
1120.439,1.374230E-05,-1.322520E-04,-1.291050E-04,-5.290150E-05,-2.264630E-04,-4.075910E-05,-1.576140E-05
1122.368,6.966570E-05,-1.218500E-04,-1.038870E-04,2.563310E-06,1.174650E-04,-5.825190E-05,-2.551490E-05
1124.296,3.496980E-05,9.335670E-05,-1.191710E-04,5.873230E-05,1.901120E-04,-5.727570E-05,-7.322980E-05
1126.225,-1.264660E-04,2.652330E-04,-9.152690E-05,2.460510E-05,6.176100E-05,2.847050E-05,-2.431040E-05
1128.153,-1.298150E-04,1.263650E-04,-5.128590E-05,-3.916040E-05,8.410640E-05,1.463790E-04,-6.044920E-05
1130.082,-6.091050E-05,1.292510E-05,4.177010E-05,-7.245020E-05,2.992740E-04,1.787690E-04,3.934320E-05
1132.01,-1.495090E-04,8.347520E-05,1.238910E-05,4.160200E-05,3.410100E-04,2.076300E-04,1.620430E-04
1133.938,-4.293670E-05,4.363980E-05,3.572110E-05,9.173340E-05,4.048360E-04,2.733210E-04,2.897140E-04
1135.867,4.409130E-05,-1.447730E-04,1.070210E-04,8.276900E-05,4.624410E-04,2.619980E-04,2.003190E-04
1137.795,1.185300E-04,-1.190700E-04,-3.334090E-05,8.924320E-05,2.474030E-04,3.260820E-04,1.845490E-04
1139.724,1.519720E-04,1.148550E-04,-2.335520E-04,4.457860E-05,1.147240E-04,4.168330E-04,2.943000E-04
1141.652,6.034460E-05,1.639070E-04,-1.335180E-04,-1.743650E-04,2.346680E-04,4.035510E-04,2.749220E-04
1143.581,-9.682290E-05,3.359520E-05,3.483150E-05,-5.853920E-05,3.883990E-04,4.774040E-04,2.630910E-04
1145.509,-1.665170E-04,3.010310E-06,1.862580E-06,4.546490E-05,4.251010E-04,3.208690E-04,2.973810E-04
1147.438,-4.393150E-05,1.009010E-05,-1.018800E-04,-6.001690E-05,4.365490E-04,2.490930E-04,3.577480E-04
1149.366,-8.024320E-05,5.280950E-05,-2.299270E-05,4.249270E-05,3.228620E-04,2.722090E-04,5.298040E-04
1151.295,-1.513650E-04,1.619190E-04,2.266910E-06,2.024420E-04,4.689120E-04,3.763850E-04,7.189310E-04
1153.223,-6.631580E-05,1.125090E-04,4.829900E-05,1.680130E-04,7.023630E-04,6.117410E-04,7.852910E-04
1155.152,-1.140650E-04,4.799290E-05,2.103280E-04,1.559000E-04,7.839990E-04,7.795320E-04,9.146250E-04
1157.08,-1.126390E-04,1.804710E-04,2.874060E-04,1.978490E-04,7.575810E-04,8.326090E-04,1.060000E-03
1159.009,-1.212730E-05,2.423690E-04,2.740380E-04,3.288540E-04,7.805560E-04,7.479670E-04,1.080000E-03
1160.937,1.548580E-04,2.165190E-04,1.561690E-04,3.833440E-04,7.953170E-04,8.978650E-04,1.100000E-03
1162.865,8.293450E-05,2.332360E-04,1.422410E-04,4.467130E-04,8.246650E-04,1.070000E-03,1.210000E-03
1164.794,9.388150E-05,2.337740E-04,2.621330E-04,5.630350E-04,9.317750E-04,1.180000E-03,1.530000E-03
1166.722,2.036660E-04,3.200850E-04,3.338290E-04,5.907290E-04,1.180000E-03,1.410000E-03,1.720000E-03
1168.651,1.522370E-04,3.057350E-04,2.023840E-04,6.976460E-04,1.430000E-03,1.590000E-03,1.910000E-03
1170.579,1.120940E-04,2.311450E-04,2.337040E-04,8.036260E-04,1.530000E-03,1.640000E-03,2.370000E-03
1172.508,3.198460E-05,1.912390E-04,3.043650E-04,9.110280E-04,1.540000E-03,1.900000E-03,2.750000E-03
1174.436,6.624910E-05,2.879550E-04,3.351920E-04,1.080000E-03,1.700000E-03,2.180000E-03,2.790000E-03
1176.365,2.238410E-04,3.467530E-04,5.661190E-04,1.330000E-03,2.090000E-03,2.430000E-03,2.920000E-03
1178.293,1.821650E-04,3.100200E-04,6.458160E-04,1.480000E-03,2.260000E-03,2.670000E-03,3.280000E-03
1180.222,1.419850E-04,4.534630E-04,5.313470E-04,1.410000E-03,2.250000E-03,2.830000E-03,3.770000E-03
1182.15,2.105340E-04,5.247590E-04,5.660140E-04,1.390000E-03,2.420000E-03,3.120000E-03,4.140000E-03
1184.079,2.723900E-04,4.041590E-04,8.112060E-04,1.680000E-03,2.670000E-03,3.530000E-03,4.450000E-03
1186.007,3.546680E-04,5.573230E-04,9.919470E-04,1.990000E-03,3.000000E-03,3.880000E-03,4.830000E-03
1187.936,3.674810E-04,7.265710E-04,1.070000E-03,2.050000E-03,3.210000E-03,4.130000E-03,5.220000E-03
1189.864,2.595800E-04,7.816150E-04,1.100000E-03,2.090000E-03,3.360000E-03,4.340000E-03,5.680000E-03
1191.792,2.501890E-04,8.124310E-04,1.210000E-03,2.310000E-03,3.600000E-03,4.700000E-03,6.190000E-03
1193.721,3.358150E-04,6.572360E-04,1.180000E-03,2.530000E-03,3.940000E-03,5.300000E-03,6.730000E-03
1195.649,3.160670E-04,5.649990E-04,1.320000E-03,2.590000E-03,4.130000E-03,5.780000E-03,7.170000E-03
1197.578,3.239660E-04,6.033640E-04,1.580000E-03,2.740000E-03,4.380000E-03,6.020000E-03,7.460000E-03
1199.506,3.507520E-04,6.155180E-04,1.650000E-03,3.000000E-03,4.780000E-03,6.180000E-03,7.910000E-03
1201.435,3.964280E-04,7.642450E-04,1.590000E-03,3.280000E-03,5.000000E-03,6.470000E-03,8.510000E-03
1203.363,6.126560E-04,8.941650E-04,1.580000E-03,3.460000E-03,5.120000E-03,6.800000E-03,8.820000E-03
1205.292,6.071760E-04,9.071240E-04,1.710000E-03,3.420000E-03,5.390000E-03,7.200000E-03,9.120000E-03
1207.22,5.217290E-04,9.437620E-04,1.790000E-03,3.460000E-03,5.700000E-03,7.530000E-03,9.430000E-03
1209.149,5.381660E-04,9.049530E-04,1.850000E-03,3.700000E-03,5.800000E-03,7.670000E-03,9.770000E-03
1211.077,4.676730E-04,8.592080E-04,1.910000E-03,3.850000E-03,5.860000E-03,7.700000E-03,9.720000E-03
1213.006,3.992490E-04,9.063010E-04,1.890000E-03,3.750000E-03,5.890000E-03,7.690000E-03,9.600000E-03
1214.934,3.896560E-04,9.889690E-04,1.660000E-03,3.930000E-03,5.840000E-03,7.670000E-03,9.590000E-03
1216.863,4.815520E-04,1.150000E-03,1.700000E-03,3.990000E-03,5.750000E-03,7.550000E-03,9.380000E-03
1218.791,4.466900E-04,1.160000E-03,1.910000E-03,3.740000E-03,5.580000E-03,7.400000E-03,9.200000E-03
1220.719,3.521790E-04,1.000000E-03,1.870000E-03,3.520000E-03,5.420000E-03,7.160000E-03,9.050000E-03
1222.648,3.386700E-04,8.850670E-04,1.700000E-03,3.330000E-03,5.320000E-03,6.870000E-03,8.660000E-03
1224.576,2.859970E-04,7.418880E-04,1.510000E-03,3.120000E-03,5.060000E-03,6.580000E-03,8.170000E-03
1226.505,3.613740E-04,6.523830E-04,1.450000E-03,3.000000E-03,4.720000E-03,6.270000E-03,7.740000E-03
1228.433,4.442660E-04,5.685360E-04,1.410000E-03,2.750000E-03,4.370000E-03,5.970000E-03,7.290000E-03
1230.362,2.984430E-04,6.142710E-04,1.310000E-03,2.670000E-03,4.060000E-03,5.590000E-03,6.850000E-03
1232.29,2.019730E-04,6.801900E-04,1.340000E-03,2.610000E-03,3.760000E-03,5.160000E-03,6.250000E-03
1234.219,2.736180E-04,6.439570E-04,1.310000E-03,2.340000E-03,3.420000E-03,4.750000E-03,5.770000E-03
1236.147,3.192200E-04,5.098450E-04,1.060000E-03,2.060000E-03,3.190000E-03,4.470000E-03,5.420000E-03
1238.076,1.961000E-04,4.947590E-04,9.162840E-04,1.860000E-03,2.940000E-03,4.020000E-03,4.860000E-03
1240.004,1.649450E-04,4.081880E-04,7.745720E-04,1.710000E-03,2.660000E-03,3.570000E-03,4.420000E-03
1241.933,1.666700E-04,3.580140E-04,5.861640E-04,1.620000E-03,2.430000E-03,3.200000E-03,4.080000E-03
1243.861,2.074490E-04,3.535780E-04,5.795090E-04,1.500000E-03,2.030000E-03,2.920000E-03,3.620000E-03
1245.79,3.288120E-04,3.094120E-04,5.566880E-04,1.320000E-03,1.640000E-03,2.600000E-03,3.220000E-03
1247.718,2.620690E-04,3.828810E-04,3.896600E-04,1.160000E-03,1.530000E-03,2.180000E-03,2.840000E-03
1249.646,6.316420E-05,4.982960E-04,2.798750E-04,1.010000E-03,1.470000E-03,1.880000E-03,2.520000E-03
1251.575,8.319990E-05,4.071110E-04,3.022840E-04,8.848690E-04,1.250000E-03,1.660000E-03,2.230000E-03
1253.503,1.749310E-04,2.376220E-04,3.606330E-04,6.563390E-04,1.160000E-03,1.550000E-03,1.900000E-03
1255.432,2.417930E-04,9.040500E-05,2.938410E-04,5.499490E-04,1.130000E-03,1.440000E-03,1.710000E-03
1257.36,1.823300E-04,-7.058010E-06,2.499280E-04,5.655110E-04,8.981070E-04,1.290000E-03,1.490000E-03
1259.289,7.474100E-05,8.677420E-05,2.121700E-04,6.200280E-04,7.473410E-04,1.120000E-03,1.230000E-03
1261.217,5.450660E-05,9.029560E-05,1.458010E-04,5.253780E-04,6.236140E-04,1.010000E-03,1.110000E-03
1263.146,1.429140E-04,4.131570E-05,1.603260E-04,2.768120E-04,4.792070E-04,8.614030E-04,1.010000E-03
1265.074,5.308030E-05,1.676150E-04,1.307180E-04,1.210420E-04,4.959390E-04,7.341970E-04,8.922370E-04
1267.003,-1.071350E-04,1.727530E-04,8.669270E-05,1.047820E-04,4.447950E-04,6.373430E-04,8.794960E-04
1268.931,-1.347550E-04,1.025420E-04,3.958090E-05,1.483500E-04,4.640330E-04,5.597620E-04,7.933010E-04
1270.86,-1.152260E-04,4.191960E-05,-1.709540E-06,1.942810E-04,5.514180E-04,3.931950E-04,5.583950E-04
1272.788,5.397590E-05,1.683130E-05,1.720330E-04,9.760050E-05,4.474640E-04,2.242770E-04,4.373810E-04
1274.717,1.645460E-04,1.183860E-04,2.141760E-04,7.065110E-05,2.172680E-04,1.743690E-04,3.283120E-04
1276.645,8.800990E-05,2.149920E-04,3.932630E-05,1.993610E-05,1.154350E-04,2.620880E-04,2.264370E-04
1278.573,6.124020E-05,1.487180E-04,-4.146060E-05,4.374420E-05,1.807330E-04,4.052270E-04,3.638650E-04
1280.502,5.682850E-05,7.715160E-05,-2.637600E-05,1.028440E-04,2.137680E-04,3.205810E-04,4.587730E-04
1282.43,-6.024900E-06,1.474340E-05,-3.184030E-08,1.778230E-04,1.613700E-04,2.576360E-04,3.757450E-04
1284.359,8.435600E-06,-1.568240E-04,1.822780E-05,1.604980E-04,1.786820E-04,2.327690E-04,1.973270E-04
1286.287,-3.318670E-05,-1.011670E-04,-1.366220E-05,7.312090E-05,2.927490E-04,8.631270E-05,6.953330E-05
1288.216,1.831940E-05,7.638930E-05,-3.890720E-05,-3.342190E-05,2.217490E-04,4.317190E-05,1.294770E-05
1290.144,-1.481200E-06,3.383280E-05,7.673180E-05,-1.250810E-04,1.068270E-04,7.307570E-05,-3.836920E-05
1292.073,-3.454640E-05,1.031380E-04,8.490480E-05,-1.263750E-04,1.244340E-04,1.914730E-06,-3.376820E-05
1294.001,2.093960E-05,1.526300E-04,1.429600E-04,-5.154280E-05,6.107140E-05,-2.391730E-05,3.194040E-05
1295.93,-4.499300E-06,-1.658880E-05,1.325670E-04,-1.921660E-05,-4.320210E-05,7.237070E-05,3.817620E-05
1297.858,-2.569160E-05,-8.284290E-05,5.299990E-05,4.548250E-06,-9.382650E-05,1.243150E-04,1.276080E-05
1299.787,-4.641880E-05,-6.364090E-05,-1.378870E-05,-1.709250E-05,1.961010E-05,3.995970E-05,-5.820040E-05
1301.715,-6.024730E-05,3.357000E-05,-5.317090E-05,2.273810E-05,7.440650E-05,4.371770E-05,-8.224570E-05
1303.644,-2.635490E-05,-4.146410E-07,-1.941480E-05,1.239240E-04,-2.081950E-05,5.046070E-05,5.479800E-05
1305.572,-4.870700E-05,3.840980E-05,6.665070E-05,3.023990E-05,-3.561250E-05,6.799500E-05,7.998860E-05
1307.5,-1.779600E-06,9.295970E-06,6.097230E-05,-7.128920E-05,-5.565120E-07,3.710210E-05,7.344590E-05
1309.429,1.342220E-04,-6.448230E-05,6.667370E-05,6.174230E-05,1.726850E-05,8.620030E-05,1.642660E-05
1311.357,6.595050E-05,-3.222470E-05,4.765970E-05,1.122370E-04,-1.018510E-06,1.645620E-04,4.497200E-05
1313.286,1.788820E-05,3.363970E-05,-1.817970E-05,3.375850E-05,1.628050E-05,1.907830E-04,6.459370E-05
1315.214,8.140850E-05,-1.360030E-05,-4.771540E-05,1.061280E-04,7.534670E-05,1.341780E-04,7.138100E-05
1317.143,8.373060E-05,-9.486190E-05,-5.616160E-05,1.922910E-04,3.222560E-05,8.063700E-05,1.280600E-04
1319.071,2.442220E-05,-8.136000E-05,-2.598870E-05,1.153580E-04,-2.552030E-05,7.917020E-05,1.259490E-04
1321,-4.701570E-05,2.611900E-05,4.709780E-05,7.668350E-06,5.070160E-05,1.095450E-04,1.649680E-04
1322.928,-3.268920E-05,5.861480E-05,1.911580E-04,-3.317310E-05,1.838540E-04,2.043840E-04,2.212490E-04
1324.857,1.433930E-05,1.056640E-04,1.909790E-04,3.499210E-05,1.719680E-04,2.324170E-04,1.912780E-04
1326.785,-1.192830E-05,2.359330E-04,1.453830E-04,1.302920E-04,6.454370E-05,2.524600E-04,3.072620E-04
1328.714,-7.679460E-05,1.711010E-04,7.315360E-05,2.132720E-05,-1.604460E-06,3.335630E-04,4.380480E-04
1330.642,-8.711300E-06,1.392270E-04,1.494430E-04,-4.997700E-05,2.027520E-04,3.616320E-04,5.425140E-04
1332.571,3.354350E-05,2.021650E-04,1.319890E-04,1.438700E-04,3.298800E-04,4.002810E-04,5.541750E-04
1334.499,2.425640E-05,1.737370E-04,6.115710E-05,1.646760E-04,3.071070E-04,4.232160E-04,4.952600E-04
1336.427,-2.612280E-05,1.650680E-04,1.156180E-04,6.808590E-05,3.443060E-04,5.062220E-04,5.303280E-04
1338.356,4.458880E-05,1.745000E-04,2.078940E-04,9.904800E-05,3.447130E-04,4.776870E-04,6.149640E-04
1340.284,1.870090E-04,9.108340E-05,2.005370E-04,2.275660E-04,3.352920E-04,3.915090E-04,7.487550E-04
1342.213,2.226130E-04,3.611700E-05,1.595950E-04,3.099180E-04,4.821760E-04,5.259500E-04,8.083650E-04
1344.141,7.042860E-05,8.717330E-05,2.048630E-04,2.341170E-04,5.883610E-04,7.176020E-04,8.222260E-04
1346.07,1.129570E-04,1.192420E-04,2.795760E-04,3.577250E-04,6.772500E-04,8.196420E-04,1.060000E-03
1347.998,1.933130E-04,1.296340E-04,3.568930E-04,4.925630E-04,7.245080E-04,8.545890E-04,1.230000E-03
1349.927,6.349590E-05,1.759940E-04,2.750630E-04,4.336750E-04,7.574830E-04,9.587740E-04,1.210000E-03
1351.855,8.797670E-05,1.240660E-04,2.950860E-04,3.972520E-04,7.531000E-04,1.050000E-03,1.250000E-03
1353.784,1.210510E-04,1.248790E-04,4.591590E-04,5.270840E-04,7.305030E-04,1.020000E-03,1.230000E-03
1355.712,1.443080E-04,1.843980E-04,5.142960E-04,6.032070E-04,7.865770E-04,9.043280E-04,1.210000E-03
1357.641,1.056910E-04,5.199610E-05,5.897900E-04,4.903730E-04,8.797260E-04,9.400870E-04,1.450000E-03
1359.569,3.496980E-05,1.065670E-04,5.625080E-04,5.279080E-04,9.246260E-04,1.110000E-03,1.690000E-03
1361.498,4.127190E-05,3.600540E-04,4.418480E-04,5.870160E-04,1.030000E-03,1.200000E-03,1.700000E-03
1363.426,3.364300E-05,3.788410E-04,4.251790E-04,6.026560E-04,1.020000E-03,1.350000E-03,1.710000E-03
1365.354,6.197000E-05,2.558960E-04,4.029940E-04,6.053340E-04,1.020000E-03,1.520000E-03,1.890000E-03
1367.283,1.489190E-04,1.941470E-04,4.372480E-04,6.902800E-04,1.100000E-03,1.600000E-03,2.170000E-03
1369.211,1.672340E-04,2.093140E-04,4.438480E-04,7.505380E-04,1.280000E-03,1.570000E-03,2.190000E-03
1371.14,8.436090E-05,3.029980E-04,5.454260E-04,7.290480E-04,1.510000E-03,1.560000E-03,2.250000E-03
1373.068,5.341200E-05,3.867510E-04,6.254440E-04,7.561620E-04,1.610000E-03,1.870000E-03,2.410000E-03
1374.997,5.497100E-05,2.884080E-04,6.020190E-04,8.093130E-04,1.610000E-03,2.110000E-03,2.630000E-03
1376.925,7.739470E-05,2.362360E-04,5.964830E-04,8.896740E-04,1.620000E-03,2.210000E-03,2.850000E-03
1378.854,5.500420E-05,2.689770E-04,7.179820E-04,1.040000E-03,1.640000E-03,2.400000E-03,3.010000E-03
1380.782,3.062470E-05,2.438620E-04,8.057790E-04,1.150000E-03,1.780000E-03,2.520000E-03,3.120000E-03
1382.711,2.302920E-05,3.630540E-04,7.589270E-04,1.230000E-03,1.970000E-03,2.540000E-03,3.270000E-03
1384.639,5.138860E-05,4.685780E-04,7.377890E-04,1.290000E-03,2.020000E-03,2.620000E-03,3.460000E-03
1386.568,1.331600E-04,3.682940E-04,8.601890E-04,1.330000E-03,2.030000E-03,2.740000E-03,3.510000E-03
1388.496,1.857810E-04,2.770520E-04,8.703850E-04,1.210000E-03,2.150000E-03,2.880000E-03,3.540000E-03
1390.424,1.889670E-04,3.815260E-04,7.768880E-04,1.280000E-03,2.180000E-03,2.910000E-03,3.790000E-03
1392.353,2.098040E-04,3.596540E-04,8.017540E-04,1.460000E-03,2.100000E-03,3.060000E-03,3.870000E-03
1394.281,1.809370E-04,4.136310E-04,9.218050E-04,1.310000E-03,2.130000E-03,3.240000E-03,3.960000E-03
1396.21,1.548580E-04,4.832060E-04,9.498060E-04,1.220000E-03,2.270000E-03,3.240000E-03,4.150000E-03
1398.138,8.130910E-05,5.304620E-04,1.030000E-03,1.250000E-03,2.380000E-03,3.270000E-03,4.200000E-03
1400.067,1.038670E-04,5.652490E-04,1.020000E-03,1.310000E-03,2.380000E-03,3.300000E-03,4.110000E-03
1401.995,1.821310E-04,5.324190E-04,8.564910E-04,1.330000E-03,2.270000E-03,3.170000E-03,3.960000E-03
1403.924,2.330330E-04,5.146860E-04,6.766340E-04,1.310000E-03,2.100000E-03,3.000000E-03,3.820000E-03
1405.852,2.658860E-04,4.648430E-04,6.623180E-04,1.220000E-03,1.920000E-03,2.780000E-03,3.690000E-03
1407.781,2.431540E-04,3.161470E-04,7.130160E-04,1.160000E-03,1.940000E-03,2.710000E-03,3.450000E-03
1409.709,2.805540E-04,2.545240E-04,6.802430E-04,1.160000E-03,2.050000E-03,2.740000E-03,3.310000E-03
1411.638,1.879050E-04,3.145880E-04,7.426830E-04,1.200000E-03,2.090000E-03,2.610000E-03,3.330000E-03
1413.566,2.051590E-04,2.664930E-04,7.089440E-04,1.210000E-03,1.970000E-03,2.460000E-03,3.250000E-03
1415.495,1.125250E-04,1.640720E-04,6.154240E-04,1.100000E-03,1.850000E-03,2.460000E-03,3.090000E-03
1417.423,2.896800E-06,1.567630E-04,6.053670E-04,1.010000E-03,1.770000E-03,2.380000E-03,2.980000E-03
1419.351,-2.463040E-05,3.524240E-04,6.984860E-04,9.726070E-04,1.700000E-03,2.300000E-03,2.800000E-03
1421.28,2.170250E-05,4.872990E-04,6.362230E-04,9.153560E-04,1.660000E-03,2.250000E-03,2.680000E-03
1423.208,3.055840E-05,4.177910E-04,4.973810E-04,8.512620E-04,1.640000E-03,2.050000E-03,2.630000E-03
1425.137,3.775600E-05,2.989210E-04,4.497400E-04,9.484510E-04,1.730000E-03,1.930000E-03,2.550000E-03
1427.065,1.011800E-04,2.428720E-04,4.113740E-04,8.448510E-04,1.570000E-03,1.980000E-03,2.420000E-03
1428.994,8.376380E-05,2.259810E-04,4.665280E-04,8.320030E-04,1.390000E-03,1.920000E-03,2.340000E-03
1430.922,-9.171640E-05,2.807020E-04,4.861880E-04,8.526370E-04,1.310000E-03,1.780000E-03,2.260000E-03
1432.851,-7.095830E-05,1.932620E-04,4.623110E-04,7.452040E-04,1.250000E-03,1.660000E-03,1.990000E-03
1434.779,7.623370E-05,9.543290E-05,3.367550E-04,6.954640E-04,1.210000E-03,1.510000E-03,1.850000E-03
1436.708,1.572140E-04,1.400950E-04,3.557130E-04,6.936890E-04,1.130000E-03,1.420000E-03,1.930000E-03
1438.636,5.384320E-05,2.111140E-04,5.377490E-04,6.693460E-04,1.160000E-03,1.430000E-03,1.880000E-03
1440.565,3.493660E-05,3.032000E-04,5.393640E-04,7.551230E-04,1.120000E-03,1.360000E-03,1.750000E-03
1442.493,1.568160E-04,3.244040E-04,4.411360E-04,7.456360E-04,9.678310E-04,1.260000E-03,1.680000E-03
1444.422,1.136860E-04,2.837700E-04,4.247730E-04,6.128110E-04,8.342580E-04,1.180000E-03,1.640000E-03
1446.35,5.679540E-05,2.433390E-04,4.070800E-04,4.640460E-04,8.160520E-04,1.100000E-03,1.460000E-03
1448.278,6.402660E-05,1.473560E-04,4.281000E-04,3.957720E-04,7.803960E-04,1.050000E-03,1.320000E-03
1450.207,8.866700E-06,1.698790E-04,3.663480E-04,3.392660E-04,7.688590E-04,1.050000E-03,1.290000E-03
1452.135,-1.355500E-04,2.545950E-04,3.243720E-04,2.386060E-04,7.829520E-04,8.714750E-04,1.250000E-03
1454.064,-1.749050E-04,1.746860E-04,3.348580E-04,1.268840E-04,6.845340E-04,7.762240E-04,1.040000E-03
1455.992,-5.281910E-05,7.918340E-05,3.188310E-04,1.391550E-04,6.030530E-04,6.581040E-04,8.281470E-04
1457.921,-9.337440E-05,5.328630E-05,2.717460E-04,2.100190E-04,6.046790E-04,5.451560E-04,8.042070E-04
1459.849,-1.434080E-04,1.295600E-04,2.343310E-04,2.258110E-04,5.303360E-04,5.613700E-04,7.704660E-04
1461.778,-4.161020E-05,2.386660E-04,3.057020E-04,1.709890E-04,3.571650E-04,4.946140E-04,7.484310E-04
1463.706,-4.718150E-05,1.815000E-04,3.402720E-04,9.220910E-05,2.752890E-04,4.088470E-04,8.144740E-04
1465.635,-1.295830E-04,1.076050E-04,2.757800E-04,5.817980E-05,4.022400E-04,3.823290E-04,8.279330E-04
1467.563,-5.099520E-05,3.617410E-05,2.142860E-04,-2.707250E-07,3.798720E-04,2.807280E-04,8.012250E-04
1469.492,3.526900E-06,4.202360E-05,1.763800E-04,3.114440E-05,2.857710E-04,1.673560E-04,7.214420E-04
1471.42,5.447350E-05,8.044760E-05,1.072320E-04,2.396520E-05,2.510890E-04,2.062570E-04,5.619940E-04
1473.349,2.311740E-04,4.434460E-05,1.241210E-04,-8.365750E-06,2.882340E-04,1.816680E-04,4.385740E-04
1475.277,2.734520E-04,-4.821140E-05,1.392500E-04,1.850150E-05,3.038960E-04,1.672670E-04,3.887280E-04
1477.205,4.196840E-05,2.678480E-06,8.458430E-05,-8.752790E-06,1.633680E-04,1.448900E-04,2.650300E-04
1479.134,-1.486470E-04,1.417950E-04,9.167830E-05,-1.174950E-05,1.311690E-04,1.580130E-04,2.545830E-04
1481.062,-6.757590E-05,2.072590E-04,1.750430E-04,-7.755410E-05,2.586950E-04,1.414690E-04,2.748530E-04
1482.991,1.149470E-04,1.715920E-04,6.174120E-05,-9.070170E-05,2.837810E-04,8.327150E-05,2.360520E-04
1484.919,1.408570E-04,5.181810E-05,6.063340E-05,5.548170E-05,2.488700E-04,6.448770E-05,2.136250E-04
1486.848,1.113640E-04,3.458710E-05,1.621220E-04,9.450000E-05,2.186750E-04,7.502890E-05,1.993560E-04
1488.776,6.405980E-05,3.326170E-05,1.733670E-04,4.988490E-05,1.733620E-04,5.272700E-05,1.206730E-04
1490.705,-5.560600E-06,-1.378460E-07,1.370950E-04,-1.622610E-05,1.283530E-04,-3.148580E-05,8.388940E-05
1492.633,3.102270E-05,9.383800E-05,6.164940E-05,-8.531300E-05,1.700620E-04,3.121740E-05,7.757800E-07
1494.562,2.744050E-05,2.504210E-04,9.404080E-05,-5.032160E-06,1.819670E-04,1.385360E-04,-2.142850E-05
1496.49,-1.627290E-05,2.243640E-04,1.141480E-04,1.094130E-04,1.315210E-04,8.788180E-05,8.340880E-05
1498.419,-6.167330E-05,4.737770E-05,1.242170E-04,4.313520E-05,1.455660E-04,-1.174190E-05,1.049400E-04
1500.347,-7.331280E-05,-6.450090E-05,1.019720E-04,3.859230E-05,1.497940E-04,-3.572890E-05,7.846890E-05
1502.276,-7.994480E-05,-6.268120E-06,1.165480E-04,9.030420E-05,2.474150E-05,5.074310E-05,2.726060E-05
1504.204,-9.838140E-05,1.364580E-04,2.943480E-05,3.917320E-05,-5.547430E-05,9.138910E-05,-4.765010E-05
1506.132,-7.679460E-05,1.463650E-04,6.004180E-05,-2.053970E-05,-7.396020E-05,-6.615920E-06,-7.600280E-05
1508.061,-2.967130E-05,1.660800E-04,1.499510E-05,-5.429230E-05,-9.415340E-05,-5.744920E-06,-7.083610E-05
1509.989,-6.605050E-05,1.242120E-04,1.077950E-05,-9.494620E-05,-4.555420E-05,2.708810E-05,2.416830E-05
1511.918,-3.955400E-05,6.961410E-05,9.891780E-05,2.617630E-05,1.362060E-05,-9.697920E-06,1.576100E-04
1513.846,4.442300E-05,5.084000E-06,7.577770E-05,6.489900E-05,1.058200E-05,3.334080E-06,2.356890E-04
1515.775,-2.768150E-05,-7.243160E-05,8.666700E-05,8.731890E-06,-2.767010E-05,5.704210E-05,1.659380E-04
1517.703,-9.599390E-05,-8.319780E-06,1.849160E-04,3.080770E-05,8.549510E-05,9.431080E-06,1.954110E-05
1519.632,-1.000060E-04,5.463970E-05,1.221260E-04,6.548800E-05,1.418990E-04,-1.032270E-04,-6.311290E-05
1521.56,-1.263000E-04,-3.892230E-05,-3.844400E-05,5.442360E-05,5.613020E-05,-1.297870E-04,-7.554690E-05
1523.489,-1.010010E-04,5.515750E-05,-1.023300E-04,1.036090E-04,1.162790E-04,-1.670090E-05,-2.807190E-05
1525.417,-5.829080E-05,1.276170E-04,4.970730E-06,1.228080E-04,1.615080E-04,1.166890E-04,-9.010690E-05
1527.346,-6.525470E-05,1.047790E-04,3.823160E-05,1.767840E-04,1.180250E-04,6.686010E-05,-1.540950E-04
1529.274,-4.558970E-05,1.926700E-04,5.658930E-05,2.114550E-04,1.855910E-04,-1.829740E-04,-7.192290E-05
1531.203,1.603300E-06,1.014640E-04,5.905950E-06,2.323260E-05,1.536350E-04,-9.823060E-05,-6.904890E-05
1533.131,2.913210E-05,-1.010370E-04,2.196790E-05,-1.311810E-04,-1.928430E-06,5.202520E-05,-6.014560E-06
1535.059,4.618100E-05,-1.534210E-05,1.077140E-04,4.876960E-05,7.181160E-05,6.587100E-05,7.072670E-05
1536.988,5.168720E-05,5.190700E-05,1.468890E-04,1.340550E-04,1.595720E-04,9.885060E-05,2.363310E-04
1538.916,3.274750E-05,4.481370E-05,5.432220E-05,-2.223750E-05,1.196630E-04,1.346460E-04,2.163000E-04
1540.845,-2.506150E-05,4.063740E-05,1.869960E-05,1.148180E-04,5.594230E-05,9.280100E-05,6.220980E-05
1542.773,-5.212270E-05,1.504970E-05,7.121210E-05,1.591720E-04,2.331950E-05,1.367050E-04,2.187310E-05
1544.702,-8.123800E-05,-9.245520E-05,8.369110E-05,-1.777190E-05,3.578380E-05,1.607740E-04,1.977640E-04
1546.63,-2.210990E-05,-1.022960E-04,1.534770E-04,-1.025830E-04,9.584700E-05,1.924840E-04,3.203160E-04
1548.559,8.303400E-05,-2.510770E-05,1.311270E-04,6.189930E-07,1.181640E-04,3.197670E-04,3.397110E-04
1550.487,5.404230E-05,-2.880040E-05,3.647290E-05,1.769140E-04,8.764550E-05,4.336680E-04,4.323130E-04
1552.416,-1.740050E-05,-3.464900E-05,8.732750E-05,2.614540E-04,1.063060E-04,4.399780E-04,4.331420E-04
1554.344,-2.897490E-05,1.442110E-05,1.880290E-04,1.955460E-04,1.830530E-04,3.909600E-04,5.040260E-04
1556.273,7.613420E-05,1.580120E-04,1.782620E-04,6.969870E-05,1.886700E-04,4.420000E-04,5.412010E-04
1558.201,1.699210E-04,2.217300E-04,2.007060E-04,3.846890E-05,2.000240E-04,4.450220E-04,4.718310E-04
1560.13,2.350570E-04,1.165420E-04,3.067810E-04,1.333060E-04,2.721090E-04,5.237030E-04,5.490790E-04
1562.058,2.198250E-04,-2.192990E-05,2.873790E-04,3.351310E-04,3.638550E-04,6.441270E-04,7.538020E-04
1563.986,1.230750E-04,-5.714020E-05,2.886370E-04,3.548970E-04,3.557650E-04,7.578030E-04,7.796370E-04
1565.915,4.538490E-05,-2.716290E-05,3.846340E-04,2.511500E-04,3.825840E-04,7.694500E-04,7.257470E-04
1567.843,9.068000E-07,9.871870E-05,4.480220E-04,3.409210E-04,4.928540E-04,7.076120E-04,8.348420E-04
1569.772,1.547590E-04,1.886570E-04,4.371200E-04,4.265240E-04,5.212320E-04,8.427150E-04,1.060000E-03
1571.7,2.729880E-04,1.576410E-04,4.005680E-04,4.454310E-04,5.202970E-04,8.993730E-04,1.110000E-03
1573.629,2.789280E-04,1.479820E-04,4.203320E-04,3.921170E-04,5.435660E-04,9.747380E-04,1.160000E-03
1575.557,2.721580E-04,1.744780E-04,4.661800E-04,4.121180E-04,5.777880E-04,1.160000E-03,1.220000E-03
1577.486,2.317710E-04,1.878060E-04,5.642100E-04,5.997520E-04,5.902090E-04,1.280000E-03,1.250000E-03
1579.414,1.901610E-04,2.050540E-04,5.145880E-04,7.707430E-04,6.465360E-04,1.260000E-03,1.370000E-03
1581.343,1.338240E-04,1.826330E-04,5.144510E-04,7.397300E-04,6.771710E-04,1.250000E-03,1.470000E-03
1583.271,1.846530E-04,1.599190E-04,6.882830E-04,7.388700E-04,6.867940E-04,1.330000E-03,1.440000E-03
1585.2,3.172950E-04,-3.289010E-05,6.914700E-04,7.530700E-04,6.316580E-04,1.380000E-03,1.330000E-03
1587.128,3.520800E-04,-1.213940E-04,7.094180E-04,7.193310E-04,6.243570E-04,1.320000E-03,1.220000E-03
1589.057,3.433830E-04,-3.890810E-06,7.031970E-04,6.556460E-04,6.645580E-04,1.320000E-03,1.330000E-03
1590.985,3.212770E-04,1.736180E-05,6.884980E-04,6.446160E-04,6.223890E-04,1.360000E-03,1.390000E-03
1592.913,3.096280E-04,-6.575400E-05,5.494860E-04,5.983220E-04,4.961880E-04,1.210000E-03,1.240000E-03
1594.842,2.980110E-04,-8.734260E-05,5.327330E-04,5.656250E-04,5.701500E-04,1.220000E-03,1.200000E-03
1596.77,2.053250E-04,-1.072340E-04,5.197350E-04,5.647320E-04,7.406340E-04,1.330000E-03,1.350000E-03
1598.699,2.267280E-04,-7.404230E-05,4.160270E-04,6.446660E-04,6.670120E-04,1.370000E-03,1.480000E-03
1600.627,2.333970E-04,-9.191140E-06,4.886560E-04,6.565360E-04,5.719640E-04,1.420000E-03,1.550000E-03
1602.556,1.434780E-04,-4.732050E-05,5.157010E-04,5.543760E-04,5.581640E-04,1.390000E-03,1.600000E-03
1604.484,1.490190E-04,-1.691670E-05,4.485740E-04,5.218480E-04,5.508320E-04,1.510000E-03,1.670000E-03
1606.413,1.502130E-04,-6.364380E-07,3.563440E-04,6.226130E-04,7.473470E-04,1.610000E-03,1.770000E-03
1608.341,1.055590E-04,-4.519860E-05,4.290290E-04,7.278230E-04,8.576010E-04,1.530000E-03,1.950000E-03
1610.27,1.317010E-04,-1.499360E-05,4.914930E-04,7.232730E-04,8.390410E-04,1.580000E-03,2.030000E-03
1612.198,1.269570E-04,2.350340E-05,4.274270E-04,6.810260E-04,9.724010E-04,1.790000E-03,2.120000E-03
1614.127,1.402600E-04,2.267550E-04,5.613710E-04,7.930670E-04,1.080000E-03,1.890000E-03,2.310000E-03
1616.055,1.132220E-04,3.321330E-04,7.249130E-04,9.643750E-04,1.070000E-03,1.990000E-03,2.530000E-03
1617.984,1.333260E-04,9.818610E-05,6.289010E-04,1.090000E-03,1.260000E-03,2.140000E-03,2.520000E-03
1619.912,1.102030E-04,-1.092820E-04,4.622310E-04,1.010000E-03,1.610000E-03,2.270000E-03,2.390000E-03
1621.84,1.078140E-04,-1.303320E-04,4.370740E-04,8.732580E-04,1.540000E-03,2.230000E-03,2.560000E-03
1623.769,1.075730E-05,-1.226410E-04,4.394620E-04,9.505230E-04,1.600000E-03,2.240000E-03,2.830000E-03
1625.697,-9.516500E-05,-5.855980E-05,5.210340E-04,1.090000E-03,1.690000E-03,2.400000E-03,3.010000E-03
1627.626,5.055940E-05,1.023650E-04,5.064750E-04,1.120000E-03,1.700000E-03,2.510000E-03,3.160000E-03
1629.554,9.703300E-05,1.605090E-04,5.832730E-04,1.190000E-03,1.640000E-03,2.680000E-03,3.320000E-03
1631.483,6.133980E-05,9.002740E-05,7.918760E-04,1.280000E-03,1.790000E-03,2.630000E-03,3.420000E-03
1633.411,1.107010E-04,1.163230E-05,7.806660E-04,1.350000E-03,1.950000E-03,2.590000E-03,3.400000E-03
1635.34,2.565600E-04,-3.070980E-05,6.689840E-04,1.370000E-03,1.890000E-03,2.700000E-03,3.340000E-03
1637.268,3.385370E-04,5.178980E-05,6.363370E-04,1.280000E-03,1.940000E-03,2.670000E-03,3.330000E-03
1639.197,3.541040E-04,1.846240E-04,7.424150E-04,1.310000E-03,2.040000E-03,2.700000E-03,3.470000E-03
1641.125,3.656890E-04,1.235590E-04,7.886950E-04,1.290000E-03,2.090000E-03,2.840000E-03,3.650000E-03
1643.054,3.740870E-04,-7.258360E-05,6.850240E-04,1.200000E-03,2.080000E-03,2.920000E-03,3.690000E-03
1644.982,1.939100E-04,-1.850890E-04,7.344890E-04,1.210000E-03,1.990000E-03,2.990000E-03,3.720000E-03
1646.911,3.689360E-05,-1.876660E-04,7.791720E-04,1.430000E-03,2.070000E-03,2.980000E-03,3.760000E-03
1648.839,1.733060E-04,-9.224780E-05,7.159620E-04,1.500000E-03,2.150000E-03,2.870000E-03,3.780000E-03
1650.767,2.204890E-04,1.363530E-05,6.357090E-04,1.350000E-03,2.290000E-03,2.850000E-03,3.830000E-03
1652.696,2.669810E-04,4.220580E-05,5.956520E-04,1.260000E-03,2.390000E-03,2.850000E-03,3.790000E-03
1654.624,3.098930E-04,7.648130E-05,7.046120E-04,1.270000E-03,2.400000E-03,2.910000E-03,3.940000E-03
1656.553,3.510170E-04,1.132480E-04,8.869300E-04,1.330000E-03,2.340000E-03,3.020000E-03,3.980000E-03
1658.481,3.266540E-04,2.986110E-05,8.045170E-04,1.420000E-03,2.430000E-03,3.130000E-03,4.030000E-03
1660.41,2.435850E-04,4.118840E-05,6.884090E-04,1.510000E-03,2.430000E-03,3.140000E-03,4.100000E-03
1662.338,1.564840E-04,5.632870E-05,7.214170E-04,1.570000E-03,2.450000E-03,3.260000E-03,4.210000E-03
1664.267,7.072720E-05,5.797320E-05,8.149120E-04,1.610000E-03,2.430000E-03,3.270000E-03,4.300000E-03
1666.195,1.493840E-04,-1.107800E-05,9.280840E-04,1.660000E-03,2.420000E-03,3.340000E-03,4.340000E-03
1668.124,2.060220E-04,7.644990E-05,9.087540E-04,1.700000E-03,2.580000E-03,3.470000E-03,4.560000E-03
1670.052,2.702660E-04,1.637290E-04,8.583290E-04,1.750000E-03,2.710000E-03,3.610000E-03,4.830000E-03
1671.981,3.101590E-04,1.122060E-04,9.285700E-04,1.870000E-03,2.790000E-03,3.840000E-03,5.120000E-03
1673.909,1.897960E-04,2.154140E-04,1.000000E-03,1.900000E-03,3.120000E-03,4.150000E-03,5.330000E-03
1675.838,3.115540E-05,3.509990E-04,9.156880E-04,1.890000E-03,3.300000E-03,4.330000E-03,5.580000E-03
1677.766,7.805400E-06,2.652470E-04,1.010000E-03,1.990000E-03,3.390000E-03,4.480000E-03,5.880000E-03
1679.694,1.392320E-04,3.124450E-04,1.230000E-03,2.160000E-03,3.540000E-03,4.700000E-03,6.190000E-03
1681.623,2.014430E-04,4.488890E-04,1.220000E-03,2.290000E-03,3.700000E-03,5.060000E-03,6.560000E-03
1683.551,2.178680E-04,4.928860E-04,1.280000E-03,2.490000E-03,4.000000E-03,5.270000E-03,7.050000E-03
1685.48,3.206470E-04,4.606420E-04,1.330000E-03,2.650000E-03,4.420000E-03,5.590000E-03,7.590000E-03
1687.408,3.317660E-04,4.224250E-04,1.340000E-03,2.680000E-03,4.750000E-03,5.940000E-03,8.100000E-03
1689.337,3.505860E-04,4.653580E-04,1.520000E-03,2.940000E-03,5.080000E-03,6.390000E-03,8.590000E-03
1691.265,4.586090E-04,4.410140E-04,1.660000E-03,3.280000E-03,5.410000E-03,6.980000E-03,9.100000E-03
1693.194,4.357340E-04,4.962290E-04,1.720000E-03,3.500000E-03,5.670000E-03,7.490000E-03,9.590000E-03
1695.122,4.121630E-04,7.149810E-04,1.890000E-03,3.780000E-03,6.070000E-03,7.840000E-03,1.014000E-02
1697.051,5.499220E-04,8.863960E-04,2.090000E-03,4.140000E-03,6.600000E-03,8.090000E-03,1.093000E-02
1698.979,6.380320E-04,9.132250E-04,2.090000E-03,4.330000E-03,6.910000E-03,8.540000E-03,1.173000E-02
1700.908,5.247840E-04,9.534800E-04,2.140000E-03,4.470000E-03,7.150000E-03,9.130000E-03,1.233000E-02
1702.836,5.074500E-04,1.020000E-03,2.380000E-03,4.690000E-03,7.590000E-03,9.740000E-03,1.289000E-02
1704.765,5.708430E-04,1.100000E-03,2.590000E-03,4.940000E-03,7.930000E-03,1.021000E-02,1.345000E-02
1706.693,5.928290E-04,1.110000E-03,2.680000E-03,5.150000E-03,8.240000E-03,1.054000E-02,1.383000E-02
1708.621,5.224590E-04,1.140000E-03,2.780000E-03,5.330000E-03,8.490000E-03,1.092000E-02,1.411000E-02
1710.55,4.531970E-04,1.160000E-03,2.830000E-03,5.410000E-03,8.510000E-03,1.122000E-02,1.438000E-02
1712.478,4.801240E-04,1.220000E-03,2.840000E-03,5.460000E-03,8.610000E-03,1.139000E-02,1.469000E-02
1714.407,5.430810E-04,1.320000E-03,2.950000E-03,5.600000E-03,8.890000E-03,1.135000E-02,1.479000E-02
1716.335,5.942230E-04,1.360000E-03,2.980000E-03,5.670000E-03,9.000000E-03,1.133000E-02,1.491000E-02
1718.264,6.344440E-04,1.290000E-03,2.960000E-03,5.540000E-03,9.010000E-03,1.150000E-02,1.481000E-02
1720.192,5.805070E-04,1.280000E-03,2.930000E-03,5.430000E-03,8.850000E-03,1.134000E-02,1.460000E-02
1722.121,5.743970E-04,1.300000E-03,2.910000E-03,5.380000E-03,8.550000E-03,1.104000E-02,1.449000E-02
1724.049,5.398930E-04,1.200000E-03,2.830000E-03,5.420000E-03,8.460000E-03,1.087000E-02,1.432000E-02
1725.978,5.015070E-04,1.070000E-03,2.680000E-03,5.370000E-03,8.350000E-03,1.053000E-02,1.393000E-02
1727.906,4.683370E-04,1.030000E-03,2.600000E-03,5.170000E-03,8.040000E-03,1.007000E-02,1.344000E-02
1729.835,4.856020E-04,1.030000E-03,2.420000E-03,4.880000E-03,7.610000E-03,9.670000E-03,1.285000E-02
1731.763,6.620800E-04,1.010000E-03,2.350000E-03,4.490000E-03,7.280000E-03,9.150000E-03,1.225000E-02
1733.692,6.057150E-04,9.376470E-04,2.420000E-03,4.120000E-03,6.880000E-03,8.500000E-03,1.153000E-02
1735.62,3.927430E-04,7.995010E-04,2.260000E-03,3.820000E-03,6.330000E-03,7.900000E-03,1.056000E-02
1737.548,4.147190E-04,6.681420E-04,1.980000E-03,3.490000E-03,5.810000E-03,7.220000E-03,9.500000E-03
1739.477,3.436820E-04,6.134090E-04,1.750000E-03,3.190000E-03,5.200000E-03,6.460000E-03,8.560000E-03
1741.405,1.550910E-04,5.088260E-04,1.590000E-03,2.850000E-03,4.530000E-03,5.740000E-03,7.650000E-03
1743.334,7.062770E-05,3.521400E-04,1.620000E-03,2.490000E-03,3.980000E-03,4.900000E-03,6.720000E-03
1745.262,1.789130E-04,3.175530E-04,1.400000E-03,2.140000E-03,3.460000E-03,4.180000E-03,5.800000E-03
1747.191,1.422510E-04,4.315840E-04,1.040000E-03,1.800000E-03,2.970000E-03,3.570000E-03,4.810000E-03
1749.119,2.923160E-05,2.117360E-04,7.475870E-04,1.520000E-03,2.480000E-03,3.010000E-03,3.980000E-03
1751.048,7.072720E-05,-3.624360E-05,6.097280E-04,1.180000E-03,2.080000E-03,2.570000E-03,3.350000E-03
1752.976,9.238870E-05,-4.925190E-05,4.988600E-04,7.853810E-04,1.810000E-03,1.980000E-03,2.800000E-03
1754.905,8.960220E-05,7.655240E-05,4.058600E-04,5.077060E-04,1.550000E-03,1.330000E-03,2.310000E-03
1756.833,3.533460E-05,1.232940E-04,4.216030E-04,4.016120E-04,1.300000E-03,9.489730E-04,1.860000E-03
1758.762,-9.685610E-05,1.260070E-05,4.298050E-04,4.176300E-04,9.738120E-04,8.011040E-04,1.510000E-03
1760.69,-6.774170E-05,-1.091670E-04,2.327020E-04,3.652730E-04,6.694650E-04,6.493640E-04,1.300000E-03
1762.619,5.510370E-05,-8.011220E-05,1.485580E-04,2.780780E-04,5.244430E-04,4.565010E-04,1.040000E-03
1764.547,5.148810E-05,-3.862840E-06,1.620670E-04,1.906690E-04,4.293590E-04,3.646430E-04,7.296330E-04
1766.475,1.702590E-05,4.422850E-05,1.409140E-04,1.775220E-04,3.825610E-04,2.903240E-04,6.680520E-04
1768.404,-3.653620E-05,1.029370E-04,4.682960E-05,1.696880E-04,3.763140E-04,8.051980E-05,6.418060E-04
1770.332,-8.296230E-05,1.157550E-04,-5.320760E-05,4.186360E-05,3.409030E-04,4.056160E-05,3.499990E-04
1772.261,-1.153250E-04,9.093960E-05,1.150570E-05,-1.529560E-05,1.425560E-04,4.726720E-05,2.091250E-04
1774.189,-2.045170E-05,4.016410E-05,4.648620E-05,-5.628380E-05,-2.798010E-05,4.185500E-05,1.900530E-04
1776.118,1.026060E-04,-3.920950E-05,-1.306010E-04,3.735810E-05,-1.639080E-05,6.315550E-05,2.088610E-04
1778.046,1.742680E-04,-1.037550E-04,-1.482680E-04,8.174840E-05,1.042340E-04,3.621290E-05,1.410170E-04
1779.975,1.238050E-04,-1.543420E-05,4.651740E-05,3.623570E-05,1.001650E-04,2.822290E-05,1.595980E-05
1781.903,4.210110E-05,7.126640E-06,7.263150E-06,-7.760090E-06,8.280890E-05,3.916560E-05,5.060220E-05
1783.832,1.068520E-04,-1.396760E-05,-5.307300E-05,-1.883970E-04,7.600220E-05,1.197630E-06,3.217350E-05
1785.76,9.248820E-05,-3.013710E-05,-2.807390E-05,-2.107600E-04,-7.228780E-05,-3.145570E-05,2.152320E-06
1787.689,4.893410E-05,-3.878830E-05,-6.387800E-05,-3.680380E-05,-8.218230E-05,-1.183140E-04,2.190080E-06
1789.617,1.099040E-04,6.712560E-05,-4.302560E-05,5.863270E-05,-1.411220E-04,-1.552590E-04,-7.594210E-05
1791.546,1.203550E-04,3.672450E-05,6.390230E-05,-3.424800E-05,-8.127620E-05,-1.323970E-04,-1.086080E-04
1793.474,1.661390E-04,-8.890190E-05,3.969600E-05,-1.393540E-04,2.370440E-05,-6.781630E-05,-2.274550E-05
1795.402,9.063050E-05,-4.054500E-05,-8.430190E-06,-1.036130E-04,-5.901400E-05,-3.325880E-06,-2.480040E-05
1797.331,-7.387650E-05,4.892440E-05,1.046750E-04,-2.628190E-05,-1.181800E-04,8.787840E-05,5.291490E-05
1799.259,-3.915610E-05,5.463720E-06,1.459770E-04,1.051140E-04,-1.033920E-04,1.070180E-05,1.088480E-04
1801.188,1.095060E-04,-3.361750E-05,1.198780E-04,1.158430E-06,1.518410E-06,-2.108660E-04,1.833260E-05
1803.116,1.123590E-04,-2.271230E-05,5.093920E-05,-1.274320E-04,1.337270E-04,-6.520750E-05,-1.088870E-04
1805.045,1.519720E-04,1.188930E-05,-1.971590E-05,-1.353960E-05,1.678140E-05,1.530960E-04,-1.627490E-04
1806.973,1.465640E-04,1.269130E-04,-1.469750E-05,1.735150E-04,-1.056040E-04,1.739730E-04,9.199280E-06
1808.902,-9.446860E-05,4.793710E-05,5.073740E-05,1.207690E-04,-7.696360E-05,1.885900E-04,-6.958840E-06
1810.83,-7.865160E-05,-1.454660E-05,1.003620E-04,-1.672840E-05,4.078140E-05,2.584500E-04,3.643160E-06
1812.759,1.530330E-04,1.874110E-05,1.287130E-04,1.565900E-05,2.294640E-05,2.778910E-04,8.727090E-05
1814.687,8.718060E-05,4.991710E-05,7.539070E-05,9.633570E-05,-8.477530E-05,2.119590E-04,5.915230E-05
1816.616,-1.893260E-04,5.834390E-05,4.810220E-06,-5.955830E-05,-1.326270E-04,1.234050E-04,1.036940E-04
1818.544,-3.527330E-04,1.786900E-05,4.861330E-05,-1.574670E-05,-1.427490E-04,-5.621590E-06,2.067600E-04
1820.473,-2.198910E-04,3.796720E-05,1.468250E-04,1.359260E-04,1.288560E-04,-5.227930E-05,1.966070E-04
1822.401,-1.958940E-05,9.206530E-05,2.458660E-05,1.708170E-04,1.056680E-04,-1.188030E-04,5.308710E-05
1824.329,8.558830E-05,1.575170E-04,-3.055770E-06,6.187070E-05,9.655830E-05,-1.556000E-04,-1.558850E-04
1826.258,7.925230E-05,1.500380E-04,3.338070E-05,2.951270E-05,1.094120E-04,-2.786050E-05,-5.533190E-05
1828.186,-6.087740E-05,1.263720E-04,5.657830E-05,7.041120E-05,-2.630310E-05,2.023430E-04,4.901230E-05
1830.115,-1.257690E-04,4.968400E-05,4.794960E-05,5.219840E-05,-7.649740E-06,2.287890E-04,8.492080E-05
1832.043,1.499810E-04,1.050790E-05,-4.751880E-05,1.061530E-04,1.332690E-04,7.339010E-05,1.778970E-04
1833.972,3.607760E-04,-3.161130E-05,-6.795470E-05,1.975160E-04,2.405650E-04,2.606580E-05,1.794050E-04
1835.9,3.930080E-04,3.670910E-05,2.974550E-05,1.231980E-04,7.841710E-05,1.726110E-04,1.930810E-04
1837.829,1.940430E-04,6.498190E-05,-4.347880E-06,2.705980E-05,-5.372420E-05,2.330080E-04,1.778910E-04
1839.757,-3.142900E-05,1.894320E-05,-3.366350E-05,-4.942190E-05,5.313730E-05,3.825140E-05,-7.067050E-06
1841.686,4.611460E-05,0.000000E+00,0.000000E+00,0.000000E+00,0.000000E+00,0.000000E+00,0.000000E+00
