Wavenumber,0.0252,0.0505,0.1009,0.2018,0.3027,0.4037,0.5046
850.4539,-2.005550E-04,0.000000E+00,0.000000E+00,0.000000E+00,0.000000E+00,0.000000E+00,0.000000E+00
852.3823,-1.654310E-04,1.437480E-04,-4.804110E-04,2.008820E-04,1.016110E-04,1.339540E-04,-2.288450E-04
854.3108,-1.228210E-04,-3.177410E-05,-4.325000E-04,-2.784850E-04,-3.976940E-05,-2.683370E-06,-2.665840E-04
856.2393,-3.905620E-04,-5.949230E-05,9.721490E-05,-1.405820E-04,1.352660E-04,3.293360E-04,9.922270E-05
858.1677,-5.457890E-04,-2.186190E-04,1.444240E-04,2.638890E-04,4.491010E-04,9.978910E-04,5.589670E-04
860.0962,-5.837930E-04,-2.129960E-04,-3.640850E-05,4.067660E-04,5.208100E-04,1.550000E-03,9.669060E-04
862.0247,-2.466990E-04,3.120980E-04,2.758360E-04,6.360710E-04,8.633150E-04,1.370000E-03,1.480000E-03
863.9531,7.737280E-05,4.190750E-04,6.325600E-04,9.852600E-04,1.200000E-03,1.360000E-03,1.800000E-03
865.8816,4.825700E-05,3.157950E-04,4.946670E-04,1.080000E-03,1.450000E-03,1.720000E-03,1.920000E-03
867.8101,5.362290E-05,4.170900E-04,3.692300E-04,8.806830E-04,1.330000E-03,1.940000E-03,2.100000E-03
869.7385,3.355590E-04,2.232690E-04,3.875530E-04,9.775160E-04,8.878940E-04,1.830000E-03,2.300000E-03
871.667,1.661570E-04,1.741570E-04,4.775990E-04,8.698730E-04,7.302360E-04,1.480000E-03,1.890000E-03
873.5955,-1.649670E-04,3.742640E-04,3.910100E-04,5.708580E-04,8.305140E-04,1.190000E-03,1.320000E-03
875.5239,-1.946630E-04,1.126060E-04,1.456290E-04,6.835010E-04,6.824830E-04,9.270410E-04,1.050000E-03
877.4524,-1.471890E-04,-1.325650E-04,1.811630E-05,4.605190E-04,5.448370E-04,6.249080E-04,7.667720E-04
879.3809,-1.118950E-04,-2.194650E-04,1.609020E-04,1.923770E-05,2.607560E-04,4.984700E-04,4.128420E-04
881.3093,1.054970E-04,1.083800E-04,9.894790E-05,-1.255350E-04,1.547110E-04,6.602500E-04,2.088020E-04
883.2378,3.358900E-04,3.008350E-04,1.623920E-05,1.571170E-04,3.767920E-04,3.453170E-04,-9.930120E-05
885.1663,3.638980E-04,3.261750E-04,-1.810370E-04,2.697320E-04,3.594220E-04,2.716330E-05,-3.869670E-04
887.0947,3.480540E-04,6.055740E-04,-2.848050E-04,4.088890E-04,2.601500E-04,8.558250E-05,-3.225610E-04
889.0232,2.651980E-04,5.683700E-04,1.255050E-05,4.471610E-04,1.706890E-04,1.605600E-04,-7.338220E-06
890.9517,-9.007420E-05,4.928100E-04,2.309910E-04,3.141480E-04,1.433490E-04,-7.782770E-05,-4.697220E-06
892.8801,-6.514020E-05,4.472890E-04,-9.246250E-05,1.948940E-04,1.277250E-04,4.416230E-05,2.724780E-06
894.8085,2.401130E-04,1.781700E-04,-2.476630E-04,1.361820E-04,4.226000E-05,2.900290E-04,4.771740E-05
896.737,1.847440E-04,6.518600E-05,1.939450E-06,5.666790E-05,2.238540E-04,4.643340E-04,1.046770E-04
898.6655,-1.267610E-04,2.163020E-04,4.595650E-04,5.698300E-05,4.273210E-04,5.466090E-04,4.764030E-05
900.5939,-1.504330E-04,3.302570E-06,4.319610E-04,8.651730E-05,4.566740E-04,4.349560E-04,-8.387600E-05
902.5224,5.597150E-06,-2.855800E-04,1.310090E-04,8.582900E-05,4.409420E-04,2.413630E-04,-1.040580E-04
904.4509,1.605570E-04,1.921180E-05,3.786600E-05,-9.157580E-05,3.673540E-04,8.877920E-05,5.249090E-05
906.3793,9.867260E-05,3.179820E-04,-2.450320E-04,-1.187330E-04,3.219880E-05,2.022690E-04,1.197240E-04
908.3078,-1.841380E-05,2.650170E-04,-2.124540E-04,1.352990E-04,-2.168550E-05,4.990570E-04,2.592300E-04
910.2363,-2.401460E-04,3.014650E-04,6.799730E-05,5.094150E-04,2.583420E-04,4.624630E-04,4.901550E-05
912.1647,-2.572910E-04,4.115580E-04,-1.261870E-04,6.338580E-04,3.156720E-04,5.326840E-04,-2.590880E-05
914.0932,-1.954050E-06,1.346370E-04,-1.766950E-04,4.909980E-04,4.021440E-04,7.569880E-04,4.372460E-04
916.0217,4.660080E-05,2.978510E-05,1.968740E-04,4.048930E-04,7.416360E-04,9.599040E-04,1.120000E-03
917.9501,6.855650E-06,5.229150E-05,4.201640E-04,3.833840E-04,9.555510E-04,9.901370E-04,1.330000E-03
919.8786,-9.275630E-05,6.863340E-05,2.953500E-04,6.164380E-04,7.892640E-04,1.050000E-03,1.330000E-03
921.8071,-1.938020E-04,1.809220E-04,1.465270E-04,7.274840E-04,6.067700E-04,1.050000E-03,1.170000E-03
923.7355,-8.788880E-05,2.233970E-04,2.729520E-04,7.971120E-04,5.583320E-04,7.971380E-04,8.966910E-04
925.664,2.805260E-05,1.165790E-04,5.372830E-04,5.617930E-04,4.735240E-04,7.380300E-04,8.029990E-04
927.5925,-8.725980E-05,1.039940E-04,4.250970E-04,2.434690E-04,2.750850E-04,7.239710E-04,6.467080E-04
929.5209,-1.619480E-05,1.613750E-04,3.693790E-04,4.089170E-04,2.858280E-04,5.247430E-04,5.022360E-04
931.4494,8.449470E-05,5.687660E-05,4.164850E-04,3.657350E-04,3.929760E-04,5.048160E-04,2.347690E-04
933.3779,-9.968650E-06,-1.267910E-04,2.913430E-04,1.960500E-04,3.625640E-04,3.314990E-04,2.058390E-04
935.3063,-1.506980E-04,-9.953780E-05,-1.520090E-04,1.591110E-04,1.274950E-04,2.283050E-04,4.518130E-04
937.2348,-4.434400E-05,1.849420E-05,-1.640250E-04,2.556060E-04,-6.780420E-06,2.550540E-04,5.103840E-04
939.1633,1.233530E-04,1.689440E-04,2.071570E-04,2.030430E-04,5.729860E-05,4.018530E-04,1.523660E-04
941.0917,5.680270E-05,2.078170E-04,2.795930E-04,1.269300E-04,1.767580E-04,3.338940E-04,-9.587980E-05
943.0202,-4.066810E-05,2.428810E-04,2.013170E-04,-1.968560E-05,1.900310E-04,2.083120E-04,-7.946300E-05
944.9487,-1.222910E-04,1.867070E-04,1.645130E-04,3.368160E-05,-5.813760E-05,1.621410E-05,-4.591220E-05
946.8771,-1.046430E-04,6.790330E-05,1.474260E-04,6.801640E-05,-1.479080E-05,-1.692920E-04,-5.755350E-05
948.8056,-1.330190E-04,2.072610E-04,-5.848090E-05,-1.311320E-04,2.377930E-04,-1.253570E-04,-1.654660E-04
950.7341,-9.219340E-05,1.161920E-04,-1.470730E-04,-2.875230E-05,3.660620E-05,-7.784110E-05,-1.336880E-04
952.6625,5.941960E-05,-2.993500E-04,1.011300E-04,1.575670E-04,-1.445110E-04,-5.467370E-05,-3.859620E-05
954.591,-8.573650E-05,-4.271860E-04,-3.050720E-05,1.675990E-04,-1.080130E-04,1.382830E-04,-5.362850E-06
956.5195,9.890450E-05,-2.200440E-04,-5.411180E-05,2.199300E-04,1.264870E-04,4.721280E-04,5.017200E-04
958.4479,3.193840E-04,1.051670E-04,2.686440E-05,4.337730E-04,4.077440E-04,7.040480E-04,1.050000E-03
960.3764,2.481650E-04,3.217860E-04,2.474120E-04,6.723310E-04,7.685250E-04,1.310000E-03,1.620000E-03
962.3049,1.984940E-04,2.064410E-04,4.325160E-04,1.160000E-03,1.240000E-03,2.100000E-03,2.590000E-03
964.2333,1.464440E-04,1.570380E-04,6.423310E-04,1.710000E-03,1.800000E-03,2.980000E-03,3.760000E-03
966.1618,2.560520E-04,3.008680E-04,1.010000E-03,1.940000E-03,2.210000E-03,3.600000E-03,4.420000E-03
968.0903,4.017530E-04,2.770720E-04,1.130000E-03,1.720000E-03,2.260000E-03,3.480000E-03,4.600000E-03
970.0187,2.840220E-04,1.191130E-04,8.586580E-04,1.440000E-03,2.280000E-03,3.090000E-03,4.250000E-03
971.9472,3.381770E-04,8.930220E-06,5.953580E-04,1.390000E-03,2.170000E-03,3.040000E-03,3.790000E-03
973.8757,4.265170E-04,6.398030E-05,5.289590E-04,1.570000E-03,1.910000E-03,3.340000E-03,3.980000E-03
975.8041,4.664990E-04,3.381510E-04,7.901940E-04,1.740000E-03,2.250000E-03,3.780000E-03,4.620000E-03
977.7326,3.218370E-04,5.061070E-04,1.130000E-03,1.920000E-03,2.770000E-03,4.360000E-03,5.290000E-03
979.6611,4.109690E-04,4.883740E-04,1.150000E-03,2.250000E-03,3.060000E-03,4.820000E-03,5.820000E-03
981.5895,5.990720E-04,3.042570E-04,1.190000E-03,2.270000E-03,3.070000E-03,4.480000E-03,5.480000E-03
983.518,6.100160E-04,2.591250E-04,1.100000E-03,2.050000E-03,2.800000E-03,3.700000E-03,4.610000E-03
985.4465,6.490540E-04,3.359750E-04,9.360430E-04,1.720000E-03,2.170000E-03,3.000000E-03,3.620000E-03
987.3749,3.743730E-04,3.141020E-04,9.165510E-04,1.210000E-03,1.590000E-03,2.440000E-03,2.800000E-03
989.3034,1.245450E-04,3.464880E-04,7.765450E-04,1.060000E-03,1.440000E-03,2.220000E-03,2.540000E-03
991.2319,8.277230E-05,2.914300E-04,4.895870E-04,1.060000E-03,1.200000E-03,2.170000E-03,2.390000E-03
993.1603,2.237430E-04,3.424980E-04,2.946320E-04,9.799980E-04,1.170000E-03,2.050000E-03,2.180000E-03
995.0888,3.624730E-04,4.306800E-04,3.691330E-04,1.150000E-03,1.240000E-03,2.010000E-03,2.060000E-03
997.0173,2.087330E-04,4.425930E-04,4.157280E-04,1.250000E-03,8.877760E-04,2.120000E-03,2.230000E-03
998.9457,9.916950E-05,2.554140E-04,4.131550E-04,1.220000E-03,9.040580E-04,2.210000E-03,2.510000E-03
1000.874,8.462720E-05,2.986460E-04,6.650340E-04,9.846150E-04,1.170000E-03,2.300000E-03,2.700000E-03
1002.803,2.698380E-04,3.758000E-04,9.139220E-04,9.146620E-04,1.570000E-03,2.470000E-03,2.780000E-03
1004.731,2.692740E-04,4.788930E-04,8.905970E-04,1.370000E-03,1.950000E-03,2.780000E-03,3.060000E-03
1006.66,3.702850E-05,3.572070E-04,7.865820E-04,1.650000E-03,2.080000E-03,2.970000E-03,3.680000E-03
1008.588,1.092070E-04,2.905680E-04,8.922750E-04,1.750000E-03,2.230000E-03,3.340000E-03,4.310000E-03
1010.517,1.855390E-04,4.732380E-04,1.110000E-03,2.020000E-03,2.660000E-03,4.060000E-03,5.010000E-03
1012.445,3.774880E-04,6.807580E-04,1.160000E-03,2.350000E-03,3.300000E-03,4.740000E-03,5.920000E-03
1014.373,6.692210E-04,4.102940E-04,1.130000E-03,2.570000E-03,3.540000E-03,4.970000E-03,6.420000E-03
1016.302,7.683440E-04,1.546290E-04,1.250000E-03,2.650000E-03,3.710000E-03,5.060000E-03,6.400000E-03
1018.23,6.785410E-04,3.004380E-04,1.380000E-03,2.670000E-03,3.720000E-03,5.100000E-03,6.470000E-03
1020.159,5.918420E-04,3.719160E-04,1.190000E-03,2.660000E-03,3.630000E-03,5.270000E-03,6.510000E-03
1022.087,6.305130E-04,2.775030E-04,1.160000E-03,2.680000E-03,3.750000E-03,5.510000E-03,6.540000E-03
1024.016,5.927370E-04,4.437660E-04,1.530000E-03,2.800000E-03,4.220000E-03,5.720000E-03,7.040000E-03
1025.944,5.760560E-04,7.075610E-04,1.780000E-03,3.050000E-03,4.820000E-03,6.340000E-03,8.140000E-03
1027.873,6.996390E-04,9.623100E-04,1.910000E-03,3.490000E-03,5.210000E-03,7.240000E-03,9.240000E-03
1029.801,8.375580E-04,7.832170E-04,2.090000E-03,4.020000E-03,5.830000E-03,8.230000E-03,1.027000E-02
1031.73,9.253020E-04,4.934430E-04,2.290000E-03,4.490000E-03,6.420000E-03,9.270000E-03,1.145000E-02
1033.658,7.918010E-04,5.967250E-04,2.520000E-03,4.980000E-03,6.920000E-03,1.007000E-02,1.263000E-02
1035.587,7.217650E-04,9.762130E-04,2.520000E-03,5.280000E-03,7.530000E-03,1.045000E-02,1.343000E-02
1037.515,8.223600E-04,1.050000E-03,2.400000E-03,5.470000E-03,7.720000E-03,1.063000E-02,1.383000E-02
1039.444,1.040000E-03,9.358600E-04,2.420000E-03,5.660000E-03,7.720000E-03,1.105000E-02,1.398000E-02
1041.372,1.060000E-03,9.172450E-04,2.610000E-03,5.900000E-03,8.190000E-03,1.150000E-02,1.440000E-02
1043.301,6.889240E-04,1.090000E-03,2.850000E-03,6.120000E-03,8.720000E-03,1.201000E-02,1.509000E-02
1045.229,5.339410E-04,1.100000E-03,3.110000E-03,6.340000E-03,8.830000E-03,1.280000E-02,1.586000E-02
1047.157,8.479780E-04,1.130000E-03,3.480000E-03,6.800000E-03,9.530000E-03,1.359000E-02,1.701000E-02
1049.086,1.130000E-03,1.350000E-03,3.690000E-03,7.420000E-03,1.072000E-02,1.449000E-02,1.847000E-02
1051.014,1.140000E-03,1.550000E-03,3.960000E-03,8.030000E-03,1.178000E-02,1.589000E-02,2.019000E-02
1052.943,1.140000E-03,1.790000E-03,4.400000E-03,8.890000E-03,1.288000E-02,1.785000E-02,2.258000E-02
1054.871,1.130000E-03,2.230000E-03,4.820000E-03,9.850000E-03,1.439000E-02,1.999000E-02,2.522000E-02
1056.8,1.310000E-03,2.400000E-03,5.240000E-03,1.072000E-02,1.612000E-02,2.203000E-02,2.769000E-02
1058.728,1.520000E-03,2.620000E-03,5.660000E-03,1.159000E-02,1.767000E-02,2.386000E-02,3.002000E-02
1060.657,1.630000E-03,2.920000E-03,6.060000E-03,1.243000E-02,1.862000E-02,2.529000E-02,3.175000E-02
1062.585,1.700000E-03,3.010000E-03,6.400000E-03,1.304000E-02,1.912000E-02,2.602000E-02,3.282000E-02
1064.514,1.620000E-03,2.870000E-03,6.650000E-03,1.325000E-02,1.920000E-02,2.606000E-02,3.280000E-02
1066.442,1.410000E-03,2.680000E-03,6.490000E-03,1.289000E-02,1.885000E-02,2.539000E-02,3.172000E-02
1068.371,1.260000E-03,2.670000E-03,6.110000E-03,1.223000E-02,1.788000E-02,2.420000E-02,2.993000E-02
1070.299,1.350000E-03,2.360000E-03,5.740000E-03,1.122000E-02,1.632000E-02,2.253000E-02,2.771000E-02
1072.228,1.320000E-03,2.060000E-03,5.220000E-03,1.012000E-02,1.493000E-02,2.035000E-02,2.545000E-02
1074.156,1.150000E-03,1.990000E-03,4.750000E-03,9.290000E-03,1.389000E-02,1.870000E-02,2.353000E-02
1076.084,1.040000E-03,2.030000E-03,4.370000E-03,8.770000E-03,1.326000E-02,1.773000E-02,2.221000E-02
1078.013,1.150000E-03,2.140000E-03,4.170000E-03,8.800000E-03,1.323000E-02,1.749000E-02,2.184000E-02
1079.941,1.180000E-03,2.180000E-03,4.270000E-03,9.230000E-03,1.343000E-02,1.795000E-02,2.228000E-02
1081.87,1.110000E-03,2.200000E-03,4.610000E-03,9.570000E-03,1.386000E-02,1.873000E-02,2.307000E-02
1083.798,1.190000E-03,2.200000E-03,4.790000E-03,9.670000E-03,1.416000E-02,1.931000E-02,2.338000E-02
1085.727,9.992220E-04,2.140000E-03,4.690000E-03,9.520000E-03,1.397000E-02,1.901000E-02,2.312000E-02
1087.655,8.877000E-04,2.490000E-03,4.600000E-03,8.930000E-03,1.328000E-02,1.798000E-02,2.198000E-02
1089.584,7.198740E-04,2.830000E-03,4.550000E-03,8.070000E-03,1.224000E-02,1.650000E-02,1.989000E-02
1091.512,8.196400E-04,2.000000E-03,3.780000E-03,7.250000E-03,1.068000E-02,1.473000E-02,1.782000E-02
1093.441,9.462460E-04,1.410000E-03,3.260000E-03,6.610000E-03,9.530000E-03,1.320000E-02,1.599000E-02
1095.369,7.890470E-04,1.350000E-03,3.040000E-03,6.170000E-03,8.720000E-03,1.211000E-02,1.476000E-02
1097.298,7.757090E-04,1.140000E-03,2.840000E-03,6.160000E-03,8.300000E-03,1.175000E-02,1.448000E-02
1099.226,7.297270E-04,1.180000E-03,2.930000E-03,6.310000E-03,8.430000E-03,1.193000E-02,1.464000E-02
1101.155,5.487970E-04,1.340000E-03,3.030000E-03,6.140000E-03,8.710000E-03,1.221000E-02,1.498000E-02
1103.083,4.853650E-04,1.120000E-03,2.890000E-03,6.280000E-03,8.770000E-03,1.239000E-02,1.525000E-02
1105.011,4.479990E-04,1.100000E-03,2.770000E-03,6.370000E-03,8.740000E-03,1.219000E-02,1.499000E-02
1106.94,5.427620E-04,1.280000E-03,2.690000E-03,6.020000E-03,8.270000E-03,1.143000E-02,1.422000E-02
1108.868,6.037810E-04,1.110000E-03,2.560000E-03,5.610000E-03,7.490000E-03,1.030000E-02,1.295000E-02
1110.797,5.026390E-04,8.871920E-04,2.350000E-03,5.000000E-03,6.780000E-03,9.240000E-03,1.138000E-02
1112.725,4.831100E-04,7.769000E-04,2.060000E-03,4.400000E-03,5.990000E-03,8.170000E-03,1.002000E-02
1114.654,4.548290E-04,6.016920E-04,1.740000E-03,3.810000E-03,5.310000E-03,7.180000E-03,9.110000E-03
1116.582,2.975100E-04,3.705700E-04,1.530000E-03,3.420000E-03,4.830000E-03,6.370000E-03,8.340000E-03
1118.511,1.261350E-04,3.192690E-04,1.490000E-03,3.230000E-03,4.520000E-03,5.870000E-03,7.630000E-03
1120.439,1.646990E-04,3.475680E-04,1.430000E-03,3.060000E-03,4.250000E-03,5.630000E-03,7.080000E-03
1122.368,1.644670E-04,4.428720E-04,1.200000E-03,2.970000E-03,3.990000E-03,5.520000E-03,6.830000E-03
1124.296,2.459780E-04,5.120380E-04,1.260000E-03,2.760000E-03,3.880000E-03,5.490000E-03,6.580000E-03
1126.225,3.829910E-04,5.057940E-04,1.430000E-03,2.830000E-03,3.820000E-03,5.410000E-03,6.520000E-03
1128.153,3.687380E-04,5.088440E-04,1.260000E-03,2.940000E-03,3.840000E-03,5.350000E-03,6.700000E-03
1130.082,3.704280E-04,5.283910E-04,1.200000E-03,2.950000E-03,4.010000E-03,5.210000E-03,6.780000E-03
1132.01,3.912780E-04,3.661950E-04,1.260000E-03,2.770000E-03,4.100000E-03,5.260000E-03,6.730000E-03
1133.938,3.115960E-04,2.481780E-04,1.320000E-03,2.650000E-03,3.960000E-03,5.360000E-03,6.700000E-03
1135.867,1.978650E-04,3.571950E-04,1.500000E-03,2.820000E-03,3.900000E-03,5.360000E-03,6.920000E-03
1137.795,1.857710E-04,5.182840E-04,1.460000E-03,2.980000E-03,4.010000E-03,5.420000E-03,7.010000E-03
1139.724,3.277700E-04,5.734180E-04,1.500000E-03,3.100000E-03,4.010000E-03,5.590000E-03,6.990000E-03
1141.652,4.654720E-04,5.111060E-04,1.490000E-03,3.140000E-03,4.090000E-03,5.750000E-03,6.950000E-03
1143.581,3.897860E-04,5.585380E-04,1.280000E-03,3.050000E-03,4.120000E-03,5.710000E-03,7.080000E-03
1145.509,3.914110E-04,6.843000E-04,1.300000E-03,3.190000E-03,4.180000E-03,5.830000E-03,7.340000E-03
1147.438,3.871010E-04,6.547100E-04,1.400000E-03,3.260000E-03,4.420000E-03,6.000000E-03,7.470000E-03
1149.366,4.049690E-04,6.516170E-04,1.290000E-03,3.160000E-03,4.510000E-03,6.140000E-03,7.480000E-03
1151.295,4.484970E-04,5.422890E-04,1.130000E-03,3.220000E-03,4.550000E-03,6.280000E-03,7.860000E-03
1153.223,5.342060E-04,4.952500E-04,1.230000E-03,3.450000E-03,4.760000E-03,6.470000E-03,8.290000E-03
1155.152,5.362620E-04,6.034960E-04,1.510000E-03,3.500000E-03,4.860000E-03,6.600000E-03,8.360000E-03
1157.08,4.985280E-04,6.720210E-04,1.740000E-03,3.500000E-03,4.970000E-03,6.560000E-03,8.240000E-03
1159.009,4.131900E-04,6.705560E-04,1.680000E-03,3.520000E-03,4.980000E-03,6.540000E-03,8.290000E-03
1160.937,4.111680E-04,5.673650E-04,1.490000E-03,3.420000E-03,4.790000E-03,6.470000E-03,8.090000E-03
1162.865,3.315150E-04,3.473580E-04,1.380000E-03,3.210000E-03,4.450000E-03,6.010000E-03,7.490000E-03
1164.794,3.631360E-04,3.781130E-04,1.280000E-03,3.010000E-03,4.040000E-03,5.510000E-03,7.040000E-03
1166.722,4.177980E-04,4.870910E-04,1.180000E-03,2.740000E-03,3.520000E-03,5.210000E-03,6.520000E-03
1168.651,2.870710E-04,4.500500E-04,1.000000E-03,2.510000E-03,3.140000E-03,4.880000E-03,6.000000E-03
1170.579,1.360410E-04,3.454530E-04,8.638560E-04,2.380000E-03,3.050000E-03,4.580000E-03,5.690000E-03
1172.508,1.933920E-04,1.641650E-04,8.106880E-04,2.310000E-03,3.060000E-03,4.270000E-03,5.450000E-03
1174.436,3.508050E-04,1.979580E-04,8.650690E-04,2.240000E-03,3.100000E-03,4.150000E-03,5.370000E-03
1176.365,2.903850E-04,3.217210E-04,9.055250E-04,2.240000E-03,3.100000E-03,4.140000E-03,5.320000E-03
1178.293,2.684460E-04,4.502300E-04,8.519500E-04,2.110000E-03,3.110000E-03,4.100000E-03,5.320000E-03
1180.222,2.513790E-04,5.156090E-04,7.826220E-04,2.140000E-03,3.140000E-03,4.080000E-03,5.360000E-03
1182.15,1.334570E-04,4.552340E-04,7.864780E-04,2.220000E-03,3.080000E-03,4.130000E-03,5.460000E-03
1184.079,1.105650E-04,3.962280E-04,8.071300E-04,2.270000E-03,2.950000E-03,4.170000E-03,5.420000E-03
1186.007,1.264000E-04,2.568160E-04,9.568070E-04,2.160000E-03,2.900000E-03,3.970000E-03,5.250000E-03
1187.936,1.929610E-04,2.089820E-04,9.987360E-04,1.930000E-03,2.780000E-03,3.760000E-03,5.090000E-03
1189.864,2.003170E-04,3.019250E-04,8.535570E-04,1.900000E-03,2.710000E-03,3.600000E-03,4.770000E-03
1191.792,1.347820E-04,3.895440E-04,7.022650E-04,1.800000E-03,2.570000E-03,3.350000E-03,4.220000E-03
1193.721,1.194100E-04,4.453890E-04,6.554500E-04,1.730000E-03,2.290000E-03,3.080000E-03,3.930000E-03
1195.649,2.095280E-04,3.581820E-04,6.973500E-04,1.580000E-03,1.990000E-03,2.850000E-03,3.760000E-03
1197.578,1.070870E-04,1.967610E-04,6.156610E-04,1.350000E-03,1.840000E-03,2.710000E-03,3.440000E-03
1199.506,7.624650E-05,2.733460E-04,4.223700E-04,1.260000E-03,1.760000E-03,2.510000E-03,3.070000E-03
1201.435,9.877200E-05,2.408360E-04,4.234290E-04,1.210000E-03,1.540000E-03,2.240000E-03,2.630000E-03
1203.363,-4.990740E-05,4.471240E-05,4.665060E-04,1.170000E-03,1.350000E-03,1.890000E-03,2.340000E-03
1205.292,-8.696170E-05,5.594960E-05,3.370610E-04,1.190000E-03,1.320000E-03,1.670000E-03,2.370000E-03
1207.22,3.878400E-05,8.462690E-05,1.061400E-04,1.070000E-03,1.290000E-03,1.700000E-03,2.520000E-03
1209.149,1.224580E-04,1.494850E-04,1.170140E-04,9.873260E-04,1.200000E-03,1.840000E-03,2.370000E-03
1211.077,-4.033710E-05,1.624820E-04,3.574450E-04,1.000000E-03,1.060000E-03,1.850000E-03,2.210000E-03
1213.006,-5.964320E-05,7.536850E-05,5.649700E-04,1.090000E-03,1.240000E-03,1.820000E-03,2.350000E-03
1214.934,-2.848130E-05,2.957910E-05,5.289280E-04,1.120000E-03,1.410000E-03,1.920000E-03,2.550000E-03
1216.863,-3.315000E-08,8.584060E-05,4.254360E-04,1.150000E-03,1.490000E-03,1.960000E-03,2.670000E-03
1218.791,-4.301950E-05,1.921850E-04,4.201680E-04,1.190000E-03,1.540000E-03,1.950000E-03,2.710000E-03
1220.719,-1.638750E-04,2.371890E-04,3.339110E-04,1.240000E-03,1.640000E-03,2.100000E-03,2.850000E-03
1222.648,-1.357000E-04,1.954290E-04,3.748140E-04,1.340000E-03,1.710000E-03,2.290000E-03,3.010000E-03
1224.576,-9.041350E-06,2.523080E-04,5.259250E-04,1.410000E-03,1.760000E-03,2.430000E-03,3.190000E-03
1226.505,1.076830E-04,2.849120E-04,6.880480E-04,1.460000E-03,1.870000E-03,2.610000E-03,3.390000E-03
1228.433,-6.756250E-06,3.500620E-04,7.319450E-04,1.670000E-03,2.000000E-03,2.770000E-03,3.590000E-03
1230.362,-1.442750E-04,3.554000E-04,6.570860E-04,1.750000E-03,2.200000E-03,2.920000E-03,3.780000E-03
1232.29,-6.514020E-05,3.579520E-04,6.904200E-04,1.650000E-03,2.380000E-03,3.110000E-03,4.010000E-03
1234.219,1.331400E-05,5.443770E-04,7.299540E-04,1.750000E-03,2.420000E-03,3.240000E-03,4.310000E-03
1236.147,9.191480E-05,6.659690E-04,8.110370E-04,1.960000E-03,2.590000E-03,3.320000E-03,4.480000E-03
1238.076,1.762950E-04,4.870520E-04,8.940020E-04,2.130000E-03,2.820000E-03,3.460000E-03,4.510000E-03
1240.004,7.796900E-05,3.555830E-04,8.903930E-04,2.160000E-03,2.830000E-03,3.640000E-03,4.560000E-03
1241.933,2.629730E-05,2.789490E-04,9.288430E-04,2.140000E-03,2.710000E-03,3.880000E-03,4.730000E-03
1243.861,1.739430E-04,3.149700E-04,9.677950E-04,2.210000E-03,2.710000E-03,3.950000E-03,4.970000E-03
1245.79,1.945180E-04,3.183170E-04,9.349900E-04,2.190000E-03,2.880000E-03,3.870000E-03,5.070000E-03
1247.718,9.830820E-05,3.667170E-04,9.002850E-04,2.190000E-03,2.970000E-03,3.930000E-03,4.970000E-03
1249.646,1.360410E-04,4.257720E-04,8.711830E-04,2.180000E-03,2.880000E-03,3.990000E-03,5.020000E-03
1251.575,2.274210E-04,5.527060E-04,9.760540E-04,2.180000E-03,2.810000E-03,4.030000E-03,5.070000E-03
1253.503,2.884960E-04,6.444850E-04,9.526120E-04,2.090000E-03,2.840000E-03,4.070000E-03,5.030000E-03
1255.432,3.126560E-04,5.995330E-04,9.557360E-04,2.110000E-03,2.950000E-03,4.110000E-03,4.980000E-03
1257.36,2.941960E-04,4.596370E-04,9.228300E-04,2.290000E-03,2.990000E-03,4.070000E-03,4.900000E-03
1259.289,2.516780E-04,5.389830E-04,9.074580E-04,2.380000E-03,2.910000E-03,3.980000E-03,4.860000E-03
1261.217,2.140340E-04,7.633320E-04,8.725920E-04,2.330000E-03,2.800000E-03,3.850000E-03,4.900000E-03
1263.146,1.586690E-04,6.592710E-04,7.925180E-04,2.200000E-03,2.720000E-03,3.810000E-03,4.830000E-03
1265.074,5.928700E-05,3.856300E-04,6.839800E-04,2.000000E-03,2.690000E-03,3.840000E-03,4.650000E-03
1267.003,1.290510E-04,3.614410E-04,6.661200E-04,1.940000E-03,2.590000E-03,3.640000E-03,4.450000E-03
1268.931,2.489600E-04,4.200300E-04,6.744370E-04,1.810000E-03,2.460000E-03,3.380000E-03,4.200000E-03
1270.86,1.782170E-04,4.531420E-04,6.626740E-04,1.570000E-03,2.340000E-03,2.990000E-03,4.020000E-03
1272.788,1.165280E-04,4.834010E-04,6.622980E-04,1.550000E-03,2.230000E-03,2.800000E-03,3.770000E-03
1274.717,1.499550E-04,3.599020E-04,7.033240E-04,1.570000E-03,2.020000E-03,2.680000E-03,3.490000E-03
1276.645,1.367040E-04,2.741820E-04,6.012060E-04,1.470000E-03,1.850000E-03,2.470000E-03,3.220000E-03
1278.573,2.006480E-04,2.939480E-04,5.580110E-04,1.360000E-03,1.750000E-03,2.380000E-03,3.200000E-03
1280.502,1.787800E-04,3.017400E-04,5.902690E-04,1.370000E-03,1.690000E-03,2.390000E-03,3.180000E-03
1282.43,1.219940E-04,2.873080E-04,5.862970E-04,1.290000E-03,1.810000E-03,2.400000E-03,3.010000E-03
1284.359,1.217960E-04,1.784900E-04,4.409370E-04,1.190000E-03,1.800000E-03,2.360000E-03,2.860000E-03
1286.287,6.501740E-05,2.673010E-04,4.122040E-04,1.220000E-03,1.600000E-03,2.290000E-03,2.920000E-03
1288.216,1.218790E-05,3.529780E-04,5.075010E-04,1.300000E-03,1.560000E-03,2.230000E-03,3.100000E-03
1290.144,5.160250E-05,2.493180E-04,5.826050E-04,1.370000E-03,1.670000E-03,2.280000E-03,3.080000E-03
1292.073,-8.987560E-05,1.734050E-04,6.079050E-04,1.410000E-03,1.760000E-03,2.390000E-03,2.940000E-03
1294.001,-1.029550E-04,2.566090E-04,4.643030E-04,1.390000E-03,1.750000E-03,2.420000E-03,2.910000E-03
1295.93,5.756450E-05,3.256970E-04,2.882100E-04,1.370000E-03,1.750000E-03,2.440000E-03,2.910000E-03
1297.858,2.061150E-04,3.200880E-04,3.722940E-04,1.410000E-03,1.760000E-03,2.500000E-03,3.030000E-03
1299.787,2.503850E-04,2.788890E-04,5.509050E-04,1.470000E-03,1.770000E-03,2.500000E-03,3.160000E-03
1301.715,2.050880E-04,2.412410E-04,5.778320E-04,1.480000E-03,1.900000E-03,2.370000E-03,3.100000E-03
1303.644,1.754340E-04,2.764280E-04,6.661330E-04,1.530000E-03,1.900000E-03,2.310000E-03,3.100000E-03
1305.572,1.474380E-04,2.793440E-04,6.946650E-04,1.430000E-03,1.810000E-03,2.400000E-03,3.210000E-03
1307.5,6.859480E-05,2.091960E-04,7.327240E-04,1.390000E-03,1.750000E-03,2.530000E-03,3.210000E-03
1309.429,-2.947550E-06,2.726710E-04,8.817550E-04,1.500000E-03,1.820000E-03,2.640000E-03,3.230000E-03
1311.357,-5.299050E-06,3.634880E-04,8.555250E-04,1.530000E-03,1.930000E-03,2.640000E-03,3.360000E-03
1313.286,-3.434300E-05,2.520360E-04,7.361970E-04,1.450000E-03,2.050000E-03,2.610000E-03,3.430000E-03
1315.214,-5.153010E-05,1.325880E-04,6.560610E-04,1.360000E-03,2.070000E-03,2.710000E-03,3.430000E-03
1317.143,1.553300E-05,2.120680E-04,5.796710E-04,1.310000E-03,2.030000E-03,2.760000E-03,3.410000E-03
1319.071,1.262020E-04,2.218470E-04,5.118160E-04,1.450000E-03,2.020000E-03,2.770000E-03,3.390000E-03
1321,1.416070E-04,2.683410E-04,5.475290E-04,1.700000E-03,2.160000E-03,2.930000E-03,3.500000E-03
1322.928,1.273280E-04,4.178430E-04,6.375160E-04,1.790000E-03,2.360000E-03,3.100000E-03,3.710000E-03
1324.857,1.263010E-04,4.291870E-04,7.942360E-04,1.760000E-03,2.380000E-03,3.130000E-03,4.030000E-03
1326.785,2.186730E-04,3.875800E-04,8.720770E-04,1.710000E-03,2.450000E-03,3.260000E-03,4.200000E-03
1328.714,1.585360E-04,3.706580E-04,8.294940E-04,1.810000E-03,2.660000E-03,3.440000E-03,4.380000E-03
1330.642,1.549250E-04,4.008430E-04,8.898840E-04,2.000000E-03,2.780000E-03,3.530000E-03,4.530000E-03
1332.571,1.872290E-04,3.704860E-04,1.010000E-03,2.030000E-03,2.910000E-03,3.750000E-03,4.710000E-03
1334.499,1.506840E-04,3.770500E-04,9.633340E-04,2.210000E-03,2.960000E-03,3.890000E-03,4.930000E-03
1336.427,2.703680E-04,4.359010E-04,9.530950E-04,2.290000E-03,2.980000E-03,4.040000E-03,5.050000E-03
1338.356,3.585610E-04,5.317600E-04,1.100000E-03,2.170000E-03,3.240000E-03,4.370000E-03,5.250000E-03
1340.284,2.367330E-04,6.109770E-04,1.140000E-03,2.200000E-03,3.380000E-03,4.480000E-03,5.550000E-03
1342.213,1.953470E-04,5.647400E-04,1.160000E-03,2.380000E-03,3.380000E-03,4.500000E-03,5.790000E-03
1344.141,1.687080E-04,5.611520E-04,1.140000E-03,2.470000E-03,3.420000E-03,4.640000E-03,5.840000E-03
1346.07,2.056510E-04,4.869810E-04,1.100000E-03,2.490000E-03,3.510000E-03,4.720000E-03,5.840000E-03
1347.998,2.002500E-04,3.653510E-04,1.040000E-03,2.580000E-03,3.450000E-03,4.540000E-03,5.700000E-03
1349.927,2.117480E-04,3.494590E-04,1.010000E-03,2.500000E-03,3.310000E-03,4.300000E-03,5.450000E-03
1351.855,2.095940E-04,3.875040E-04,9.408250E-04,2.390000E-03,3.170000E-03,4.090000E-03,5.240000E-03
1353.784,1.722200E-04,3.976520E-04,8.816480E-04,2.200000E-03,3.090000E-03,4.000000E-03,4.990000E-03
1355.712,1.787800E-04,4.179850E-04,9.369090E-04,2.010000E-03,3.080000E-03,3.880000E-03,4.880000E-03
1357.641,1.889520E-04,3.889210E-04,9.536590E-04,1.980000E-03,2.940000E-03,3.810000E-03,4.720000E-03
1359.569,1.613860E-04,4.011590E-04,8.604690E-04,2.060000E-03,2.760000E-03,3.880000E-03,4.600000E-03
1361.498,1.166610E-04,4.440850E-04,7.256720E-04,1.990000E-03,2.610000E-03,3.770000E-03,4.540000E-03
1363.426,3.987700E-05,3.845320E-04,7.248300E-04,1.910000E-03,2.630000E-03,3.640000E-03,4.390000E-03
1365.354,9.751330E-05,4.311060E-04,8.330950E-04,1.910000E-03,2.590000E-03,3.570000E-03,4.390000E-03
1367.283,1.284210E-04,3.675750E-04,8.569700E-04,1.880000E-03,2.520000E-03,3.480000E-03,4.550000E-03
1369.211,1.562170E-04,3.640550E-04,7.886140E-04,1.840000E-03,2.560000E-03,3.410000E-03,4.490000E-03
1371.14,1.388240E-04,3.728760E-04,8.767060E-04,1.860000E-03,2.610000E-03,3.370000E-03,4.420000E-03
1373.068,1.441580E-04,1.850940E-04,1.020000E-03,1.840000E-03,2.690000E-03,3.470000E-03,4.460000E-03
1374.997,8.118220E-05,2.703480E-04,9.577410E-04,1.860000E-03,2.720000E-03,3.570000E-03,4.480000E-03
1376.925,1.383600E-04,4.602150E-04,8.482660E-04,1.880000E-03,2.750000E-03,3.490000E-03,4.510000E-03
1378.854,1.946840E-04,4.850970E-04,8.492240E-04,1.840000E-03,2.860000E-03,3.380000E-03,4.450000E-03
1380.782,2.029670E-04,5.185060E-04,8.830580E-04,1.830000E-03,2.880000E-03,3.390000E-03,4.430000E-03
1382.711,1.104660E-04,5.086810E-04,8.494740E-04,1.830000E-03,2.810000E-03,3.430000E-03,4.450000E-03
1384.639,2.662840E-05,4.683970E-04,7.265100E-04,1.900000E-03,2.830000E-03,3.490000E-03,4.570000E-03
1386.568,6.594480E-05,4.503780E-04,7.835460E-04,1.930000E-03,2.820000E-03,3.660000E-03,4.690000E-03
1388.496,1.125860E-04,3.496940E-04,8.647370E-04,1.940000E-03,2.820000E-03,3.790000E-03,4.780000E-03
1390.424,1.286860E-04,4.196170E-04,9.513050E-04,2.060000E-03,2.950000E-03,3.810000E-03,4.840000E-03
1392.353,1.165610E-04,4.466850E-04,1.050000E-03,2.090000E-03,3.080000E-03,3.800000E-03,4.960000E-03
1394.281,1.443230E-04,3.888920E-04,9.668780E-04,2.020000E-03,3.140000E-03,3.880000E-03,5.230000E-03
1396.21,2.127090E-04,3.825870E-04,1.100000E-03,2.100000E-03,3.280000E-03,4.140000E-03,5.450000E-03
1398.138,2.427310E-04,4.623680E-04,1.180000E-03,2.190000E-03,3.480000E-03,4.340000E-03,5.500000E-03
1400.067,1.974340E-04,6.249310E-04,1.210000E-03,2.370000E-03,3.640000E-03,4.540000E-03,5.600000E-03
1401.995,1.651290E-04,6.912120E-04,1.190000E-03,2.510000E-03,3.720000E-03,4.700000E-03,5.820000E-03
1403.924,1.110950E-04,5.823760E-04,1.190000E-03,2.430000E-03,3.690000E-03,4.820000E-03,6.120000E-03
1405.852,1.496570E-04,5.162040E-04,1.310000E-03,2.430000E-03,3.700000E-03,4.880000E-03,6.340000E-03
1407.781,2.024370E-04,5.417180E-04,1.460000E-03,2.470000E-03,3.780000E-03,5.020000E-03,6.400000E-03
1409.709,2.317950E-04,5.531290E-04,1.330000E-03,2.530000E-03,3.910000E-03,5.170000E-03,6.430000E-03
1411.638,2.897880E-04,5.882020E-04,1.280000E-03,2.700000E-03,3.980000E-03,5.160000E-03,6.430000E-03
1413.566,3.075520E-04,5.589950E-04,1.380000E-03,2.840000E-03,4.060000E-03,5.230000E-03,6.460000E-03
1415.495,2.671200E-04,5.866680E-04,1.400000E-03,2.860000E-03,4.120000E-03,5.340000E-03,6.490000E-03
1417.423,2.328560E-04,6.398650E-04,1.330000E-03,2.730000E-03,4.150000E-03,5.110000E-03,6.440000E-03
1419.351,2.037630E-04,5.915720E-04,1.220000E-03,2.610000E-03,4.100000E-03,4.990000E-03,6.360000E-03
1421.28,1.434290E-04,6.059050E-04,1.230000E-03,2.590000E-03,4.110000E-03,5.210000E-03,6.470000E-03
1423.208,3.798910E-05,6.419110E-04,1.280000E-03,2.630000E-03,4.000000E-03,5.300000E-03,6.430000E-03
1425.137,1.756990E-04,6.186090E-04,1.320000E-03,2.570000E-03,3.800000E-03,5.170000E-03,6.340000E-03
1427.065,1.802380E-04,5.468910E-04,1.240000E-03,2.550000E-03,3.870000E-03,5.110000E-03,6.270000E-03
1428.994,5.763080E-05,5.223000E-04,1.170000E-03,2.570000E-03,3.920000E-03,4.980000E-03,6.250000E-03
1430.922,9.068920E-05,5.224960E-04,1.240000E-03,2.610000E-03,3.700000E-03,4.820000E-03,6.270000E-03
1432.851,1.608890E-04,5.497010E-04,1.230000E-03,2.650000E-03,3.650000E-03,4.730000E-03,6.220000E-03
1434.779,8.157960E-05,5.578600E-04,1.150000E-03,2.500000E-03,3.640000E-03,4.640000E-03,6.010000E-03
1436.708,8.840350E-05,4.322450E-04,1.070000E-03,2.430000E-03,3.510000E-03,4.500000E-03,5.820000E-03
1438.636,2.251680E-04,3.920370E-04,1.100000E-03,2.430000E-03,3.440000E-03,4.540000E-03,5.860000E-03
1440.565,1.616180E-04,4.182060E-04,1.240000E-03,2.330000E-03,3.390000E-03,4.530000E-03,5.750000E-03
1442.493,1.805030E-04,4.488880E-04,1.210000E-03,2.250000E-03,3.320000E-03,4.390000E-03,5.540000E-03
1444.422,2.376940E-04,4.442740E-04,1.080000E-03,2.170000E-03,3.210000E-03,4.260000E-03,5.410000E-03
1446.35,7.945970E-05,4.576060E-04,9.442240E-04,2.050000E-03,3.090000E-03,4.210000E-03,5.220000E-03
1448.278,-2.020210E-05,5.059410E-04,9.604030E-04,2.020000E-03,3.140000E-03,4.120000E-03,5.220000E-03
1450.207,-6.865010E-05,5.463180E-04,1.090000E-03,2.030000E-03,3.140000E-03,4.180000E-03,5.340000E-03
1452.135,3.328580E-05,6.607720E-04,1.220000E-03,2.140000E-03,3.100000E-03,4.300000E-03,5.440000E-03
1454.064,8.138090E-05,6.167600E-04,1.210000E-03,2.260000E-03,3.280000E-03,4.270000E-03,5.470000E-03
1455.992,-5.136440E-05,4.812100E-04,1.110000E-03,2.220000E-03,3.270000E-03,4.070000E-03,5.180000E-03
1457.921,2.888070E-05,4.162200E-04,1.050000E-03,2.150000E-03,3.170000E-03,4.020000E-03,4.940000E-03
1459.849,1.357760E-04,4.201970E-04,9.344720E-04,1.990000E-03,3.060000E-03,3.960000E-03,4.850000E-03
1461.778,1.548260E-04,5.126860E-04,7.576770E-04,1.800000E-03,2.780000E-03,3.620000E-03,4.560000E-03
1463.706,9.820890E-05,3.924280E-04,6.567370E-04,1.690000E-03,2.440000E-03,3.120000E-03,4.010000E-03
1465.635,1.127850E-04,2.011150E-04,6.535030E-04,1.540000E-03,2.190000E-03,2.660000E-03,3.390000E-03
1467.563,8.694610E-05,1.955750E-04,6.366200E-04,1.290000E-03,1.970000E-03,2.390000E-03,2.970000E-03
1469.492,1.407570E-05,1.832070E-04,5.767760E-04,9.833950E-04,1.630000E-03,2.130000E-03,2.630000E-03
1471.42,-2.735550E-05,4.073690E-05,5.001370E-04,8.730250E-04,1.290000E-03,1.700000E-03,2.280000E-03
1473.349,-5.603370E-05,5.942740E-05,3.635050E-04,8.459580E-04,1.120000E-03,1.370000E-03,1.890000E-03
1475.277,-9.696160E-05,2.059090E-04,3.803640E-04,7.845220E-04,1.040000E-03,1.370000E-03,1.600000E-03
1477.205,-7.888230E-05,2.314030E-04,3.574410E-04,7.620360E-04,9.970380E-04,1.270000E-03,1.480000E-03
1479.134,4.891940E-05,1.387720E-04,3.147660E-04,7.049620E-04,9.397210E-04,1.060000E-03,1.500000E-03
1481.062,1.134140E-04,1.015150E-04,2.903170E-04,5.853890E-04,8.284480E-04,9.712530E-04,1.260000E-03
1482.991,-1.049850E-05,1.733820E-04,2.545990E-04,5.750550E-04,7.076560E-04,9.032070E-04,1.090000E-03
1484.919,-6.901450E-05,2.189010E-04,2.400640E-04,4.822390E-04,6.547610E-04,6.906100E-04,1.030000E-03
1486.848,-4.391350E-05,8.229050E-05,1.801470E-04,3.505430E-04,4.846850E-04,5.481290E-04,9.493760E-04
1488.776,4.318920E-05,-3.996310E-05,1.322710E-04,3.787550E-04,4.418350E-04,4.335030E-04,7.222930E-04
1490.705,-9.057100E-05,5.730010E-05,1.705980E-04,4.538000E-04,4.029410E-04,2.956630E-04,6.187600E-04
1492.633,-1.543070E-04,6.164180E-05,2.203640E-04,3.959780E-04,4.142000E-04,3.532930E-04,7.111380E-04
1494.562,-6.249110E-05,2.253460E-06,2.298040E-04,2.358250E-04,3.549590E-04,3.405010E-04,6.274560E-04
1496.49,-1.026240E-04,-2.949270E-06,1.896700E-04,1.635280E-04,2.827990E-04,1.937110E-04,4.217350E-04
1498.419,-1.971120E-04,1.434800E-04,1.778980E-04,1.874250E-04,2.205660E-04,2.018190E-04,3.239320E-04
1500.347,-1.214300E-04,1.592260E-04,2.130680E-04,1.686900E-04,1.731810E-04,1.624710E-04,3.046120E-04
1502.276,-4.851660E-05,1.206410E-04,1.532910E-04,1.427990E-04,2.628010E-04,9.574980E-05,2.487730E-04
1504.204,-5.017240E-05,4.775510E-05,-5.412890E-05,-1.168140E-05,1.907970E-04,-1.103190E-04,8.484590E-05
1506.132,-1.211990E-04,3.423340E-05,-2.383980E-04,-1.256960E-04,1.484520E-05,-2.988230E-04,-1.697740E-04
1508.061,-1.797660E-04,2.531420E-07,-1.413420E-04,3.098320E-05,9.945220E-06,-1.181570E-04,-1.074100E-04
1509.989,-1.984370E-04,4.398560E-06,2.290050E-05,1.467380E-04,5.440030E-05,1.298480E-04,4.386330E-05
1511.918,-1.754620E-04,-2.161630E-05,7.863450E-05,1.686940E-04,1.556810E-05,2.052070E-04,1.549660E-04
1513.846,-1.019610E-04,-1.544950E-05,1.252010E-04,5.015180E-05,-9.483820E-06,2.281720E-04,3.055430E-04
1515.775,-8.676310E-05,-4.646610E-06,6.208250E-05,-4.826290E-05,-4.718800E-05,1.097730E-04,1.986060E-04
1517.703,-7.305440E-05,2.767060E-05,-4.757850E-05,5.091370E-05,-1.938050E-05,-2.005130E-05,1.089840E-04
1519.632,-5.613310E-05,-5.435310E-05,-1.096150E-05,7.786380E-05,2.535850E-05,-1.047250E-04,-2.832610E-05
1521.56,-5.586820E-05,-9.560560E-05,-1.943450E-05,2.888330E-05,-1.868100E-05,-1.800920E-04,-1.604530E-04
1523.489,-3.444350E-06,-8.451270E-06,-6.226450E-05,8.667510E-05,-8.388350E-05,-2.916930E-06,-2.630230E-05
1525.417,-7.547160E-05,9.085620E-06,-1.057530E-04,-2.555600E-05,-7.471280E-05,8.676100E-05,1.354240E-04
1527.346,-5.391430E-05,-4.967140E-06,-1.382770E-04,1.478210E-06,-5.129770E-05,1.627710E-04,2.477950E-04
1529.274,4.090390E-05,3.136490E-05,-1.373460E-04,8.527470E-05,4.648620E-05,2.711500E-04,2.102590E-04
1531.203,1.025480E-04,3.879110E-05,-6.930750E-05,1.195950E-04,8.309440E-05,2.058540E-04,1.803600E-04
1533.131,4.199680E-05,6.946010E-05,-1.916850E-05,1.005440E-04,8.487570E-06,9.354860E-05,1.395020E-04
1535.059,-1.016750E-05,8.096980E-05,3.964950E-05,9.970060E-05,1.052440E-04,1.877600E-04,1.803130E-04
1536.988,-1.156360E-04,-2.059760E-05,-6.375460E-06,5.729290E-05,6.161700E-05,1.464140E-04,1.157260E-04
1538.916,-2.682140E-04,-1.004010E-04,-1.577430E-04,-4.699640E-05,-1.014690E-04,-3.554740E-05,-1.922530E-04
1540.845,-7.169660E-05,-3.640830E-05,-2.143980E-04,-1.576520E-05,-3.001970E-05,-2.201590E-05,-2.567450E-04
1542.773,5.819400E-05,4.494170E-05,-7.165310E-05,4.525860E-05,-8.874920E-06,9.813630E-05,-9.126370E-05
1544.702,-9.146500E-05,4.080450E-06,-3.911930E-05,8.142010E-06,-7.086820E-05,1.849940E-04,3.763530E-05
1546.63,-1.053390E-04,4.024940E-05,-4.028060E-06,5.950260E-05,5.672770E-07,1.524720E-04,6.686060E-05
1548.559,1.556550E-06,4.055910E-05,1.053440E-04,2.326450E-04,6.566580E-05,6.466850E-05,5.656960E-05
1550.487,5.229800E-05,1.036140E-04,8.141590E-05,2.379410E-04,3.767230E-05,1.310600E-04,1.476350E-04
1552.416,-5.841790E-05,2.450330E-04,5.589960E-05,7.346000E-05,-3.751400E-05,2.117400E-04,2.666730E-04
1554.344,-2.058520E-04,2.661570E-04,8.202190E-05,-6.647840E-05,-6.130130E-05,1.556400E-04,2.455680E-04
1556.273,-1.571210E-04,1.254510E-04,7.026360E-05,-4.780660E-05,-1.462240E-04,-1.880200E-05,1.025110E-04
1558.201,-7.941200E-05,4.732940E-05,-8.771810E-05,-3.731160E-05,-2.640280E-04,-2.151660E-04,-2.689640E-04
1560.13,-9.507420E-05,4.399530E-05,-1.271040E-04,-9.278120E-06,-1.123020E-04,-1.239010E-04,-1.329150E-04
1562.058,-1.405010E-04,3.505450E-05,1.202590E-05,6.433690E-05,9.210840E-05,3.798630E-05,2.938350E-04
1563.986,-1.472220E-04,2.889840E-05,6.562420E-05,9.529550E-05,1.372150E-04,7.035940E-05,2.726030E-04
1565.915,-1.541080E-04,-1.151330E-05,5.526390E-05,1.585010E-04,8.785730E-05,1.540330E-04,2.144580E-04
1567.843,-1.741710E-04,4.701520E-05,1.858520E-05,1.127460E-04,-4.363150E-05,1.354480E-04,1.153040E-04
1569.772,-1.248410E-04,1.858660E-04,-3.748510E-05,4.719780E-05,-4.527230E-05,3.000460E-05,-9.216570E-06
1571.7,-6.947800E-05,2.247580E-04,-5.345880E-05,1.124410E-04,6.022440E-05,-3.606160E-05,1.194200E-04
1573.629,-1.454340E-04,1.272400E-04,6.528390E-05,1.293330E-04,-5.702550E-05,-1.010700E-04,1.438220E-04
1575.557,-2.771500E-04,4.134080E-05,4.980520E-05,4.949540E-05,-1.854800E-04,-1.780720E-04,-1.194930E-04
1577.486,-2.026740E-04,1.743390E-04,-8.548910E-05,4.380730E-06,-6.344880E-05,-6.341660E-05,-5.997690E-05
1579.414,-1.707280E-04,3.375840E-04,-7.588380E-05,2.324700E-05,3.997020E-05,4.067650E-05,2.775380E-05
1581.343,-2.920440E-04,2.926230E-04,-1.668510E-05,3.795810E-05,8.731450E-05,1.014860E-04,7.778120E-05
1583.271,-1.724160E-04,2.437870E-04,5.311150E-06,4.756580E-05,3.052880E-05,1.192570E-04,8.772590E-05
1585.2,-5.639790E-05,1.687040E-04,4.667790E-05,2.051460E-04,-1.295100E-04,5.874590E-05,5.268080E-05
1587.128,3.315000E-08,1.373150E-04,1.416010E-05,2.339410E-04,-1.235450E-04,8.832570E-05,1.170210E-04
1589.057,2.755580E-05,1.165680E-04,2.419990E-05,7.423380E-05,-3.601530E-05,1.371900E-04,1.105780E-04
1590.985,-3.775390E-05,3.308990E-05,1.802610E-05,7.671450E-05,-2.744050E-05,1.353760E-04,8.516510E-05
1592.913,-8.229290E-05,-2.993030E-05,3.781420E-06,1.178210E-04,-1.185890E-04,2.549720E-05,2.054790E-05
1594.842,-5.457670E-05,-3.986960E-05,6.219190E-05,5.148160E-05,-2.207780E-05,4.266180E-05,-6.295730E-05
1596.77,-5.947770E-05,4.574800E-05,6.849180E-05,-7.531880E-06,-1.442670E-05,9.696410E-05,-1.526230E-04
1598.699,-1.458980E-04,1.462970E-04,-5.040640E-05,2.235400E-05,-1.389860E-04,2.148870E-04,-2.169310E-04
1600.627,-2.128700E-04,6.413950E-05,8.902510E-06,6.942910E-05,-1.272970E-04,2.502590E-04,-1.542410E-04
1602.556,-1.021270E-04,1.715170E-05,6.512740E-07,4.922380E-05,-5.122690E-05,6.744120E-05,4.597230E-06
1604.484,2.156100E-05,1.718200E-04,-1.320100E-04,2.808960E-05,-9.977580E-05,-5.743120E-05,6.788610E-05
1606.413,-1.043240E-05,2.411680E-04,-2.193510E-04,-3.389530E-05,-1.064420E-04,-8.112420E-05,1.406690E-04
1608.341,-2.016900E-05,2.412340E-04,-2.172730E-04,2.847770E-05,-8.873890E-05,9.151740E-05,2.218110E-04
1610.27,-4.007350E-06,8.528230E-05,-1.510800E-04,2.922860E-06,-1.073700E-04,3.317700E-04,6.723470E-05
1612.198,1.149240E-05,-1.879810E-05,-1.019790E-04,-1.610400E-05,-3.583710E-05,2.581600E-04,-5.596100E-05
1614.127,-1.102060E-04,-7.521840E-05,-9.858720E-06,-1.175910E-04,-6.786470E-05,7.442670E-05,-7.367030E-05
1616.055,-2.422970E-04,2.009350E-06,1.122220E-05,-2.340520E-04,-4.204820E-04,1.167800E-06,-2.332890E-04
1617.984,-1.504000E-04,1.842830E-04,6.390950E-06,6.807370E-06,-3.966030E-04,4.709060E-05,-1.337450E-04
1619.912,-9.010740E-05,1.093760E-04,-1.464810E-05,1.523200E-05,-2.216060E-04,-2.353040E-05,8.066910E-05
1621.84,-1.620210E-04,-8.121450E-05,-3.336220E-05,-4.395750E-05,-2.907180E-04,-1.028670E-04,-2.173390E-05
1623.769,-1.351370E-04,3.418330E-05,-3.540250E-05,4.309700E-05,-2.575930E-04,-6.082960E-05,-1.194720E-04
1625.697,-4.494020E-05,1.034100E-04,-1.854060E-05,7.561550E-05,-1.875600E-04,3.294550E-05,-7.192480E-05
1627.626,-1.422560E-04,2.648750E-05,-3.253980E-05,4.398830E-05,-1.928510E-04,7.589230E-05,-2.385540E-05
1629.554,-2.483540E-04,-1.019160E-04,-3.882990E-05,7.679030E-05,-2.109810E-04,-7.062170E-05,1.298690E-04
1631.483,-1.814210E-04,-1.946820E-04,-4.306210E-05,9.110820E-05,-1.218570E-04,-6.596390E-05,1.534140E-04
1633.411,-1.544390E-04,-2.755130E-05,-2.016540E-04,1.328490E-04,-6.228110E-05,-1.267480E-04,6.156680E-05
1635.34,-7.878280E-05,1.333470E-04,-4.019110E-04,1.559710E-05,-2.106920E-04,-2.420020E-04,-3.655990E-05
1637.268,-4.682780E-05,1.096630E-04,-2.843870E-04,-2.963890E-06,-2.423080E-04,-2.620500E-05,8.114730E-05
1639.197,-2.301710E-05,1.234950E-04,-1.729410E-04,1.328940E-04,-1.389390E-04,1.858410E-04,2.285040E-04
1641.125,4.285800E-05,1.681900E-04,-7.534790E-05,2.246300E-04,-1.537480E-04,2.007960E-04,3.022560E-04
1643.054,-3.331640E-05,1.306470E-04,3.289790E-05,7.076520E-05,-1.410790E-04,-2.245360E-05,1.437030E-04
1644.982,-1.791370E-04,1.312570E-04,-2.282620E-05,-6.578700E-05,-6.247610E-05,-1.646510E-04,-1.108540E-04
1646.911,-2.612300E-04,2.321770E-04,2.360250E-05,8.136830E-05,3.367410E-06,-1.293910E-04,-6.525000E-05
1648.839,-1.635770E-04,2.798680E-04,1.348980E-04,1.325760E-04,8.038830E-05,2.209880E-05,9.694430E-05
1650.767,-2.834060E-04,2.012070E-04,9.216490E-05,1.179430E-05,-2.299590E-05,-8.007420E-05,-1.318440E-04
1652.696,-4.464460E-04,1.151990E-04,-1.565380E-04,-2.674080E-05,-1.572020E-04,-3.814770E-04,-4.382850E-04
1654.624,-2.646390E-04,7.003720E-05,-7.533540E-05,1.784130E-04,2.541550E-05,-1.930580E-04,1.474480E-05
1656.553,-2.599770E-05,4.578950E-05,4.159530E-05,3.883410E-04,1.631250E-04,8.382080E-05,3.337290E-04
1658.481,5.726650E-05,9.945760E-06,-5.786480E-05,4.239140E-04,9.172290E-05,2.454560E-04,2.704810E-04
1660.41,-3.464100E-05,1.973290E-05,-1.145260E-04,2.507470E-04,1.641470E-04,1.823840E-04,2.008750E-04
1662.338,-1.079210E-04,-3.526160E-05,6.023190E-05,1.187740E-04,1.232950E-04,-1.593140E-05,9.149800E-05
1664.267,4.736050E-06,-1.135950E-05,3.086540E-04,1.363050E-04,1.304400E-04,4.283900E-05,4.724000E-05
1666.195,6.945610E-05,1.066710E-04,3.002090E-04,1.856240E-04,2.412590E-04,2.788550E-06,1.377290E-04
1668.124,-4.825170E-05,9.514780E-05,1.065480E-04,5.966230E-05,2.397990E-04,-1.142550E-04,6.550500E-05
1670.052,-1.641400E-04,8.229700E-05,3.199120E-05,3.033660E-05,1.168930E-04,-9.315980E-05,1.463800E-04
1671.981,-2.248200E-04,8.292650E-05,1.373500E-04,1.154490E-04,3.691600E-05,-1.105340E-05,2.380960E-04
1673.909,-1.627160E-04,6.352830E-07,1.400410E-04,1.104890E-04,-3.427280E-05,-6.910850E-05,2.077200E-05
1675.838,-2.636180E-05,4.347220E-06,1.076760E-04,4.257690E-05,7.004210E-06,-2.267150E-05,-8.383330E-06
1677.766,-1.374420E-05,2.210810E-05,6.820350E-05,1.519680E-04,1.243780E-04,1.310130E-04,7.829820E-05
1679.694,2.040170E-05,-8.446160E-06,-8.396860E-05,1.066290E-04,1.100110E-04,1.396700E-04,6.409180E-05
1681.623,-8.772340E-05,4.881760E-05,-9.818280E-05,2.244560E-05,-3.246120E-05,7.667190E-05,5.687550E-06
1683.551,-2.814530E-04,9.415430E-05,-1.276060E-04,-8.816330E-06,-3.477340E-05,-2.205130E-04,-2.590120E-04
1685.48,-2.318040E-04,9.896000E-05,-1.716700E-04,5.942980E-05,1.393180E-04,-1.964650E-04,-2.568960E-04
1687.408,-8.937900E-05,7.304060E-05,-4.600530E-05,1.819860E-04,1.958590E-04,5.440610E-05,4.661850E-06
1689.337,-5.192750E-05,3.118530E-05,6.903250E-05,1.875260E-04,1.442560E-04,2.062480E-04,1.845820E-04
1691.265,9.703950E-06,1.302480E-05,1.696750E-04,1.158750E-04,1.481960E-04,1.245210E-04,2.321150E-04
1693.194,7.190720E-05,-7.982420E-06,1.000290E-04,8.451060E-05,9.425380E-05,-6.867910E-05,1.510210E-04
1695.122,-1.357000E-04,1.378650E-05,-4.773100E-05,1.197050E-04,2.780750E-05,-1.875820E-04,-8.723850E-05
1697.051,-2.645070E-04,1.089970E-04,-1.278820E-05,1.270640E-04,5.074840E-05,-7.986590E-05,-1.128730E-04
1698.979,-2.001580E-04,1.104200E-04,-5.015530E-05,2.574120E-06,-7.837220E-05,-2.895490E-04,-1.825920E-04
1700.908,-2.128370E-04,-1.156850E-06,4.487840E-05,-1.573450E-04,-8.443360E-05,-3.865000E-04,-1.947950E-04
1702.836,-2.110820E-04,7.722220E-06,2.328130E-04,-3.777210E-05,8.899070E-05,-1.048260E-04,9.347110E-05
1704.765,-1.926430E-04,7.323440E-05,1.661490E-04,9.555930E-05,1.115330E-04,-1.086520E-04,3.103150E-05
1706.693,-1.372900E-04,1.307390E-04,1.425000E-05,7.277760E-05,1.437540E-04,-5.821680E-05,4.410100E-05
1708.621,-1.550020E-04,2.018760E-05,-6.091510E-05,-1.146200E-05,1.592970E-04,5.510700E-05,1.207130E-04
1710.55,-1.390110E-04,-3.021230E-05,1.693640E-06,-3.521160E-05,9.889900E-05,7.406990E-05,1.307830E-04
1712.478,2.069980E-05,-6.321000E-05,8.686850E-05,1.063080E-04,4.668960E-05,6.181480E-05,8.698640E-05
1714.407,-5.759000E-05,-8.892260E-05,7.351330E-05,1.149990E-04,1.539440E-04,-3.416050E-05,-2.704960E-05
1716.335,-2.153190E-04,-1.622660E-04,1.334920E-04,3.633670E-05,1.775390E-04,-2.212070E-04,-2.285860E-04
1718.264,-1.677150E-04,-2.356380E-04,9.967580E-05,1.174970E-04,1.776200E-04,-2.359560E-04,-1.880360E-04
1720.192,-7.278950E-05,-1.472970E-04,-4.006870E-05,1.606710E-04,1.998960E-04,3.062820E-05,1.167000E-04
1722.121,-3.179450E-06,-2.676440E-05,-1.353830E-04,1.979170E-04,1.868990E-04,2.921190E-04,1.688390E-04
1724.049,-4.159550E-05,-3.627160E-05,-1.699110E-04,2.308070E-04,2.199430E-04,2.738030E-04,5.417780E-05
1725.978,-6.073590E-05,-2.354780E-05,-1.239140E-04,1.059100E-04,2.011850E-04,1.263490E-04,1.945580E-04
1727.906,-3.533650E-05,1.128470E-04,-4.182720E-05,1.287350E-06,1.350150E-04,4.482460E-05,1.170110E-04
1729.835,-8.722670E-05,9.624110E-05,-1.372510E-04,2.014770E-05,1.147340E-04,1.654840E-04,-4.924070E-05
1731.763,-3.729040E-05,3.389680E-05,-2.364710E-04,-3.532540E-06,6.383300E-05,1.673150E-04,-2.189380E-04
1733.692,-7.712720E-05,4.700100E-05,-1.417540E-04,-2.575860E-05,4.560450E-05,-1.578550E-04,-3.813460E-04
1735.62,-8.043860E-05,2.137050E-04,-6.168770E-05,1.719520E-05,1.261010E-04,-7.428450E-05,-1.333100E-04
1737.548,-3.166060E-05,2.602420E-04,-5.556120E-05,7.041270E-05,6.681740E-05,7.747490E-05,1.062420E-04
1739.477,3.345140E-05,5.734350E-05,-3.731390E-05,1.272820E-04,7.395350E-07,3.102170E-05,2.295240E-05
1741.405,-3.424360E-05,-1.175960E-04,-5.460940E-05,8.626150E-05,4.762390E-05,7.545450E-05,3.499010E-05
1743.334,-6.858390E-05,-8.741360E-05,-1.650940E-04,-3.857030E-05,1.877090E-04,1.172220E-04,2.142850E-06
1745.262,-8.189540E-05,1.189540E-04,-1.014000E-04,2.096090E-05,1.847700E-04,5.782470E-05,-1.181770E-05
1747.191,-6.580240E-05,7.216630E-05,3.371660E-05,7.361600E-05,1.844130E-04,-2.065940E-05,5.497320E-05
1749.119,2.616450E-06,1.249210E-05,7.779080E-06,1.022980E-04,7.126660E-05,-3.277140E-05,6.633500E-05
1751.048,1.081800E-04,3.636960E-06,-1.912680E-04,1.378070E-04,5.809070E-05,-3.465360E-05,1.541620E-05
1752.976,8.101650E-05,-7.502770E-05,-1.551110E-04,2.308020E-04,7.644890E-05,4.892920E-05,1.900790E-06
1754.905,4.944940E-05,-1.881920E-04,-3.069790E-05,2.301510E-04,8.470320E-05,1.076670E-04,-4.067290E-06
1756.833,1.686410E-04,-6.202920E-06,2.392560E-05,2.988150E-04,5.023190E-05,7.527260E-05,5.284290E-05
1758.762,1.277590E-04,4.931230E-07,-6.018020E-05,3.007350E-04,-2.421250E-05,4.837230E-05,6.890650E-05
1760.69,8.058590E-05,-8.149480E-05,-1.604830E-04,3.440380E-04,-1.933630E-05,-7.550790E-06,-4.687060E-05
1762.619,1.171910E-04,-4.154600E-05,-1.527980E-04,3.170300E-04,8.427150E-05,-7.457820E-05,-1.676680E-05
1764.547,1.587680E-04,3.217600E-05,2.419210E-05,1.639170E-04,1.615030E-04,-7.983060E-05,9.872550E-05
1766.475,1.167600E-04,2.868150E-06,-1.923240E-05,7.533660E-05,1.226190E-04,-1.648460E-05,4.149650E-05
1768.404,1.693040E-04,3.540360E-05,-4.255320E-05,4.879870E-05,-8.213510E-06,-3.483390E-05,7.621980E-05
1770.332,8.330220E-05,1.197650E-04,-5.330270E-05,1.939920E-04,-4.992410E-06,-1.578570E-04,4.712090E-05
1772.261,4.580590E-05,7.482150E-05,-3.108440E-05,2.393570E-04,-2.700970E-06,-1.916090E-04,-1.106920E-04
1774.189,2.811890E-05,2.159420E-06,5.142150E-06,6.597860E-05,1.430060E-05,-9.853140E-05,-4.892080E-05
1776.118,5.958520E-05,5.921430E-05,-2.217950E-05,1.311670E-04,4.424350E-05,-1.908350E-05,-3.217330E-05
1778.046,1.785480E-04,7.889110E-05,8.418350E-05,2.330820E-04,1.713250E-04,5.682730E-05,-8.910080E-05
1779.975,2.180770E-04,7.787350E-05,5.935090E-05,2.553360E-04,1.813650E-04,9.249790E-05,-1.365920E-04
1781.903,4.679960E-05,4.942310E-06,-9.004120E-05,1.463150E-04,7.411700E-05,8.540210E-05,-7.140030E-05
1783.832,-1.242780E-04,-8.058870E-05,-3.479180E-05,3.081510E-05,3.897650E-06,7.820440E-05,1.984680E-05
1785.76,2.748850E-06,-2.813730E-05,8.370810E-05,2.428610E-07,-2.109970E-05,7.216960E-05,1.530370E-05
1787.689,1.600600E-04,1.244830E-04,4.324650E-05,2.423680E-05,1.017230E-05,2.091120E-05,1.860730E-05
1789.617,1.030450E-04,-4.129200E-06,1.522540E-05,1.172440E-04,4.407170E-05,-1.373220E-05,-3.997380E-05
1791.546,1.692420E-05,-1.374250E-04,-2.031020E-05,1.222280E-04,5.620290E-05,-1.072750E-04,-8.921930E-05
1793.474,1.655500E-07,-1.190050E-04,-1.853230E-06,-9.380250E-06,2.851920E-05,-1.396900E-04,9.572480E-05
1795.402,1.145070E-04,-7.965350E-05,1.166940E-04,9.323110E-05,9.117920E-06,1.158910E-05,1.017070E-04
1797.331,1.481330E-04,3.159200E-05,6.598610E-05,1.329740E-04,5.722960E-05,1.242070E-05,3.700390E-05
1799.259,1.726840E-04,-3.028470E-06,-2.105300E-05,4.182710E-05,2.065350E-04,3.902030E-05,-2.033680E-05
1801.188,2.293100E-04,-6.220290E-05,5.951440E-05,4.721140E-05,3.196220E-04,9.894800E-05,-5.347250E-05
1803.116,2.241740E-04,-5.326240E-05,8.170030E-05,9.415960E-05,2.274410E-04,4.246600E-05,3.703850E-05
1805.045,3.108670E-04,-1.396870E-05,7.734530E-09,9.772750E-05,9.853930E-05,2.823160E-05,-5.741840E-06
1806.973,4.400760E-04,5.327630E-06,-2.807930E-05,8.228670E-05,-3.764690E-05,2.219360E-04,-1.296790E-04
1808.902,4.245940E-04,1.526250E-05,-6.886590E-05,7.223610E-05,-1.685130E-05,1.428670E-04,-7.730880E-05
1810.83,4.119970E-04,-2.460970E-05,1.462200E-05,-3.536270E-05,1.289920E-05,-1.150390E-04,1.289940E-04
1812.759,3.565730E-04,-1.128310E-04,-1.546360E-05,-1.785800E-04,-8.617450E-05,-4.601220E-05,1.625260E-04
1814.687,2.663580E-04,-2.885930E-05,-9.003340E-05,-2.233070E-04,-1.871220E-05,2.586400E-06,1.700270E-04
1816.616,2.801440E-04,1.862360E-05,9.334490E-05,5.430230E-05,1.320440E-04,-3.982890E-05,1.057530E-04
1818.544,3.733120E-04,6.710620E-06,1.550680E-05,2.589620E-04,1.375180E-04,7.810130E-06,-4.087090E-05
1820.473,4.399770E-04,-3.039000E-05,-1.762130E-04,1.762390E-04,2.828830E-04,4.275520E-05,-3.028720E-05
1822.401,3.275040E-04,1.107230E-04,-1.661670E-04,1.027090E-04,2.144970E-04,9.209940E-05,4.679660E-05
1824.329,2.938980E-04,2.956500E-04,-1.767310E-04,8.296830E-05,-2.402690E-05,1.121750E-04,-1.342620E-04
1826.258,4.007920E-04,2.700150E-04,-1.763370E-04,1.935270E-04,-6.793920E-05,-3.780620E-06,-2.132360E-04
1828.186,3.517330E-04,1.293470E-04,-2.857760E-04,1.459130E-04,-4.026920E-05,-1.102600E-04,-7.904390E-05
1830.115,2.754380E-04,8.896960E-06,-2.701590E-04,1.456630E-04,-2.988640E-05,-1.118440E-04,-1.110270E-04
1832.043,3.741740E-04,6.382480E-05,-2.412220E-04,1.808600E-04,-2.808770E-05,-1.453050E-04,-2.666680E-04
1833.972,4.274120E-04,8.227840E-05,-3.368150E-04,1.586080E-04,2.840940E-05,-1.192160E-04,-2.200950E-04
1835.9,5.474700E-04,1.455170E-04,-3.977140E-04,1.340000E-04,7.251570E-05,-9.825680E-05,-1.948410E-04
1837.829,6.842800E-04,3.439200E-04,-2.203530E-04,5.954850E-05,1.528480E-04,-2.336620E-04,-8.180680E-05
1839.757,5.754920E-04,2.628570E-04,-1.313230E-05,1.938600E-04,9.480180E-05,-1.895450E-04,4.475060E-05
1841.686,4.664990E-04,0.000000E+00,0.000000E+00,0.000000E+00,0.000000E+00,0.000000E+00,0.000000E+00
