Wavenumber,0.0252,0.0503,0.1006,0.2012,0.3019,0.4025,0.5031
850.4539,0.000000E+00,0.000000E+00,0.000000E+00,0.000000E+00,0.000000E+00,0.000000E+00,0.000000E+00
852.3823,-2.317940E-04,-4.876610E-05,-4.377900E-06,1.303220E-04,-4.748590E-05,-3.985430E-04,1.914340E-04
854.3108,-2.441670E-04,2.961080E-04,3.456610E-04,2.314480E-04,-7.493400E-05,-4.438440E-04,2.179650E-04
856.2393,-4.120220E-04,3.038770E-04,3.473770E-04,8.946910E-05,-1.602670E-04,-2.483720E-05,2.286480E-04
858.1677,-4.549570E-04,-4.098880E-05,2.443230E-05,-1.518140E-05,-3.075900E-04,4.276590E-04,4.296460E-04
860.0962,-9.264270E-05,-7.505860E-05,-8.012300E-05,1.120890E-04,-2.481870E-04,5.298150E-04,7.161250E-04
862.0247,1.966110E-05,1.099110E-04,-5.113640E-05,1.832430E-04,1.210540E-04,3.159700E-04,5.339960E-04
863.9531,-1.472250E-04,1.410380E-04,3.013120E-05,3.553570E-04,3.567170E-04,-2.480010E-04,2.903090E-04
865.8816,1.940420E-04,2.032020E-04,1.183340E-04,4.971190E-04,3.801160E-04,-4.712590E-04,6.451590E-06
867.8101,3.640140E-04,1.166980E-04,1.016730E-05,1.450190E-04,2.588220E-04,-3.249500E-04,-2.835460E-04
869.7385,2.263370E-04,-4.061640E-05,-1.453560E-04,-2.884260E-05,1.313990E-04,-4.766180E-04,-3.147200E-04
871.667,1.408100E-04,1.857180E-05,8.858230E-05,3.577080E-05,-2.983120E-04,-1.922800E-04,-2.632580E-04
873.5955,5.894230E-05,1.746420E-04,-5.430030E-05,-1.225730E-04,-4.950380E-04,1.930080E-04,-1.005410E-04
875.5239,9.933310E-05,3.445030E-04,-2.468400E-04,-3.259310E-04,-1.054670E-04,1.314940E-04,3.080310E-04
877.4524,3.449240E-04,3.812230E-04,-1.187070E-04,-3.131140E-04,-1.109910E-04,1.274520E-04,3.393810E-04
879.3809,3.292110E-04,2.203290E-04,4.749560E-05,-1.100000E-04,1.360830E-04,4.584500E-04,1.719010E-04
881.3093,2.980080E-04,1.009540E-04,1.526150E-04,4.879400E-05,4.669390E-05,2.502080E-04,5.385510E-05
883.2378,3.226300E-04,2.761100E-04,7.330160E-05,1.356360E-04,-1.997340E-04,2.323430E-04,-4.072280E-05
885.1663,2.179630E-04,1.943870E-04,4.367640E-05,1.139460E-04,2.110900E-04,1.425730E-04,2.460270E-05
887.0947,-3.718500E-05,4.625390E-05,2.939840E-04,-5.800240E-05,3.970750E-04,-1.676480E-04,4.382090E-05
889.0232,-3.999810E-05,-1.600680E-04,3.543430E-04,1.724010E-04,3.450430E-04,-4.472150E-04,1.029280E-04
890.9517,1.798160E-05,-3.313490E-04,-1.358470E-04,4.787820E-04,-1.036800E-05,-2.815260E-04,6.038840E-04
892.8801,-8.208250E-05,-4.335010E-04,-2.716900E-04,4.309430E-04,-1.866030E-04,-8.776120E-05,5.264520E-04
894.8085,-4.673780E-04,-2.895350E-04,-9.342230E-05,2.851910E-04,-3.076570E-04,-2.171950E-04,4.919820E-05
896.737,-4.799610E-04,-5.703290E-06,-1.149280E-04,-2.859010E-05,-3.641780E-04,-2.651450E-04,-1.709730E-04
898.6655,-1.128010E-05,1.366370E-04,-1.609530E-04,-1.881640E-04,4.288600E-06,-3.460950E-05,-3.448110E-04
900.5939,2.388480E-04,1.044940E-04,-1.459500E-04,-8.401240E-05,3.222560E-04,6.348000E-05,-2.545590E-04
902.5224,1.641660E-04,-1.206240E-04,-1.876480E-04,-9.364930E-05,2.922710E-04,2.017080E-04,1.009350E-04
904.4509,-1.046700E-04,-4.363830E-05,1.942660E-05,-1.612470E-04,1.081980E-04,2.612120E-04,-3.728780E-04
906.3793,-4.412440E-04,8.413860E-05,3.366800E-04,-1.445060E-04,3.132900E-05,1.820990E-04,-7.814710E-04
908.3078,-4.301470E-04,7.017210E-05,2.996290E-04,-1.593790E-04,3.393470E-06,-1.185110E-05,-5.162370E-04
910.2363,-1.897190E-04,-1.054740E-04,7.634470E-05,-7.863360E-05,-2.291350E-04,9.979320E-05,4.174990E-05
912.1647,-1.005990E-04,-6.267920E-05,-5.059250E-06,1.172940E-04,-3.078510E-04,6.820590E-05,2.960320E-04
914.0932,-6.290810E-05,1.576490E-04,-2.004960E-05,2.200710E-05,-1.135800E-04,3.221580E-05,3.190650E-05
916.0217,-1.400360E-04,1.845910E-04,-8.871550E-05,-1.033640E-04,-3.054520E-05,3.548420E-06,-1.853190E-04
917.9501,-2.587370E-04,2.039100E-04,-6.040710E-05,3.675960E-05,-4.684280E-04,-1.178250E-05,-3.002220E-04
919.8786,8.368040E-05,2.158030E-04,1.712840E-04,1.358400E-04,-3.730060E-04,1.155340E-04,-1.668420E-04
921.8071,1.516380E-04,7.406380E-05,1.116490E-04,-3.364470E-07,-1.472410E-04,2.763210E-04,2.458530E-04
923.7355,1.159240E-04,-2.574250E-04,1.736800E-05,-2.661180E-04,-5.036470E-05,1.140270E-04,3.527750E-04
925.664,2.351050E-04,-2.196030E-04,1.429750E-04,-2.560190E-04,1.383870E-04,9.948280E-06,3.371040E-04
927.5925,1.282050E-04,-1.640810E-04,3.836700E-04,-2.209170E-04,1.152640E-04,1.908060E-04,4.587460E-04
929.5209,-2.011570E-05,-2.285420E-04,4.978290E-04,2.331900E-05,2.606760E-04,2.558230E-04,7.383310E-04
931.4494,-1.568550E-04,4.108790E-05,4.885070E-04,2.586110E-04,3.444680E-04,4.761340E-04,9.080060E-04
933.3779,-6.718640E-05,3.072350E-04,6.666520E-04,7.677090E-05,4.888230E-04,9.592060E-04,1.040000E-03
935.3063,-1.092110E-05,3.766220E-04,6.599500E-04,2.067210E-04,8.731200E-04,1.410000E-03,1.510000E-03
937.2348,-1.502960E-04,3.399800E-04,3.280810E-04,8.028670E-04,1.270000E-03,1.690000E-03,1.930000E-03
939.1633,-1.454640E-04,2.174990E-04,1.381130E-04,1.100000E-03,1.600000E-03,1.890000E-03,2.460000E-03
941.0917,1.104990E-04,1.236350E-04,2.739400E-04,9.050510E-04,1.550000E-03,2.090000E-03,2.790000E-03
943.0202,2.777870E-04,1.629480E-04,5.259270E-04,9.967690E-04,1.470000E-03,2.040000E-03,2.620000E-03
944.9487,1.176860E-04,2.515810E-04,7.475980E-04,1.260000E-03,1.510000E-03,1.940000E-03,2.740000E-03
946.8771,4.869720E-05,2.285810E-04,8.762380E-04,1.220000E-03,1.490000E-03,1.990000E-03,2.840000E-03
948.8056,-1.551140E-04,3.596920E-04,5.811270E-04,9.655450E-04,1.440000E-03,1.920000E-03,2.650000E-03
950.7341,-1.847220E-04,4.231800E-04,3.938380E-04,7.729440E-04,1.090000E-03,1.870000E-03,2.370000E-03
952.6625,1.439710E-04,2.376220E-04,5.369140E-04,5.857120E-04,1.090000E-03,1.650000E-03,2.210000E-03
954.591,4.512080E-04,2.469930E-04,5.007340E-04,5.881530E-04,1.590000E-03,1.610000E-03,2.230000E-03
956.5195,3.003280E-04,4.611260E-04,5.314490E-04,6.411920E-04,1.630000E-03,1.790000E-03,2.200000E-03
958.4479,2.316160E-05,6.480410E-04,6.631130E-04,5.509110E-04,1.310000E-03,1.770000E-03,2.110000E-03
960.3764,-1.584020E-05,6.404890E-04,7.389770E-04,6.479320E-04,1.190000E-03,1.580000E-03,2.340000E-03
962.3049,3.989500E-05,4.419990E-04,6.802610E-04,1.060000E-03,1.560000E-03,1.900000E-03,3.020000E-03
964.2333,3.053150E-04,3.500450E-04,8.695800E-04,1.500000E-03,2.140000E-03,2.840000E-03,4.100000E-03
966.1618,2.653190E-04,3.536120E-04,1.090000E-03,2.060000E-03,2.850000E-03,4.090000E-03,5.320000E-03
968.0903,6.178590E-05,4.620600E-04,1.330000E-03,2.340000E-03,3.520000E-03,4.870000E-03,6.060000E-03
970.0187,7.434570E-05,2.602030E-04,1.210000E-03,1.990000E-03,3.250000E-03,4.250000E-03,5.370000E-03
971.9472,-5.745260E-05,-5.013140E-07,6.961340E-04,1.400000E-03,2.160000E-03,2.800000E-03,3.630000E-03
973.8757,-1.174080E-04,9.996700E-05,4.967140E-04,7.839050E-04,1.410000E-03,1.640000E-03,2.660000E-03
975.8041,-1.057820E-04,2.778350E-04,4.436090E-04,5.935350E-04,1.170000E-03,1.310000E-03,2.340000E-03
977.7326,-2.196290E-04,9.937290E-05,3.622670E-04,6.085310E-04,1.100000E-03,1.230000E-03,2.120000E-03
979.6611,-2.300550E-04,-3.642600E-05,3.825180E-04,3.915480E-04,1.090000E-03,1.420000E-03,2.360000E-03
981.5895,1.123250E-04,1.018950E-04,4.802740E-04,5.432920E-04,1.160000E-03,1.730000E-03,2.710000E-03
983.518,3.142740E-04,4.536380E-04,6.544590E-04,9.914890E-04,1.590000E-03,2.090000E-03,3.150000E-03
985.4465,1.528530E-04,6.277320E-04,7.411160E-04,1.410000E-03,2.180000E-03,2.920000E-03,3.830000E-03
987.3749,4.777080E-05,7.057990E-04,1.040000E-03,1.650000E-03,2.490000E-03,3.700000E-03,4.950000E-03
989.3034,1.575220E-04,6.642820E-04,1.260000E-03,2.080000E-03,3.040000E-03,4.160000E-03,6.010000E-03
991.2319,3.208560E-04,5.176540E-04,1.330000E-03,2.380000E-03,3.590000E-03,4.760000E-03,6.760000E-03
993.1603,4.154700E-04,5.171740E-04,1.430000E-03,2.610000E-03,3.900000E-03,5.180000E-03,6.870000E-03
995.0888,3.257890E-04,4.367530E-04,1.260000E-03,2.610000E-03,3.920000E-03,5.120000E-03,6.510000E-03
997.0173,1.397920E-04,5.053940E-04,1.070000E-03,2.240000E-03,3.670000E-03,4.670000E-03,5.920000E-03
998.9457,2.121930E-06,7.157610E-04,1.050000E-03,2.110000E-03,3.430000E-03,4.250000E-03,5.550000E-03
1000.874,7.026570E-06,6.373620E-04,1.080000E-03,2.080000E-03,3.190000E-03,4.080000E-03,5.330000E-03
1002.803,1.749090E-04,4.024820E-04,1.080000E-03,2.070000E-03,3.050000E-03,4.150000E-03,5.240000E-03
1004.731,1.881070E-04,3.704510E-04,1.200000E-03,2.320000E-03,3.290000E-03,4.310000E-03,5.560000E-03
1006.66,5.573240E-05,5.958210E-04,1.160000E-03,2.400000E-03,3.720000E-03,4.570000E-03,5.970000E-03
1008.588,3.432060E-04,8.011830E-04,1.230000E-03,2.370000E-03,4.120000E-03,5.090000E-03,6.430000E-03
1010.517,3.992200E-04,8.522780E-04,1.610000E-03,2.750000E-03,4.590000E-03,5.670000E-03,7.160000E-03
1012.445,3.725310E-04,9.246690E-04,1.920000E-03,3.300000E-03,5.180000E-03,6.250000E-03,8.410000E-03
1014.373,6.030250E-04,1.010000E-03,2.030000E-03,3.760000E-03,5.590000E-03,6.980000E-03,9.830000E-03
1016.302,5.729710E-04,1.150000E-03,2.100000E-03,4.380000E-03,6.120000E-03,7.820000E-03,1.085000E-02
1018.23,4.283340E-04,1.200000E-03,2.370000E-03,4.960000E-03,7.090000E-03,9.040000E-03,1.200000E-02
1020.159,4.122660E-04,1.280000E-03,2.770000E-03,5.410000E-03,8.080000E-03,1.062000E-02,1.373000E-02
1022.087,6.296910E-04,1.590000E-03,3.170000E-03,6.040000E-03,9.110000E-03,1.236000E-02,1.603000E-02
1024.016,9.076550E-04,1.910000E-03,3.760000E-03,6.990000E-03,1.072000E-02,1.438000E-02,1.863000E-02
1025.944,1.080000E-03,2.230000E-03,4.060000E-03,7.760000E-03,1.201000E-02,1.588000E-02,2.049000E-02
1027.873,1.020000E-03,2.280000E-03,3.850000E-03,7.700000E-03,1.168000E-02,1.540000E-02,1.985000E-02
1029.801,7.496730E-04,1.710000E-03,3.400000E-03,6.380000E-03,9.820000E-03,1.299000E-02,1.645000E-02
1031.73,4.828240E-04,1.120000E-03,2.690000E-03,4.580000E-03,7.470000E-03,9.840000E-03,1.223000E-02
1033.658,4.099690E-04,8.881160E-04,1.860000E-03,3.200000E-03,5.450000E-03,6.940000E-03,8.750000E-03
1035.587,4.167010E-04,8.346610E-04,1.520000E-03,2.280000E-03,4.070000E-03,4.910000E-03,6.420000E-03
1037.515,2.286730E-04,7.840350E-04,1.300000E-03,1.960000E-03,3.030000E-03,3.640000E-03,5.020000E-03
1039.444,2.395500E-04,7.021070E-04,8.452590E-04,1.630000E-03,2.210000E-03,2.880000E-03,4.040000E-03
1041.372,3.768630E-04,6.280290E-04,5.840180E-04,1.380000E-03,1.840000E-03,2.520000E-03,3.490000E-03
1043.301,4.248090E-04,5.513410E-04,3.919270E-04,1.190000E-03,1.810000E-03,2.200000E-03,3.250000E-03
1045.229,1.742290E-04,4.769900E-04,2.901590E-04,1.070000E-03,1.440000E-03,1.730000E-03,2.870000E-03
1047.157,-7.554040E-05,2.645260E-04,3.989090E-04,8.082670E-04,1.090000E-03,1.310000E-03,2.350000E-03
1049.086,1.993290E-04,2.140340E-04,3.251450E-04,8.206080E-04,1.200000E-03,1.210000E-03,2.020000E-03
1051.014,3.400420E-04,3.926340E-04,1.884630E-04,8.781030E-04,1.210000E-03,1.060000E-03,1.720000E-03
1052.943,3.281940E-04,3.893340E-04,2.455620E-04,7.328700E-04,1.180000E-03,9.498210E-04,1.560000E-03
1054.871,3.130600E-04,3.650350E-04,3.787910E-04,7.183690E-04,1.370000E-03,1.100000E-03,1.720000E-03
1056.8,2.403770E-04,3.576220E-04,5.344680E-04,8.486760E-04,1.410000E-03,1.150000E-03,1.880000E-03
1058.728,1.125240E-04,4.376260E-04,4.392400E-04,7.871950E-04,1.480000E-03,1.240000E-03,1.990000E-03
1060.657,1.253550E-04,4.165760E-04,3.322860E-04,8.952880E-04,1.540000E-03,1.550000E-03,2.120000E-03
1062.585,2.163850E-04,4.578010E-04,2.870340E-04,1.140000E-03,1.500000E-03,1.750000E-03,2.440000E-03
1064.514,3.466850E-05,3.102910E-04,2.997820E-04,1.170000E-03,1.490000E-03,2.210000E-03,2.810000E-03
1066.442,-1.217180E-04,2.069980E-04,5.695250E-04,1.210000E-03,1.670000E-03,2.570000E-03,3.230000E-03
1068.371,-1.711930E-04,3.342080E-04,7.407800E-04,1.260000E-03,1.880000E-03,2.460000E-03,3.640000E-03
1070.299,-9.686390E-05,5.089720E-04,8.413020E-04,1.270000E-03,2.040000E-03,2.480000E-03,3.600000E-03
1072.228,7.623500E-05,4.920660E-04,6.440190E-04,1.120000E-03,1.900000E-03,2.420000E-03,3.340000E-03
1074.156,2.341080E-04,4.592330E-04,4.049080E-04,1.050000E-03,1.710000E-03,2.040000E-03,3.030000E-03
1076.084,2.784160E-04,5.220980E-04,3.575250E-04,9.743190E-04,1.490000E-03,1.680000E-03,2.380000E-03
1078.013,8.677080E-05,3.077940E-04,4.266260E-04,7.476220E-04,1.200000E-03,1.210000E-03,1.650000E-03
1079.941,2.307800E-04,1.947870E-04,3.699820E-04,6.112500E-04,9.027200E-04,8.684600E-04,1.240000E-03
1081.87,4.315390E-04,3.143630E-04,2.911490E-04,4.668920E-04,7.510390E-04,6.035560E-04,1.150000E-03
1083.798,3.154520E-04,2.951760E-04,3.509810E-04,2.948780E-04,6.216980E-04,5.171340E-04,9.550190E-04
1085.727,1.492280E-04,1.799860E-04,2.245440E-04,1.508960E-04,4.876580E-04,4.498150E-04,7.153930E-04
1087.655,5.570930E-04,-1.419800E-04,-2.019860E-04,1.724760E-04,3.099490E-04,3.287520E-04,3.263250E-04
1089.584,1.090000E-03,-5.699740E-04,-4.105520E-04,2.191020E-04,1.739250E-04,3.830050E-04,-8.495380E-06
1091.512,1.603610E-04,-1.011200E-04,1.825690E-04,-2.249840E-05,1.015930E-05,6.280780E-05,-6.402270E-05
1093.441,-4.713000E-04,1.879490E-04,2.771880E-04,8.478840E-05,-4.286320E-05,-1.652930E-04,8.868290E-05
1095.369,-2.818850E-04,8.352850E-05,2.160190E-04,2.175720E-04,5.517750E-05,-1.014740E-04,7.579400E-05
1097.298,-5.842330E-05,3.001120E-05,1.173480E-04,2.469180E-04,-1.384340E-05,2.370630E-05,-5.718120E-05
1099.226,5.258970E-05,-3.735310E-05,-1.098010E-04,2.841260E-04,-1.641240E-04,2.142980E-04,-7.105940E-05
1101.155,-6.385080E-05,-1.266420E-04,-2.370960E-04,4.039920E-04,-2.810040E-05,2.286050E-04,1.174440E-04
1103.083,-6.476050E-05,-2.064050E-04,-7.454900E-05,1.788500E-04,1.593670E-04,1.229420E-04,1.070400E-04
1105.011,1.023330E-04,1.148850E-05,8.659920E-05,9.390840E-06,1.480260E-04,1.504180E-04,-5.880420E-05
1106.94,2.021570E-04,7.614480E-05,9.600000E-05,9.008410E-05,2.258030E-05,5.864520E-05,6.661630E-05
1108.868,1.984770E-04,2.736860E-05,-1.463570E-04,4.297980E-05,9.182650E-05,-3.221550E-05,7.602600E-05
1110.797,5.108760E-05,-8.821210E-05,-9.965360E-05,1.611950E-04,1.850660E-04,1.177970E-04,-4.197760E-05
1112.725,-2.003650E-05,-9.505330E-05,1.925830E-04,9.984500E-05,4.476700E-05,-9.538480E-06,-1.228590E-04
1114.654,4.157500E-05,1.142080E-04,2.970500E-04,-1.591550E-04,-4.602590E-05,-8.608770E-05,-3.472340E-05
1116.582,5.751790E-05,1.927540E-04,1.687920E-05,-1.462300E-04,-1.271670E-04,-1.148610E-04,-3.985760E-05
1118.511,-4.840340E-05,1.758100E-04,-2.559340E-05,1.092960E-04,-1.290870E-04,-2.286840E-05,-2.537210E-04
1120.439,-1.477770E-06,7.747640E-05,1.590150E-04,1.238860E-04,1.244760E-05,-6.253610E-05,-4.012240E-04
1122.368,1.066430E-04,-1.662070E-04,8.694270E-05,-2.372250E-04,1.851620E-06,-4.520050E-05,-1.655460E-04
1124.296,1.509000E-04,-8.671770E-05,-3.547050E-05,-3.121400E-04,-7.006180E-05,-5.449700E-05,7.718560E-05
1126.225,6.772690E-05,-2.047080E-05,3.353350E-05,-1.232800E-05,-5.688820E-06,-3.405110E-05,5.677610E-05
1128.153,-9.721260E-05,-4.801140E-05,1.550130E-04,1.930570E-04,1.260260E-04,-3.074270E-05,-6.607390E-05
1130.082,-1.131830E-04,1.446440E-04,9.177480E-05,2.493750E-04,1.809880E-04,-5.790450E-05,-1.031310E-04
1132.01,-2.488910E-05,2.298610E-04,-1.270330E-04,3.692380E-04,3.424140E-05,-5.290900E-05,3.035380E-06
1133.938,1.032430E-04,2.216370E-04,-1.415110E-04,2.453240E-04,-1.810060E-05,-5.651500E-05,1.816700E-04
1135.867,3.339800E-05,1.667250E-04,8.064980E-05,7.531780E-05,1.665100E-04,-8.307980E-05,2.894000E-04
1137.795,2.958190E-05,3.037280E-05,2.298730E-04,-2.401630E-05,1.672490E-04,-1.292580E-04,3.173200E-04
1139.724,5.529760E-05,-5.106030E-05,9.238050E-05,5.200190E-05,2.343760E-04,2.444770E-05,3.011480E-04
1141.652,-1.282970E-04,4.870310E-05,-6.200840E-05,2.591460E-04,3.307410E-04,1.509530E-04,2.959840E-04
1143.581,-2.192740E-04,5.118920E-05,-3.381490E-05,3.273510E-04,2.120000E-04,5.033140E-05,9.872090E-05
1145.509,-3.974470E-05,5.281350E-05,1.200850E-04,2.230830E-04,2.513700E-04,-1.205370E-05,-1.136960E-05
1147.438,1.367520E-05,4.939920E-05,3.224770E-04,1.517040E-04,3.109560E-04,-1.626880E-05,1.604030E-04
1149.366,-4.200440E-05,2.122450E-05,3.151600E-04,1.965090E-04,2.024230E-04,6.237160E-05,2.930600E-04
1151.295,7.382900E-05,1.304870E-04,3.890040E-04,2.166730E-04,1.868630E-04,1.705180E-04,2.805350E-04
1153.223,2.718660E-04,2.964360E-05,4.522070E-04,1.043720E-04,2.713910E-04,1.859300E-04,2.653600E-04
1155.152,3.717630E-04,-1.885700E-04,4.156500E-04,7.346370E-05,3.936830E-04,3.727510E-04,4.154260E-04
1157.08,2.260330E-04,-1.717730E-04,3.359270E-04,2.205130E-04,5.494320E-04,5.355350E-04,5.477990E-04
1159.009,-2.932770E-05,3.319020E-05,2.227140E-04,2.777000E-04,6.205010E-04,5.120350E-04,5.153330E-04
1160.937,-3.516300E-05,1.612300E-04,1.928760E-04,1.771560E-04,6.575890E-04,6.953190E-04,6.148250E-04
1162.865,6.327280E-05,6.476150E-05,2.104390E-04,1.956610E-04,5.900840E-04,7.685220E-04,8.136730E-04
1164.794,5.252980E-05,1.236210E-05,1.349980E-04,1.748620E-04,4.953030E-04,6.657680E-04,8.893650E-04
1166.722,1.001300E-04,1.069410E-04,1.619440E-04,3.389680E-04,6.683370E-04,6.316570E-04,9.132450E-04
1168.651,1.004590E-04,2.377190E-04,3.055960E-04,3.690280E-04,7.997360E-04,6.551060E-04,9.555190E-04
1170.579,-3.918780E-05,1.109970E-04,4.560980E-04,3.687270E-04,8.031320E-04,7.876000E-04,1.060000E-03
1172.508,-8.270310E-05,-8.279600E-05,4.254480E-04,4.846780E-04,7.050870E-04,9.725940E-04,1.320000E-03
1174.436,-9.863080E-06,-3.385100E-06,3.450600E-04,7.095050E-04,6.842700E-04,1.210000E-03,1.710000E-03
1176.365,8.151940E-05,1.472190E-04,3.439800E-04,7.935280E-04,9.274630E-04,1.610000E-03,1.970000E-03
1178.293,2.488270E-04,2.109530E-04,3.548460E-04,8.400650E-04,1.400000E-03,1.960000E-03,2.230000E-03
1180.222,2.879920E-04,3.728760E-04,5.522700E-04,8.766710E-04,1.900000E-03,2.300000E-03,2.610000E-03
1182.15,3.449750E-04,4.102690E-04,7.851230E-04,1.100000E-03,2.180000E-03,2.830000E-03,3.290000E-03
1184.079,4.071730E-04,4.959420E-04,9.191140E-04,1.490000E-03,2.620000E-03,3.640000E-03,4.450000E-03
1186.007,3.889920E-04,6.646090E-04,1.160000E-03,1.950000E-03,3.280000E-03,4.690000E-03,5.830000E-03
1187.936,3.210870E-04,8.435040E-04,1.570000E-03,2.610000E-03,4.280000E-03,6.020000E-03,7.380000E-03
1189.864,3.089460E-04,9.054800E-04,1.820000E-03,3.430000E-03,5.450000E-03,7.540000E-03,9.070000E-03
1191.792,4.198760E-04,9.420550E-04,2.170000E-03,4.140000E-03,6.590000E-03,8.810000E-03,1.066000E-02
1193.721,5.704590E-04,1.070000E-03,2.410000E-03,4.530000E-03,7.110000E-03,9.200000E-03,1.136000E-02
1195.649,5.359440E-04,1.110000E-03,2.360000E-03,4.460000E-03,6.610000E-03,8.690000E-03,1.080000E-02
1197.578,4.750830E-04,9.319400E-04,1.990000E-03,3.920000E-03,5.560000E-03,7.640000E-03,9.420000E-03
1199.506,3.572690E-04,8.309840E-04,1.670000E-03,3.220000E-03,4.740000E-03,6.530000E-03,7.960000E-03
1201.435,1.937550E-04,6.787950E-04,1.550000E-03,2.670000E-03,4.140000E-03,5.490000E-03,6.820000E-03
1203.363,2.909920E-04,4.548220E-04,1.410000E-03,2.310000E-03,3.660000E-03,4.870000E-03,5.940000E-03
1205.292,3.411760E-04,4.020770E-04,1.210000E-03,2.090000E-03,3.350000E-03,4.480000E-03,5.290000E-03
1207.22,3.210070E-04,4.681710E-04,1.040000E-03,1.780000E-03,2.680000E-03,3.760000E-03,4.450000E-03
1209.149,3.550400E-04,3.933310E-04,8.738050E-04,1.390000E-03,2.010000E-03,2.910000E-03,3.570000E-03
1211.077,2.590450E-04,2.897140E-04,7.332840E-04,1.160000E-03,1.520000E-03,2.450000E-03,2.910000E-03
1213.006,1.491100E-04,1.930530E-04,6.140230E-04,1.120000E-03,1.180000E-03,2.220000E-03,2.470000E-03
1214.934,1.248370E-04,9.452320E-05,4.999400E-04,9.450620E-04,1.140000E-03,1.910000E-03,2.040000E-03
1216.863,2.779650E-05,1.366330E-04,3.803450E-04,6.769600E-04,1.110000E-03,1.540000E-03,1.830000E-03
1218.791,6.369640E-05,1.075300E-04,4.036230E-04,5.985300E-04,9.801800E-04,1.310000E-03,1.640000E-03
1220.719,1.199240E-04,1.060440E-04,5.328830E-04,5.177560E-04,8.954950E-04,1.220000E-03,1.380000E-03
1222.648,8.451150E-05,1.012760E-04,4.676740E-04,4.497750E-04,8.066780E-04,1.220000E-03,1.090000E-03
1224.576,8.308400E-05,1.739220E-04,3.688930E-04,3.334890E-04,7.094540E-04,1.080000E-03,1.050000E-03
1226.505,1.268800E-04,1.990620E-04,3.204980E-04,2.533270E-04,6.945380E-04,9.469340E-04,9.980790E-04
1228.433,4.226860E-05,3.307270E-04,3.312640E-04,3.153340E-04,6.208180E-04,8.486430E-04,9.889890E-04
1230.362,7.260000E-05,4.008910E-04,2.669150E-04,3.089280E-04,5.245290E-04,7.150070E-04,1.010000E-03
1232.29,1.274370E-04,2.302830E-04,2.285820E-04,2.894160E-04,4.842220E-04,7.736970E-04,9.304300E-04
1234.219,-6.632940E-05,1.519690E-04,2.466770E-04,2.722940E-04,5.883850E-04,8.821940E-04,9.878220E-04
1236.147,-1.766510E-04,2.003840E-04,2.729330E-04,2.991330E-04,6.146630E-04,7.471550E-04,1.150000E-03
1238.076,-1.239010E-04,3.535770E-05,2.810440E-04,3.750180E-04,7.245640E-04,7.427350E-04,1.150000E-03
1240.004,-3.773390E-05,-4.192610E-05,2.478850E-04,3.978150E-04,9.126450E-04,9.438350E-04,1.100000E-03
1241.933,-7.598560E-05,2.721560E-05,2.389100E-04,3.854340E-04,8.673580E-04,1.080000E-03,1.200000E-03
1243.861,-8.380980E-05,1.158610E-04,2.040290E-04,5.647090E-04,8.944500E-04,1.080000E-03,1.430000E-03
1245.79,9.439730E-05,8.715840E-05,3.191280E-04,7.130360E-04,1.010000E-03,1.060000E-03,1.640000E-03
1247.718,2.419660E-04,8.205920E-05,3.499350E-04,6.651800E-04,9.225190E-04,1.110000E-03,1.580000E-03
1249.646,1.478450E-04,1.315270E-04,3.858550E-04,6.868970E-04,7.588400E-04,1.170000E-03,1.390000E-03
1251.575,3.318860E-05,1.134650E-04,4.739840E-04,6.683980E-04,7.806500E-04,1.040000E-03,1.300000E-03
1253.503,1.637890E-05,5.373490E-05,3.831980E-04,5.318990E-04,8.644460E-04,8.185190E-04,1.370000E-03
1255.432,1.021790E-04,6.819330E-05,3.431960E-04,4.249800E-04,7.596390E-04,8.601160E-04,1.230000E-03
1257.36,6.318530E-05,-6.503680E-05,3.840920E-04,3.759920E-04,5.591750E-04,9.421390E-04,1.020000E-03
1259.289,1.666920E-05,-1.304410E-04,3.833780E-04,3.793420E-04,4.982060E-04,8.921550E-04,1.040000E-03
1261.217,-3.587760E-06,9.284080E-05,3.914910E-04,4.998900E-04,5.456020E-04,7.992110E-04,1.010000E-03
1263.146,3.901140E-06,1.541460E-04,3.565640E-04,5.417830E-04,5.665050E-04,9.148130E-04,9.404130E-04
1265.074,-2.451000E-05,1.170530E-04,3.315940E-04,5.583150E-04,5.772280E-04,1.000000E-03,9.192700E-04
1267.003,-2.895500E-05,1.052900E-04,3.951880E-04,5.403180E-04,5.381080E-04,9.248040E-04,8.756810E-04
1268.931,8.541930E-05,4.993710E-05,3.494110E-04,4.540080E-04,5.920430E-04,9.260530E-04,1.010000E-03
1270.86,1.072010E-04,-8.026920E-06,3.057950E-04,4.312360E-04,7.707180E-04,9.880230E-04,1.250000E-03
1272.788,1.913870E-05,1.501350E-05,4.466420E-04,4.362460E-04,9.439590E-04,1.120000E-03,1.450000E-03
1274.717,-2.694340E-05,2.353850E-04,5.766120E-04,5.362280E-04,1.110000E-03,1.280000E-03,1.710000E-03
1276.645,7.121940E-05,2.099570E-04,6.239390E-04,7.189930E-04,1.300000E-03,1.560000E-03,2.090000E-03
1278.573,1.289470E-04,1.120550E-04,6.380000E-04,9.953460E-04,1.630000E-03,2.160000E-03,2.660000E-03
1280.502,6.213020E-05,2.753960E-04,7.063210E-04,1.330000E-03,1.960000E-03,2.750000E-03,3.380000E-03
1282.43,4.805300E-06,4.439070E-04,8.995910E-04,1.610000E-03,2.290000E-03,3.230000E-03,3.910000E-03
1284.359,1.763310E-04,5.082140E-04,1.070000E-03,1.690000E-03,2.690000E-03,3.650000E-03,4.350000E-03
1286.287,3.007160E-04,5.144910E-04,1.010000E-03,1.770000E-03,2.800000E-03,3.900000E-03,4.600000E-03
1288.216,3.563190E-04,5.264760E-04,9.566540E-04,1.810000E-03,2.700000E-03,3.850000E-03,4.410000E-03
1290.144,3.058890E-04,4.915740E-04,9.694960E-04,1.570000E-03,2.380000E-03,3.390000E-03,4.050000E-03
1292.073,1.849800E-04,2.474080E-04,8.274810E-04,1.230000E-03,1.910000E-03,2.810000E-03,3.360000E-03
1294.001,1.503210E-04,1.511890E-04,6.865740E-04,1.050000E-03,1.530000E-03,2.310000E-03,2.600000E-03
1295.93,1.712460E-04,2.264290E-04,5.830940E-04,9.160480E-04,1.300000E-03,1.870000E-03,2.010000E-03
1297.858,8.896890E-05,3.060260E-04,4.077840E-04,7.188770E-04,1.030000E-03,1.390000E-03,1.710000E-03
1299.787,1.482260E-04,2.666650E-04,3.627680E-04,5.801630E-04,7.092570E-04,1.100000E-03,1.350000E-03
1301.715,2.314410E-04,2.489960E-04,3.861450E-04,4.451110E-04,5.872330E-04,8.783040E-04,1.110000E-03
1303.644,8.591160E-05,1.656080E-04,3.385440E-04,2.819620E-04,5.476120E-04,7.615580E-04,9.710070E-04
1305.572,3.551040E-05,-1.265940E-05,3.562780E-04,3.197210E-04,4.800420E-04,7.629060E-04,9.036990E-04
1307.5,1.125030E-04,-1.434440E-04,3.643910E-04,3.505150E-04,4.428180E-04,8.320160E-04,9.406380E-04
1309.429,1.234770E-04,-9.857550E-05,2.621820E-04,3.798170E-04,4.376230E-04,7.781970E-04,8.683520E-04
1311.357,1.020870E-04,1.056240E-04,1.901130E-04,4.643540E-04,4.407520E-04,7.271360E-04,8.076990E-04
1313.286,-3.969030E-05,1.770420E-04,2.736580E-04,4.550910E-04,4.941470E-04,7.631230E-04,9.013460E-04
1315.214,-7.078650E-05,1.684280E-04,2.825650E-04,4.373970E-04,5.114350E-04,7.246270E-04,9.117180E-04
1317.143,-2.113060E-05,2.784570E-04,2.930650E-04,4.836680E-04,5.216270E-04,7.940300E-04,9.363030E-04
1319.071,-8.163120E-05,3.370010E-04,3.060530E-04,4.457240E-04,5.790140E-04,8.781660E-04,1.200000E-03
1321,-1.234980E-04,1.874440E-04,3.003620E-04,3.582980E-04,6.737930E-04,8.617080E-04,1.260000E-03
1322.928,2.567650E-05,-4.022290E-06,3.036290E-04,3.459840E-04,6.397370E-04,8.130570E-04,1.080000E-03
1324.857,3.462610E-05,-8.408050E-05,3.104130E-04,4.981680E-04,5.915530E-04,7.304670E-04,1.050000E-03
1326.785,-6.599560E-05,4.040250E-05,4.087500E-04,4.873770E-04,5.736870E-04,8.098840E-04,1.000000E-03
1328.714,-9.099270E-05,1.840190E-04,3.752480E-04,4.247360E-04,4.895620E-04,1.040000E-03,1.120000E-03
1330.642,-9.878450E-05,3.209480E-05,4.653350E-04,5.749570E-04,6.951190E-04,1.240000E-03,1.360000E-03
1332.571,1.063290E-06,-9.045180E-05,6.535500E-04,8.174810E-04,9.918290E-04,1.330000E-03,1.550000E-03
1334.499,4.074980E-05,5.060190E-05,6.645240E-04,9.297880E-04,1.090000E-03,1.520000E-03,1.910000E-03
1336.427,1.601010E-04,2.059920E-04,5.087980E-04,1.020000E-03,1.270000E-03,1.910000E-03,2.260000E-03
1338.356,2.142640E-04,2.722530E-04,5.005150E-04,1.120000E-03,1.420000E-03,2.240000E-03,2.520000E-03
1340.284,1.423530E-04,3.855260E-04,6.260540E-04,1.260000E-03,1.610000E-03,2.490000E-03,2.710000E-03
1342.213,6.846280E-05,3.986010E-04,6.400810E-04,1.270000E-03,1.610000E-03,2.390000E-03,2.620000E-03
1344.141,1.008270E-04,2.585080E-04,7.307210E-04,1.030000E-03,1.390000E-03,2.010000E-03,2.430000E-03
1346.07,1.978060E-04,1.866240E-04,6.603020E-04,7.757800E-04,1.240000E-03,1.670000E-03,2.220000E-03
1347.998,1.923650E-04,1.370640E-04,4.751010E-04,7.466120E-04,1.200000E-03,1.560000E-03,2.040000E-03
1349.927,2.406950E-04,2.201190E-05,3.939710E-04,8.016570E-04,1.220000E-03,1.560000E-03,2.010000E-03
1351.855,2.666380E-04,-7.143820E-05,4.570110E-04,8.453130E-04,1.290000E-03,1.740000E-03,2.170000E-03
1353.784,2.746520E-05,5.828470E-05,5.627170E-04,9.919290E-04,1.360000E-03,1.900000E-03,2.380000E-03
1355.712,-6.887260E-06,2.435210E-04,5.725930E-04,1.080000E-03,1.410000E-03,1.960000E-03,2.560000E-03
1357.641,1.371970E-04,2.693930E-04,5.014690E-04,1.160000E-03,1.440000E-03,2.070000E-03,2.510000E-03
1359.569,1.560680E-04,2.947690E-04,5.240900E-04,1.140000E-03,1.420000E-03,2.170000E-03,2.640000E-03
1361.498,9.484090E-05,3.228330E-04,5.901370E-04,9.632750E-04,1.470000E-03,2.180000E-03,2.730000E-03
1363.426,8.452560E-05,2.218570E-04,5.503470E-04,9.808240E-04,1.530000E-03,2.170000E-03,2.660000E-03
1365.354,-8.389980E-06,2.042890E-04,5.798100E-04,1.140000E-03,1.680000E-03,2.320000E-03,2.840000E-03
1367.283,8.604740E-05,1.913970E-04,7.192870E-04,1.260000E-03,1.950000E-03,2.680000E-03,3.290000E-03
1369.211,1.519480E-04,2.871700E-04,8.359540E-04,1.320000E-03,2.220000E-03,2.970000E-03,3.620000E-03
1371.14,2.423050E-05,4.057860E-04,8.480620E-04,1.380000E-03,2.260000E-03,2.990000E-03,3.600000E-03
1373.068,3.679640E-05,3.617070E-04,7.764270E-04,1.360000E-03,2.010000E-03,2.690000E-03,3.320000E-03
1374.997,1.443470E-04,2.710030E-04,7.592380E-04,1.220000E-03,1.730000E-03,2.410000E-03,2.830000E-03
1376.925,2.252520E-04,2.423910E-04,5.260570E-04,1.080000E-03,1.560000E-03,2.150000E-03,2.330000E-03
1378.854,1.620890E-04,2.695560E-04,4.344960E-04,9.630710E-04,1.440000E-03,1.900000E-03,2.050000E-03
1380.782,4.083410E-05,2.354720E-04,3.991670E-04,8.527740E-04,1.250000E-03,1.680000E-03,1.860000E-03
1382.711,1.417860E-04,2.216830E-04,3.378590E-04,8.050270E-04,1.090000E-03,1.450000E-03,1.790000E-03
1384.639,2.042810E-04,2.076630E-04,4.208690E-04,6.537170E-04,1.050000E-03,1.340000E-03,1.910000E-03
1386.568,2.666800E-05,1.466960E-04,4.885600E-04,7.617360E-04,1.100000E-03,1.520000E-03,1.890000E-03
1388.496,4.283570E-06,2.099290E-04,5.070980E-04,8.689190E-04,1.240000E-03,1.880000E-03,2.110000E-03
1390.424,1.230740E-04,2.615650E-04,4.731900E-04,9.601750E-04,1.480000E-03,2.210000E-03,2.620000E-03
1392.353,2.324080E-04,3.850500E-04,5.816240E-04,1.150000E-03,1.840000E-03,2.670000E-03,3.330000E-03
1394.281,2.240470E-04,5.922270E-04,8.202490E-04,1.550000E-03,2.370000E-03,3.280000E-03,4.130000E-03
1396.21,1.252910E-04,7.139800E-04,9.915710E-04,2.000000E-03,2.830000E-03,4.040000E-03,4.890000E-03
1398.138,2.980450E-06,7.772950E-04,1.220000E-03,2.370000E-03,3.290000E-03,4.730000E-03,5.600000E-03
1400.067,5.822540E-05,7.296930E-04,1.420000E-03,2.490000E-03,3.510000E-03,4.990000E-03,6.050000E-03
1401.995,2.722840E-04,6.643710E-04,1.330000E-03,2.320000E-03,3.540000E-03,4.650000E-03,5.860000E-03
1403.924,2.754680E-04,6.065920E-04,1.080000E-03,2.060000E-03,3.140000E-03,4.060000E-03,5.200000E-03
1405.852,1.593830E-04,4.759560E-04,8.292460E-04,1.760000E-03,2.600000E-03,3.550000E-03,4.580000E-03
1407.781,2.441440E-04,3.466190E-04,7.761140E-04,1.560000E-03,2.270000E-03,3.210000E-03,4.020000E-03
1409.709,3.361580E-04,2.991640E-04,7.639740E-04,1.460000E-03,2.040000E-03,2.990000E-03,3.450000E-03
1411.638,2.415870E-04,3.271280E-04,6.296260E-04,1.230000E-03,1.750000E-03,2.710000E-03,2.990000E-03
1413.566,1.537050E-04,2.618670E-04,6.372450E-04,9.597010E-04,1.510000E-03,2.270000E-03,2.640000E-03
1415.495,1.185750E-04,2.308680E-04,5.984140E-04,8.099940E-04,1.360000E-03,1.860000E-03,2.250000E-03
1417.423,1.653790E-04,2.769340E-04,5.297410E-04,7.848410E-04,1.320000E-03,1.560000E-03,1.950000E-03
1419.351,1.810360E-04,3.800220E-04,4.672520E-04,7.685950E-04,1.200000E-03,1.490000E-03,1.880000E-03
1421.28,1.090520E-04,2.335050E-04,4.037440E-04,8.040440E-04,1.150000E-03,1.560000E-03,1.900000E-03
1423.208,1.160490E-04,1.477020E-04,4.451460E-04,7.517490E-04,1.160000E-03,1.450000E-03,1.890000E-03
1425.137,9.747240E-05,1.039820E-04,3.814750E-04,7.553020E-04,1.120000E-03,1.440000E-03,1.920000E-03
1427.065,5.276220E-05,1.155240E-04,3.931710E-04,8.338440E-04,1.000000E-03,1.570000E-03,1.960000E-03
1428.994,3.896340E-05,2.473560E-04,5.370060E-04,8.173620E-04,1.000000E-03,1.440000E-03,1.950000E-03
1430.922,5.275870E-05,2.702760E-04,5.257350E-04,7.585880E-04,1.050000E-03,1.420000E-03,1.890000E-03
1432.851,3.514590E-05,3.056010E-04,5.288380E-04,6.518900E-04,1.020000E-03,1.450000E-03,1.850000E-03
1434.779,7.089730E-05,3.752580E-04,5.307120E-04,6.755370E-04,1.030000E-03,1.580000E-03,1.810000E-03
1436.708,1.885560E-04,3.360260E-04,5.580160E-04,7.653610E-04,1.080000E-03,1.660000E-03,1.820000E-03
1438.636,1.739910E-04,2.639980E-04,4.790600E-04,7.667230E-04,9.707390E-04,1.580000E-03,1.760000E-03
1440.565,9.122410E-05,2.633080E-04,5.084520E-04,7.911420E-04,8.464230E-04,1.580000E-03,1.700000E-03
1442.493,-2.276490E-05,1.848600E-04,4.765360E-04,7.143970E-04,8.034860E-04,1.530000E-03,1.590000E-03
1444.422,-1.187240E-04,1.510490E-04,4.085450E-04,6.118600E-04,8.337030E-04,1.410000E-03,1.600000E-03
1446.35,-1.015520E-04,1.310640E-04,4.136060E-04,5.608150E-04,9.813840E-04,1.430000E-03,1.680000E-03
1448.278,3.874750E-05,1.017320E-04,4.167080E-04,5.952520E-04,1.040000E-03,1.430000E-03,1.630000E-03
1450.207,7.841340E-05,1.126110E-04,3.596110E-04,6.754610E-04,9.946600E-04,1.400000E-03,1.590000E-03
1452.135,5.678670E-05,1.893320E-04,2.689460E-04,6.840290E-04,8.768750E-04,1.370000E-03,1.570000E-03
1454.064,8.282180E-05,2.961130E-04,4.356390E-04,6.663230E-04,7.510890E-04,1.330000E-03,1.500000E-03
1455.992,9.575700E-05,3.915750E-04,6.651530E-04,6.120180E-04,7.483150E-04,1.230000E-03,1.400000E-03
1457.921,5.134180E-05,2.955280E-04,6.037080E-04,5.425750E-04,7.273860E-04,1.110000E-03,1.290000E-03
1459.849,-6.118180E-05,1.844490E-04,4.400670E-04,3.862310E-04,6.330290E-04,9.595350E-04,1.030000E-03
1461.778,-2.465910E-05,9.743080E-05,2.806020E-04,1.842840E-04,5.243940E-04,7.234960E-04,7.235660E-04
1463.706,1.268910E-04,4.796000E-06,2.245850E-04,1.072120E-04,3.755620E-04,6.524820E-04,5.981780E-04
1465.635,6.307480E-05,2.284880E-07,1.824060E-04,1.798660E-04,2.083170E-04,6.124330E-04,4.962210E-04
1467.563,-6.105270E-05,1.281450E-04,1.039480E-04,3.104670E-05,6.877000E-05,4.202740E-04,3.641610E-04
1469.492,-3.806770E-05,1.546390E-04,9.158300E-06,-1.824130E-05,-3.856760E-05,2.490610E-04,2.572150E-04
1471.42,9.138810E-05,1.441690E-04,2.588520E-05,1.128420E-04,1.746590E-05,9.443260E-05,1.035060E-04
1473.349,1.290120E-04,2.032230E-04,1.224460E-04,1.391800E-04,-1.575470E-05,1.256500E-05,8.308780E-05
1475.277,4.025240E-05,1.438490E-04,8.571870E-05,4.978400E-05,-1.252580E-04,9.920720E-05,6.661650E-05
1477.205,8.219610E-06,7.404250E-05,9.442480E-05,3.183950E-05,-1.423710E-04,1.284920E-04,-5.023550E-05
1479.134,-7.687130E-05,-1.232340E-05,1.368620E-04,-5.141730E-06,-1.539380E-04,4.704770E-05,-2.826970E-05
1481.062,-1.269340E-04,-3.925960E-05,1.324690E-04,3.253600E-05,-9.029540E-05,2.262590E-05,-1.550930E-06
1482.991,-1.095180E-04,7.573030E-06,7.960230E-05,3.147470E-05,-8.810040E-05,-2.463430E-05,-5.293180E-05
1484.919,-1.494520E-05,1.373620E-05,-1.552820E-05,-9.292210E-05,-7.307820E-05,-9.071720E-05,-1.014560E-04
1486.848,9.092710E-05,-5.800070E-05,-6.702400E-06,-5.512940E-05,-1.049050E-04,-2.440260E-05,-3.599340E-05
1488.776,4.740490E-05,-9.211580E-06,1.089540E-04,4.114940E-06,-9.461410E-05,7.869020E-05,4.038480E-05
1490.705,2.352230E-05,4.482000E-05,2.014910E-04,2.074930E-05,-6.463080E-05,8.670980E-05,1.347480E-04
1492.633,1.546070E-05,-4.398830E-05,2.558700E-04,7.432870E-05,-3.677610E-05,2.378900E-04,2.077560E-04
1494.562,4.613870E-06,8.968540E-05,3.389200E-04,2.372680E-04,-8.216760E-06,3.137820E-04,2.696690E-04
1496.49,1.325830E-04,3.131670E-04,3.219840E-04,2.966760E-04,1.097010E-04,3.067850E-04,3.830260E-04
1498.419,1.079330E-04,2.974570E-04,2.985100E-04,2.914790E-04,3.696750E-04,4.561350E-04,6.561090E-04
1500.347,-5.871680E-06,1.876090E-04,3.792170E-04,3.424950E-04,5.651880E-04,6.226390E-04,8.880810E-04
1502.276,-3.489110E-05,2.391450E-04,5.151330E-04,3.810390E-04,6.646560E-04,7.901970E-04,1.030000E-03
1504.204,-3.054880E-05,3.709470E-04,6.896790E-04,5.688380E-04,7.779700E-04,1.030000E-03,1.230000E-03
1506.132,3.435320E-05,5.214030E-04,7.640870E-04,8.814250E-04,9.579940E-04,1.380000E-03,1.570000E-03
1508.061,6.669100E-05,3.839680E-04,8.078830E-04,9.396110E-04,1.050000E-03,1.750000E-03,2.000000E-03
1509.989,5.338810E-05,1.935570E-04,8.302920E-04,1.080000E-03,1.360000E-03,2.180000E-03,2.650000E-03
1511.918,5.278950E-05,2.666470E-04,8.089210E-04,1.430000E-03,2.080000E-03,2.830000E-03,3.560000E-03
1513.846,1.046990E-04,4.317620E-04,9.169420E-04,1.830000E-03,2.820000E-03,3.840000E-03,4.840000E-03
1515.775,2.698610E-04,6.608270E-04,1.320000E-03,2.380000E-03,3.740000E-03,5.050000E-03,6.390000E-03
1517.703,3.701880E-04,9.465370E-04,1.790000E-03,3.130000E-03,4.850000E-03,6.610000E-03,8.280000E-03
1519.632,5.172870E-04,1.160000E-03,2.210000E-03,4.050000E-03,6.070000E-03,8.280000E-03,1.031000E-02
1521.56,6.126220E-04,1.330000E-03,2.660000E-03,5.000000E-03,7.330000E-03,9.990000E-03,1.232000E-02
1523.489,5.450730E-04,1.420000E-03,2.860000E-03,5.350000E-03,8.050000E-03,1.089000E-02,1.352000E-02
1525.417,5.704400E-04,1.450000E-03,2.740000E-03,5.210000E-03,7.820000E-03,1.049000E-02,1.311000E-02
1527.346,4.433710E-04,1.210000E-03,2.310000E-03,4.580000E-03,6.740000E-03,9.110000E-03,1.116000E-02
1529.274,3.036940E-04,8.543330E-04,1.820000E-03,3.650000E-03,5.270000E-03,7.180000E-03,8.640000E-03
1531.203,3.099980E-04,6.701250E-04,1.280000E-03,2.710000E-03,3.930000E-03,5.240000E-03,6.320000E-03
1533.131,2.738220E-04,5.932360E-04,9.647810E-04,2.050000E-03,2.830000E-03,3.580000E-03,4.400000E-03
1535.059,1.887760E-04,4.007460E-04,5.871910E-04,1.410000E-03,1.830000E-03,2.430000E-03,2.940000E-03
1536.988,1.361570E-04,2.515470E-04,3.337770E-04,9.597620E-04,1.100000E-03,1.640000E-03,1.860000E-03
1538.916,1.272970E-04,2.833900E-04,2.666350E-04,8.203850E-04,5.768920E-04,1.050000E-03,9.393380E-04
1540.845,9.760680E-05,2.539530E-04,1.584660E-04,5.781240E-04,2.620500E-04,6.779210E-04,5.126240E-04
1542.773,1.625250E-04,1.442180E-04,5.068920E-05,3.216050E-04,1.706450E-04,4.262770E-04,3.336620E-04
1544.702,2.493190E-04,7.657230E-05,1.538490E-05,2.106130E-04,1.154610E-04,2.223920E-04,1.039010E-04
1546.63,1.114660E-04,-7.600070E-06,-5.225610E-06,1.208680E-04,2.294180E-05,5.394810E-06,-2.715790E-05
1548.559,4.449650E-05,-6.220030E-05,-5.144490E-05,5.162300E-06,-4.740260E-05,-1.751630E-04,-8.551210E-05
1550.487,6.104480E-05,-2.086230E-04,-2.611780E-05,-1.128190E-04,-3.187100E-05,-1.333690E-04,-1.114680E-04
1552.416,-3.698900E-05,-6.910620E-05,5.615020E-05,-6.823280E-05,-1.520890E-04,9.689970E-06,-1.136270E-04
1554.344,-9.955920E-05,1.215010E-04,1.708770E-04,1.184610E-04,-1.262680E-04,3.943140E-05,-5.388100E-05
1556.273,-6.892400E-05,1.483950E-04,1.335200E-04,2.376390E-04,-4.429190E-05,2.304160E-05,1.759050E-05
1558.201,9.430580E-05,1.598740E-04,1.256870E-04,2.901510E-04,-8.640400E-05,1.327360E-04,2.391650E-05
1560.13,4.717540E-05,1.672530E-05,5.931370E-05,9.306940E-05,-1.647800E-04,1.500990E-04,-1.283550E-04
1562.058,-1.650220E-04,-1.028380E-04,-5.751650E-05,-1.671380E-05,-1.817050E-04,-8.748910E-05,-2.537680E-04
1563.986,-9.863470E-05,-9.645330E-05,-1.464820E-05,-7.490000E-05,-8.507110E-05,-8.898390E-05,-2.324480E-04
1565.915,2.530070E-05,-9.669890E-05,1.701500E-05,-1.118760E-04,-8.327620E-05,-8.054190E-07,-1.031650E-04
1567.843,2.180170E-05,-1.263840E-05,2.286240E-06,6.085440E-05,-4.117770E-05,-2.677920E-05,8.514900E-05
1569.772,-1.784810E-05,1.405560E-04,9.708940E-06,1.757700E-04,4.124230E-05,2.816360E-05,3.662560E-05
1571.7,-5.125880E-05,9.042610E-05,3.005410E-06,7.437590E-05,1.070540E-04,9.677460E-05,-2.604560E-05
1573.629,-2.826360E-05,1.141850E-05,1.130770E-04,1.221860E-05,2.151410E-04,1.692300E-04,5.473770E-05
1575.557,1.660320E-05,1.241160E-04,4.459940E-04,2.320110E-04,1.609740E-04,2.446470E-04,1.146980E-04
1577.486,-9.405820E-06,1.007990E-04,4.315830E-04,4.090670E-04,9.300900E-05,3.358630E-04,2.200890E-04
1579.414,-7.517260E-05,1.669200E-05,1.923790E-04,3.698130E-04,2.135050E-04,6.050510E-04,5.804980E-04
1581.343,1.349730E-05,1.462030E-04,2.831560E-05,3.106040E-04,4.538540E-04,8.288960E-04,8.839920E-04
1583.271,2.931140E-05,1.806470E-04,6.456030E-05,4.001080E-04,6.862350E-04,8.361740E-04,9.854730E-04
1585.2,-7.444190E-06,2.733370E-05,1.462850E-04,4.457330E-04,5.817280E-04,7.103180E-04,7.850520E-04
1587.128,-1.232600E-05,-9.103330E-06,7.937610E-05,2.118960E-04,4.207040E-04,6.070310E-04,3.991880E-04
1589.057,-1.150440E-05,-1.637390E-05,1.397080E-04,1.313290E-04,2.499830E-04,2.337520E-04,-3.906810E-05
1590.985,4.332230E-05,3.438880E-06,1.659100E-04,1.609690E-04,8.721130E-05,-1.581940E-05,-1.544110E-04
1592.913,5.760290E-05,-2.624220E-06,8.951240E-06,1.783350E-04,-5.125290E-06,2.194090E-05,-3.747200E-05
1594.842,2.728320E-06,2.167320E-05,-2.276870E-06,1.903850E-04,-2.156420E-05,7.132790E-05,3.627210E-05
1596.77,-5.943500E-05,-5.916920E-05,8.547990E-05,2.476370E-05,2.912900E-05,1.877930E-04,2.927840E-04
1598.699,1.659480E-05,-7.007300E-05,6.777210E-05,-3.148440E-06,5.126270E-05,3.722630E-04,5.550510E-04
1600.627,1.152940E-04,-5.724690E-05,1.242270E-04,2.188930E-04,2.191400E-04,4.045100E-04,6.662590E-04
1602.556,1.384680E-04,-1.393340E-04,2.511590E-04,3.167680E-04,3.200260E-04,4.704580E-04,7.772650E-04
1604.484,1.488700E-04,-9.615480E-05,4.211400E-04,3.419470E-04,5.160930E-04,8.795940E-04,1.130000E-03
1606.413,1.539970E-04,6.443730E-05,4.612390E-04,6.061740E-04,8.022610E-04,1.350000E-03,1.630000E-03
1608.341,1.916720E-04,2.222700E-04,5.771710E-04,9.059170E-04,1.060000E-03,1.770000E-03,2.140000E-03
1610.27,2.578210E-04,1.708680E-04,7.005740E-04,1.030000E-03,1.300000E-03,2.140000E-03,2.650000E-03
1612.198,3.737000E-04,-4.977620E-06,7.255480E-04,1.300000E-03,1.700000E-03,2.610000E-03,3.000000E-03
1614.127,3.736840E-04,1.380740E-04,8.446050E-04,1.600000E-03,2.040000E-03,3.110000E-03,3.480000E-03
1616.055,3.949790E-04,3.598230E-04,1.140000E-03,1.770000E-03,2.330000E-03,3.580000E-03,4.100000E-03
1617.984,4.767620E-04,4.507310E-04,1.260000E-03,1.970000E-03,2.690000E-03,3.910000E-03,4.650000E-03
1619.912,4.519780E-04,6.002400E-04,1.150000E-03,2.240000E-03,3.060000E-03,4.120000E-03,5.240000E-03
1621.84,4.872530E-04,6.998300E-04,1.270000E-03,2.590000E-03,3.560000E-03,4.740000E-03,5.810000E-03
1623.769,4.025820E-04,5.082380E-04,1.630000E-03,2.910000E-03,3.860000E-03,5.380000E-03,6.400000E-03
1625.697,4.193620E-04,4.078290E-04,1.730000E-03,3.140000E-03,4.220000E-03,5.820000E-03,7.090000E-03
1627.626,5.968480E-04,4.673220E-04,1.760000E-03,3.220000E-03,4.690000E-03,6.230000E-03,7.850000E-03
1629.554,6.000520E-04,4.236560E-04,1.910000E-03,3.280000E-03,5.100000E-03,6.700000E-03,8.550000E-03
1631.483,6.493540E-04,6.751290E-04,2.180000E-03,3.580000E-03,5.460000E-03,7.180000E-03,9.120000E-03
1633.411,7.550680E-04,9.120340E-04,2.380000E-03,3.950000E-03,5.980000E-03,7.710000E-03,9.790000E-03
1635.34,8.485790E-04,9.547530E-04,2.520000E-03,4.310000E-03,6.470000E-03,8.410000E-03,1.066000E-02
1637.268,7.055700E-04,1.030000E-03,2.510000E-03,4.530000E-03,6.930000E-03,9.120000E-03,1.140000E-02
1639.197,7.436880E-04,1.180000E-03,2.510000E-03,4.730000E-03,7.370000E-03,9.760000E-03,1.211000E-02
1641.125,9.269170E-04,1.250000E-03,2.650000E-03,5.100000E-03,7.940000E-03,1.047000E-02,1.316000E-02
1643.054,1.100000E-03,1.260000E-03,2.890000E-03,5.410000E-03,8.730000E-03,1.135000E-02,1.442000E-02
1644.982,1.170000E-03,1.330000E-03,3.320000E-03,6.140000E-03,9.410000E-03,1.251000E-02,1.570000E-02
1646.911,1.040000E-03,1.540000E-03,3.780000E-03,6.980000E-03,1.004000E-02,1.374000E-02,1.712000E-02
1648.839,9.449250E-04,1.800000E-03,3.920000E-03,7.480000E-03,1.097000E-02,1.484000E-02,1.848000E-02
1650.767,1.020000E-03,2.140000E-03,4.230000E-03,8.090000E-03,1.202000E-02,1.606000E-02,2.005000E-02
1652.696,1.220000E-03,2.400000E-03,4.700000E-03,8.920000E-03,1.309000E-02,1.739000E-02,2.180000E-02
1654.624,1.310000E-03,2.410000E-03,4.900000E-03,9.360000E-03,1.394000E-02,1.852000E-02,2.327000E-02
1656.553,1.330000E-03,2.320000E-03,5.070000E-03,9.600000E-03,1.456000E-02,1.946000E-02,2.449000E-02
1658.481,1.390000E-03,2.320000E-03,5.240000E-03,9.930000E-03,1.521000E-02,2.033000E-02,2.528000E-02
1660.41,1.590000E-03,2.480000E-03,5.430000E-03,1.027000E-02,1.560000E-02,2.090000E-02,2.587000E-02
1662.338,1.600000E-03,2.610000E-03,5.340000E-03,1.039000E-02,1.556000E-02,2.087000E-02,2.599000E-02
1664.267,1.510000E-03,2.440000E-03,5.130000E-03,1.012000E-02,1.527000E-02,2.050000E-02,2.537000E-02
1666.195,1.460000E-03,2.350000E-03,5.080000E-03,9.680000E-03,1.475000E-02,1.962000E-02,2.425000E-02
1668.124,1.440000E-03,2.390000E-03,4.860000E-03,9.190000E-03,1.389000E-02,1.837000E-02,2.276000E-02
1670.052,1.250000E-03,2.200000E-03,4.430000E-03,8.550000E-03,1.269000E-02,1.681000E-02,2.095000E-02
1671.981,9.952960E-04,1.870000E-03,3.840000E-03,7.650000E-03,1.121000E-02,1.491000E-02,1.859000E-02
1673.909,8.291230E-04,1.680000E-03,3.220000E-03,6.600000E-03,9.590000E-03,1.289000E-02,1.593000E-02
1675.838,6.584640E-04,1.420000E-03,2.750000E-03,5.520000E-03,7.950000E-03,1.079000E-02,1.323000E-02
1677.766,5.484310E-04,1.010000E-03,2.400000E-03,4.360000E-03,6.340000E-03,8.710000E-03,1.057000E-02
1679.694,4.826440E-04,6.708470E-04,2.010000E-03,3.390000E-03,4.980000E-03,6.710000E-03,8.210000E-03
1681.623,4.285180E-04,4.254140E-04,1.520000E-03,2.700000E-03,3.730000E-03,4.960000E-03,6.170000E-03
1683.551,4.575470E-04,4.764470E-04,1.270000E-03,2.210000E-03,2.570000E-03,3.730000E-03,4.580000E-03
1685.48,4.036580E-04,4.643020E-04,8.581850E-04,1.550000E-03,1.780000E-03,2.730000E-03,3.100000E-03
1687.408,3.101180E-04,2.050910E-04,4.417360E-04,1.050000E-03,1.200000E-03,1.980000E-03,2.000000E-03
1689.337,1.981190E-04,-1.866700E-05,3.153640E-04,6.908210E-04,7.691150E-04,1.280000E-03,1.220000E-03
1691.265,-2.643770E-05,-7.762920E-05,3.331130E-04,4.411500E-04,5.651540E-04,7.585700E-04,8.418110E-04
1693.194,-5.851500E-05,2.810410E-05,3.821830E-04,1.478260E-04,2.802670E-04,4.431320E-04,4.430700E-04
1695.122,9.902210E-05,1.613850E-04,4.552130E-04,-5.813120E-05,8.512870E-05,2.932220E-04,1.510450E-04
1697.051,1.596420E-04,1.030610E-04,3.841100E-04,-9.770920E-05,1.263570E-04,1.884960E-04,7.690210E-05
1698.979,2.619420E-04,1.190750E-04,2.731820E-04,-1.140930E-05,1.046340E-04,-2.414440E-05,1.578610E-04
1700.908,2.967340E-04,2.421020E-04,5.946970E-05,6.582460E-05,-1.884710E-05,-1.000890E-04,1.678630E-04
1702.836,4.350910E-05,1.650650E-04,-4.424560E-05,-2.212900E-05,-3.695090E-05,-2.855560E-06,8.237810E-06
1704.765,-3.880870E-05,1.094570E-04,2.036770E-04,-1.066030E-04,-6.951190E-05,1.240680E-04,1.625290E-06
1706.693,1.568950E-05,-3.221580E-05,2.292480E-04,-6.905100E-05,-7.970190E-05,1.530520E-04,1.731570E-05
1708.621,-4.709470E-05,-1.277170E-04,9.353150E-05,5.356040E-05,-6.659290E-05,1.777940E-04,2.522730E-05
1710.55,-5.606090E-05,-7.912380E-05,5.981580E-05,8.731390E-05,-9.536760E-05,2.098490E-04,7.012620E-05
1712.478,3.849290E-05,-3.526590E-05,5.485070E-06,3.215390E-05,-1.779700E-04,7.863510E-05,-2.116320E-05
1714.407,2.826460E-05,-1.015630E-06,4.791480E-05,5.019210E-05,-1.205390E-04,1.335730E-05,-9.766710E-05
1716.335,1.378280E-04,6.472900E-05,1.325880E-04,1.247880E-04,-1.537990E-05,3.372660E-05,-1.396520E-04
1718.264,1.452440E-04,4.391480E-05,-9.198830E-05,7.579240E-05,-3.600970E-05,6.881300E-05,-5.083580E-05
1720.192,6.598990E-06,2.010440E-05,-2.244590E-04,-9.138560E-05,-5.253680E-05,-1.454980E-05,1.171190E-05
1722.121,-6.580420E-05,4.250540E-05,-1.157820E-04,-1.601630E-04,-1.002000E-04,-6.047350E-05,-1.886120E-05
1724.049,-2.665430E-05,-5.962240E-05,-4.433150E-05,-6.350330E-05,-1.693640E-04,-6.024210E-05,-5.621890E-05
1725.978,-1.671540E-05,-8.945360E-05,2.868830E-05,-1.012480E-04,-1.686980E-04,-5.829150E-05,-1.050290E-06
1727.906,-7.889010E-05,-6.672880E-05,-9.430730E-06,-1.330260E-04,-1.290940E-04,-9.042550E-05,8.033130E-05
1729.835,-4.932450E-05,-1.514660E-05,-4.443090E-05,-1.954810E-04,-6.556080E-05,-6.024210E-05,-4.876740E-05
1731.763,-4.270030E-05,4.045640E-05,5.056680E-05,-5.521810E-05,3.310170E-06,-1.599420E-04,-1.569510E-04
1733.692,4.344230E-05,6.271870E-05,2.243410E-04,1.501050E-04,-1.406580E-05,-9.895490E-05,3.913330E-06
1735.62,-4.848330E-06,1.441010E-05,1.306320E-04,3.009510E-05,-1.631730E-04,-8.923540E-05,1.120440E-04
1737.548,-6.858500E-05,-1.026260E-05,4.181530E-05,-5.266630E-05,-2.700240E-04,-4.652160E-05,1.749780E-04
1739.477,-5.566260E-05,2.084660E-05,2.109740E-05,-2.141300E-05,-3.411670E-04,5.618030E-05,1.158220E-04
1741.405,4.614190E-06,6.886140E-05,-8.542670E-05,5.585140E-05,-1.564560E-04,5.670940E-05,-6.821910E-05
1743.334,2.294510E-05,-8.080830E-06,-2.676570E-04,2.939900E-05,1.293310E-04,5.909040E-05,-1.278760E-04
1745.262,2.366470E-05,-1.018130E-04,-1.195920E-04,-4.308840E-05,-5.920690E-05,5.862750E-05,-1.363440E-04
1747.191,5.030080E-06,-1.587020E-04,-3.359310E-05,1.525600E-05,-3.379260E-04,7.142560E-05,-1.002490E-04
1749.119,3.013320E-06,-8.905630E-05,-3.677490E-05,4.245390E-05,-3.653410E-04,6.487770E-05,6.012580E-05
1751.048,1.314110E-04,-1.051740E-05,2.656890E-05,7.801370E-06,-2.122350E-04,1.765600E-05,9.501580E-05
1752.976,4.895730E-05,-2.934150E-05,8.729770E-05,-3.420700E-05,-7.816880E-05,-7.379670E-05,-8.270930E-05
1754.905,-1.192340E-04,2.067010E-05,1.103670E-04,-3.166140E-06,-9.322520E-05,3.495020E-05,-1.234450E-04
1756.833,-1.365690E-04,6.196960E-05,1.232290E-04,-1.624010E-05,-1.659520E-04,1.329420E-04,4.414150E-05
1758.762,2.770820E-06,5.809140E-05,3.927770E-05,-9.940080E-05,-5.801560E-05,7.132650E-05,1.524260E-04
1760.69,1.435280E-04,5.809140E-05,-2.311220E-05,1.230000E-05,7.305270E-05,-3.266860E-05,8.767020E-05
1762.619,1.260410E-04,-1.522700E-05,5.752820E-06,1.272450E-04,-5.361420E-05,6.600480E-07,-3.023490E-05
1764.547,4.128430E-05,-7.854190E-05,6.034990E-05,6.139250E-05,-7.138500E-05,1.139240E-04,-2.401290E-05
1766.475,7.694000E-05,-3.979160E-05,1.374370E-04,3.537890E-06,-6.115940E-05,1.079040E-04,-2.162990E-05
1768.404,-6.110410E-05,1.474940E-04,1.604790E-04,6.627810E-05,-5.986880E-05,2.502990E-05,-7.369210E-05
1770.332,-9.267610E-05,1.325540E-04,1.509000E-04,7.784540E-05,1.479520E-05,-6.149840E-05,-8.131280E-07
1772.261,8.737980E-05,1.320840E-05,1.088090E-04,3.292700E-05,1.112220E-04,3.104820E-05,1.210100E-04
1774.189,1.880380E-04,7.619960E-06,-6.314000E-06,-3.564890E-05,1.191680E-04,1.562270E-04,1.464740E-04
1776.118,2.248350E-04,9.543260E-05,7.417070E-05,-6.342430E-05,1.242990E-04,3.981120E-05,1.178000E-04
1778.046,1.527360E-04,3.468380E-05,1.842210E-04,-1.470920E-05,3.382740E-05,-2.311980E-04,1.398830E-04
1779.975,3.057370E-05,-7.932930E-05,1.642130E-04,7.349060E-05,-1.088850E-05,-1.379280E-04,2.256550E-04
1781.903,-1.245870E-05,-5.420460E-05,2.440670E-05,6.924600E-05,1.704600E-05,-8.608520E-07,2.456690E-04
1783.832,4.772900E-05,6.739260E-05,-1.793500E-04,9.543240E-05,-8.333100E-05,4.401090E-05,2.126820E-04
1785.76,-2.071980E-06,9.464360E-05,-9.160370E-05,1.021300E-04,-1.883830E-04,1.186760E-04,1.410880E-04
1787.689,-6.928070E-05,4.494230E-05,3.652840E-06,4.819390E-05,-2.025480E-05,2.392070E-04,2.127270E-04
1789.617,-3.689220E-05,-4.424160E-06,-1.340830E-04,1.458950E-04,7.364860E-05,1.173060E-04,2.100870E-04
1791.546,1.818560E-05,3.541080E-05,-8.211120E-08,2.959530E-04,-5.106600E-05,-1.013590E-04,7.761330E-05
1793.474,2.417670E-05,-5.780060E-05,1.445240E-04,8.896890E-05,-6.906850E-05,-1.596400E-04,1.567720E-04
1795.402,-4.154370E-05,-1.636440E-04,1.288720E-04,-8.752940E-05,-2.481930E-06,-8.781870E-05,2.672250E-04
1797.331,1.422140E-05,-1.975280E-04,1.510750E-05,-1.313360E-04,6.010960E-05,1.029570E-04,3.015840E-04
1799.259,8.706910E-05,-5.761120E-05,-1.651970E-05,-9.452150E-05,-2.051960E-05,1.944670E-04,2.417540E-04
1801.188,-5.474250E-05,-9.075090E-06,3.937640E-05,3.059230E-05,-3.395630E-05,2.281350E-04,1.263110E-04
1803.116,-1.295950E-04,-5.181920E-05,-6.673700E-06,1.047160E-04,-7.651420E-05,1.353790E-04,9.965200E-05
1805.045,-9.424890E-05,-3.866860E-05,-7.267370E-05,1.094900E-04,1.542410E-05,-9.032140E-06,1.986610E-04
1806.973,-6.171710E-05,-1.193460E-05,-6.972360E-05,6.450350E-05,1.101960E-04,-1.114870E-04,2.466060E-04
1808.902,-3.697850E-05,2.785730E-05,-1.420440E-04,7.617250E-05,6.802110E-05,-3.425920E-05,2.559850E-04
1810.83,-1.092160E-04,-3.768420E-05,-2.206150E-04,2.578590E-05,7.904440E-05,6.991430E-05,2.696430E-04
1812.759,-9.237330E-05,-8.787640E-05,-1.809830E-04,-1.118190E-04,7.497270E-05,-6.498910E-05,7.573190E-05
1814.687,3.094290E-05,6.562350E-05,-1.453580E-04,-1.985620E-04,2.836590E-05,7.957210E-05,-1.313030E-04
1816.616,-8.019720E-05,2.192870E-04,-2.861300E-06,-5.995730E-05,-1.252220E-04,2.042380E-04,-1.830280E-04
1818.544,-8.088040E-05,7.929250E-05,1.121580E-04,2.807310E-05,-2.690320E-04,1.343280E-04,-2.956440E-04
1820.473,1.601830E-04,-1.380010E-04,1.162700E-04,1.314650E-04,-1.389870E-04,-8.473860E-06,-1.755380E-04
1822.401,1.930520E-04,-1.703850E-04,-1.188780E-04,9.933670E-05,-1.309470E-04,-1.414420E-04,-3.589460E-06
1824.329,3.482500E-05,2.056550E-05,-1.227880E-04,4.665590E-05,-4.894800E-05,-7.898460E-05,-3.124820E-05
1826.258,-5.227200E-05,1.405020E-04,7.886600E-05,-1.938190E-05,9.327910E-05,-8.706980E-05,5.141560E-05
1828.186,-5.199320E-05,2.595730E-04,2.368270E-04,-1.491120E-05,1.629250E-04,-1.255900E-04,7.191970E-06
1830.115,-1.202710E-04,2.882910E-04,3.111350E-04,3.556690E-05,1.270980E-05,1.309170E-06,-1.466510E-04
1832.043,-1.375470E-05,-3.969900E-05,3.030840E-04,-1.078920E-04,-1.602500E-04,9.957420E-05,-2.002320E-04
1833.972,-1.420640E-05,-2.049680E-04,8.824160E-05,-1.977040E-04,-2.269330E-04,3.896510E-05,-1.309400E-04
1835.9,-1.429100E-04,-1.681310E-04,-3.822770E-05,-5.689790E-05,-1.961560E-04,-6.399780E-05,-6.643020E-05
1837.829,7.233180E-05,-3.570380E-05,-1.308670E-05,-7.609710E-05,-1.176670E-04,-4.356690E-05,-7.955570E-05
1839.757,1.071030E-04,4.536860E-06,1.503860E-04,-2.018180E-05,-2.354260E-05,-7.851590E-05,-2.212190E-05
1841.686,0.000000E+00,1.355250E-20,0.000000E+00,0.000000E+00,0.000000E+00,0.000000E+00,1.355250E-20
