Wavenumber,0.0262,0.0524,0.1048,0.2097,0.3145,0.4193,0.5242
850.4539,4.524530E-04,1.226060E-04,-1.093320E-04,-2.244860E-05,2.697680E-04,2.252100E-04,-1.861350E-04
852.3823,1.614260E-04,1.447860E-04,-2.511770E-04,2.639610E-04,-1.292920E-05,-4.842610E-05,-1.051690E-04
854.3108,-3.036110E-04,7.264290E-05,1.254940E-05,4.514480E-05,-2.703110E-04,2.111010E-05,-1.281840E-04
856.2393,-3.095590E-04,-6.108100E-05,3.688840E-05,1.231260E-04,-6.184700E-05,-3.396710E-04,-3.372540E-04
858.1677,-2.820410E-05,5.625110E-06,-2.992900E-05,1.282700E-04,1.686800E-04,-4.453110E-04,-2.983820E-04
860.0962,1.807100E-04,-1.689470E-04,2.473430E-04,-2.798240E-04,2.204370E-04,-1.939210E-04,-5.241890E-05
862.0247,3.245510E-04,-4.986950E-05,4.594860E-04,-2.143070E-04,3.685430E-05,-5.105840E-05,-1.646830E-04
863.9531,1.307680E-04,2.024450E-04,4.440970E-04,5.910060E-05,-5.439290E-05,1.069050E-05,-3.158790E-04
865.8816,1.188070E-04,1.403850E-04,3.610430E-04,-2.364200E-04,4.172280E-05,1.243710E-04,-1.536480E-04
867.8101,2.064330E-04,8.780420E-05,3.199470E-04,-2.968930E-04,1.706910E-04,2.187900E-04,4.270890E-05
869.7385,1.959630E-04,1.671010E-04,-9.077210E-05,-2.295570E-04,1.038140E-04,4.170140E-04,4.887100E-05
871.667,1.413890E-04,1.471710E-04,-9.113390E-05,-4.002940E-05,-2.124280E-04,2.511280E-04,6.788380E-05
873.5955,1.326940E-04,1.085700E-04,1.114080E-04,2.989370E-04,-5.501840E-06,3.747940E-05,2.373220E-04
875.5239,6.550320E-05,-1.242460E-05,-1.070790E-05,3.027640E-04,1.381200E-04,-8.550870E-05,7.986770E-05
877.4524,8.451410E-05,-2.786220E-04,-1.630640E-04,-1.414080E-05,1.033860E-04,-1.796270E-04,3.427720E-05
879.3809,1.367950E-05,-2.560420E-04,-2.312730E-04,8.550700E-07,1.474290E-04,-2.970720E-04,-2.025550E-05
881.3093,1.673060E-04,-1.142740E-04,-2.761720E-04,1.492340E-04,8.816990E-05,-3.515030E-04,-5.905410E-05
883.2378,1.019660E-04,7.982890E-05,-1.935330E-04,1.546830E-04,1.322520E-04,-7.996290E-05,1.025970E-04
885.1663,-1.397010E-04,3.260400E-04,-1.231730E-04,1.939110E-04,7.792750E-05,3.752030E-04,4.568180E-04
887.0947,8.305150E-05,9.451730E-05,-3.800180E-06,6.794440E-05,1.081330E-05,6.519240E-04,3.889350E-04
889.0232,1.311670E-04,4.194470E-07,1.531500E-04,-2.162990E-04,1.282240E-04,5.259550E-04,3.708460E-04
890.9517,9.048330E-05,1.581240E-04,2.844800E-04,-2.399080E-04,4.328670E-04,1.815890E-04,4.577770E-04
892.8801,-4.159700E-05,8.963380E-05,1.846630E-04,-4.299730E-05,5.548290E-04,1.591310E-04,5.861090E-04
894.8085,-5.360670E-05,-6.764130E-05,7.800280E-05,-2.490020E-05,3.930970E-04,2.997950E-04,6.582090E-04
896.737,-2.809810E-05,7.938220E-05,-5.426050E-05,-1.734770E-04,3.484900E-05,3.764540E-04,6.035330E-04
898.6655,-1.303140E-04,3.662220E-04,-1.739910E-04,3.291480E-06,-1.735790E-04,2.853610E-04,3.900260E-04
900.5939,-7.880530E-05,2.812840E-04,-1.399190E-04,2.546290E-04,-9.876300E-05,-3.116140E-05,3.246010E-04
902.5224,2.954490E-05,1.501150E-04,2.534620E-05,1.653720E-04,-7.710400E-05,-4.779230E-04,2.764310E-04
904.4509,2.809290E-04,2.693480E-04,1.638090E-04,2.708760E-05,2.881130E-04,-3.443460E-04,2.323090E-04
906.3793,3.842660E-04,2.138940E-04,2.696690E-05,-5.239740E-06,4.662070E-04,-4.383310E-04,1.644610E-04
908.3078,2.464740E-04,-2.969460E-04,-1.002140E-04,1.362750E-05,-2.798920E-06,-4.782910E-04,-1.817670E-04
910.2363,4.291420E-05,-3.619140E-04,8.058910E-05,-5.541230E-05,-3.594270E-04,-4.211870E-04,-1.092020E-04
912.1647,-1.739240E-04,8.683110E-06,8.536470E-05,-9.724060E-05,-1.038370E-04,-3.627330E-04,2.028060E-04
914.0932,-1.978420E-04,8.459690E-05,4.122570E-05,-3.345340E-05,1.966310E-04,-1.813710E-04,2.493800E-04
916.0217,-4.860210E-05,8.208940E-06,-8.310860E-05,-1.596050E-04,2.023900E-04,9.664020E-05,4.779690E-05
917.9501,-8.388350E-06,5.313160E-06,7.554830E-05,-1.674540E-04,2.616710E-04,4.198330E-05,-1.085310E-04
919.8786,-3.606270E-05,-4.254570E-05,3.946620E-04,-6.611330E-05,1.841110E-04,1.031340E-05,-3.422910E-05
921.8071,-9.737830E-05,2.150980E-05,4.227070E-04,-5.105310E-05,2.007040E-04,1.067220E-04,5.101180E-05
923.7355,5.979260E-05,1.287970E-04,2.015870E-04,-1.525210E-04,3.846940E-04,5.396360E-05,1.640210E-04
925.664,1.486220E-04,1.834900E-04,1.531240E-04,-1.329790E-04,2.708090E-04,9.230270E-05,1.734920E-04
927.5925,-8.965370E-05,2.881260E-04,1.545820E-04,-1.498850E-04,2.461410E-04,1.900360E-04,9.997870E-05
929.5209,1.514250E-04,1.578160E-04,-7.314970E-05,-1.315700E-04,2.475160E-04,1.760460E-04,6.013790E-05
931.4494,4.947580E-04,2.338940E-04,-1.521960E-04,-6.137870E-05,2.765310E-04,1.057210E-04,-5.232630E-05
933.3779,2.506440E-04,2.493030E-04,-1.154820E-04,2.135850E-05,1.893970E-04,-5.037610E-05,-7.264840E-05
935.3063,-2.694130E-06,-1.667380E-04,-4.000330E-05,-9.190270E-05,4.249730E-06,-1.046500E-04,5.155050E-05
937.2348,-1.146430E-04,-2.734800E-04,7.081320E-05,-1.756010E-04,-7.746400E-05,8.957410E-05,1.149990E-05
939.1633,-1.906070E-04,-1.181480E-04,1.356170E-04,7.561580E-05,-8.304470E-05,2.094890E-05,-1.169760E-04
941.0917,-2.436410E-04,-7.085650E-05,3.024030E-04,1.909500E-04,-7.039490E-05,-1.640900E-04,-1.724120E-04
943.0202,-1.388130E-04,1.271780E-04,2.554740E-04,2.625420E-04,-8.547050E-05,-1.415410E-04,-1.365070E-04
944.9487,3.132170E-05,1.115280E-04,-1.741850E-05,2.226900E-04,-5.917000E-05,-2.518840E-04,8.603500E-05
946.8771,-4.121820E-05,1.159340E-04,8.499570E-05,1.740500E-04,-7.089580E-06,-2.112420E-04,1.150710E-04
948.8056,-3.464170E-05,3.064690E-04,-1.190510E-05,1.786910E-04,7.951970E-05,4.581900E-05,4.025340E-05
950.7341,-7.097180E-05,1.391720E-04,-4.979550E-05,5.772540E-05,1.398370E-04,-3.593470E-05,-1.722330E-04
952.6625,-1.176550E-04,6.281790E-05,3.005280E-05,-1.046630E-04,1.582250E-05,-2.266520E-04,-2.703310E-04
954.591,5.004890E-05,5.515760E-05,2.665380E-05,-1.228010E-04,-5.127610E-05,-1.707710E-04,-3.220830E-04
956.5195,2.449410E-04,9.345190E-05,1.841620E-04,4.051610E-05,-2.203550E-05,-2.318300E-04,-3.254990E-04
958.4479,2.389120E-04,-8.245320E-05,7.986720E-05,-1.273970E-04,3.897410E-05,-3.970700E-04,-8.357750E-05
960.3764,2.677090E-05,-2.025370E-04,-1.227400E-04,-2.275950E-04,2.802070E-05,-3.499310E-04,-1.527520E-05
962.3049,6.807680E-05,-1.438190E-04,-1.782000E-04,-5.955230E-06,1.723340E-05,-3.446240E-04,-1.541080E-04
964.2333,1.315260E-04,-7.152650E-05,-3.120470E-05,-5.519390E-07,-4.310710E-07,-2.953500E-04,8.167190E-06
966.1618,2.227380E-04,2.031710E-06,1.111010E-04,-2.550820E-05,4.494260E-05,-1.720270E-04,1.309740E-04
968.0903,2.291620E-04,1.770400E-04,1.634110E-04,-2.977710E-05,1.227650E-04,-1.281940E-04,1.814290E-05
970.0187,3.366710E-05,9.992390E-05,1.828460E-05,-6.325050E-05,1.340080E-05,-1.434720E-04,8.979780E-05
971.9472,4.928360E-05,1.824610E-05,-5.306620E-05,-4.189360E-05,1.717410E-06,-2.135650E-05,9.291400E-07
973.8757,3.227120E-04,9.156640E-05,-1.922510E-04,-3.180680E-05,8.236900E-05,4.711410E-05,-9.025260E-05
975.8041,3.951230E-04,2.084540E-04,-3.041100E-04,5.195290E-05,2.724510E-04,-7.231580E-05,2.400150E-04
977.7326,3.508680E-04,1.724620E-04,-2.904860E-04,9.604470E-05,1.708310E-04,-1.696740E-04,5.078830E-04
979.6611,3.750260E-04,-6.374790E-05,-1.959980E-04,1.186660E-05,1.024770E-04,-3.166650E-05,3.741190E-04
981.5895,2.828930E-04,-2.346570E-05,1.830900E-04,5.319720E-05,7.764470E-05,2.507310E-04,3.073090E-04
983.518,1.331460E-04,1.798920E-04,3.522400E-04,2.549940E-04,3.071390E-04,2.137260E-04,3.240800E-04
985.4465,1.573760E-04,1.693440E-04,2.146510E-04,4.321580E-04,6.625260E-04,1.474590E-05,4.818280E-04
987.3749,2.710080E-04,2.898970E-05,2.600220E-04,3.148830E-04,7.961240E-04,1.081560E-04,7.513970E-04
989.3034,8.800920E-05,-3.012990E-05,1.975920E-04,2.478890E-04,7.335980E-04,3.532130E-04,9.539450E-04
991.2319,-1.160670E-05,1.343510E-04,1.103180E-04,4.105570E-04,7.007730E-04,6.117690E-04,1.150000E-03
993.1603,7.954660E-05,2.313110E-04,1.584990E-04,2.448190E-04,6.136640E-04,5.443450E-04,1.190000E-03
995.0888,1.087850E-04,3.198640E-04,1.059380E-04,1.815670E-04,5.276700E-04,2.985320E-04,9.525460E-04
997.0173,1.847600E-04,1.814180E-04,1.290330E-04,2.144270E-04,4.904360E-04,2.841840E-04,6.970820E-04
998.9457,1.575080E-04,-1.955330E-05,1.349720E-04,1.931750E-04,3.382040E-04,3.278040E-04,3.849150E-04
1000.874,9.896100E-05,-3.304760E-05,1.092560E-04,2.749600E-04,1.221250E-04,1.753010E-04,1.930160E-04
1002.803,1.116390E-04,1.728450E-05,2.138540E-04,1.746530E-05,2.281890E-04,7.800900E-05,2.209080E-04
1004.731,7.154880E-05,-1.179160E-04,1.906890E-04,-1.328790E-04,2.387310E-04,4.909000E-05,1.741960E-04
1006.66,1.443310E-04,-9.583840E-05,1.311890E-04,-8.121800E-05,4.020710E-06,-2.139060E-04,-1.460030E-04
1008.588,5.983430E-05,8.961710E-06,5.703320E-05,-6.663680E-05,-1.975740E-04,-3.049510E-04,-1.863840E-04
1010.517,-7.981810E-05,2.131310E-04,-6.726190E-05,1.059530E-04,-8.315220E-05,-2.595140E-04,6.260740E-05
1012.445,-3.652370E-05,2.239460E-04,-7.755980E-06,1.240190E-04,1.515460E-04,-3.238340E-04,-1.319820E-05
1014.373,9.927310E-06,1.285460E-04,-3.167210E-05,3.951750E-05,3.085570E-04,-3.078300E-04,-5.733080E-05
1016.302,2.246990E-05,1.858300E-04,-1.442030E-04,8.090050E-05,3.289950E-04,3.086200E-05,1.202290E-04
1018.23,-6.800790E-05,1.014500E-04,1.685810E-05,8.302950E-05,4.089790E-04,1.624970E-04,2.494050E-04
1020.159,-2.809650E-05,1.941890E-04,9.694660E-05,6.233750E-05,4.072690E-04,1.860270E-04,3.772860E-04
1022.087,3.855210E-06,2.115390E-04,2.180030E-04,6.706150E-05,5.392450E-04,3.224380E-04,4.613350E-04
1024.016,1.818390E-04,1.169500E-04,2.060880E-04,-1.695490E-06,7.336820E-04,4.060020E-04,6.380630E-04
1025.944,3.518930E-04,-3.668180E-05,1.490440E-04,3.006920E-04,7.659490E-04,3.417850E-04,8.391240E-04
1027.873,5.512210E-05,-1.047450E-04,1.490710E-04,3.549930E-04,7.204020E-04,5.202170E-05,6.801960E-04
1029.801,1.649720E-05,-1.516170E-04,3.748550E-05,2.187790E-04,5.818500E-04,-2.657150E-05,2.983100E-04
1031.73,2.332930E-04,-1.291780E-04,2.693430E-05,8.695080E-05,3.955690E-04,-1.717690E-05,3.050140E-04
1033.658,2.330270E-04,-1.215860E-04,7.021730E-05,-4.899090E-05,2.808540E-04,-5.947610E-05,2.360870E-04
1035.587,-2.501090E-05,2.399770E-05,2.261910E-04,-1.649940E-05,5.927180E-05,-3.844280E-04,-4.532110E-05
1037.515,-6.104110E-05,2.829010E-04,1.138310E-04,3.427590E-05,-1.965680E-05,-7.181510E-04,-1.312770E-04
1039.444,5.196960E-05,-3.358440E-06,8.410370E-05,6.144750E-05,5.853270E-05,-6.023900E-04,-4.584540E-05
1041.372,-6.323070E-05,1.929170E-05,2.567250E-04,-4.580330E-05,1.886490E-04,-4.093200E-04,-1.168590E-04
1043.301,-5.634390E-06,1.469500E-04,3.567160E-04,4.690630E-05,3.614040E-04,-2.715700E-04,-1.883980E-04
1045.229,6.789830E-05,-4.404190E-05,1.595000E-04,1.793660E-05,3.977370E-04,-1.199980E-04,2.533770E-05
1047.157,-1.586390E-06,3.753440E-05,9.417100E-05,-9.964180E-06,2.928440E-04,-1.234660E-04,-1.220740E-04
1049.086,-3.171290E-05,-9.771680E-05,6.128380E-05,-4.373760E-05,1.539380E-04,-2.742140E-04,-4.245990E-04
1051.014,3.716970E-05,-1.192530E-04,6.024840E-05,-3.052770E-05,2.820420E-04,-2.737700E-04,-3.187180E-04
1052.943,2.040460E-04,3.908470E-05,-3.260750E-05,-9.887260E-05,5.494800E-04,-1.324850E-04,-1.942600E-04
1054.871,2.753570E-04,-1.444390E-04,-1.338320E-04,-9.270270E-05,6.541460E-04,2.515530E-05,6.512800E-05
1056.8,2.454440E-04,-1.995930E-04,6.416480E-05,4.800240E-05,7.039330E-04,2.825450E-04,2.195800E-04
1058.728,1.763810E-04,-2.110050E-04,2.152720E-04,1.339930E-04,6.166920E-04,3.790000E-04,2.688750E-04
1060.657,1.619540E-04,-1.881420E-04,1.122760E-04,2.319110E-04,7.078040E-04,3.848670E-04,3.706240E-04
1062.585,4.497720E-05,-2.426250E-04,6.940830E-05,3.166590E-04,9.268910E-04,4.404110E-04,6.115530E-04
1064.514,-1.472130E-04,-2.289400E-04,7.086810E-05,2.644310E-04,8.080480E-04,3.417460E-04,6.727680E-04
1066.442,-1.410320E-04,-5.530940E-06,2.103700E-04,1.600410E-04,4.857720E-04,3.470010E-04,5.965650E-04
1068.371,5.350810E-05,1.403910E-04,2.775150E-04,9.462010E-05,5.671470E-04,3.439320E-04,6.222710E-04
1070.299,2.431310E-04,1.432860E-04,2.446880E-04,1.687300E-04,6.721660E-04,2.197750E-05,4.952470E-04
1072.228,1.032850E-04,2.660500E-04,1.090910E-04,2.901340E-04,4.735500E-04,-1.380250E-04,1.692790E-04
1074.156,1.393490E-04,2.412120E-04,5.944220E-06,1.821420E-04,2.061820E-04,-5.933890E-05,-2.848350E-06
1076.084,2.068570E-04,7.517370E-05,-2.613270E-05,1.021630E-04,2.405040E-04,-2.275570E-04,5.128150E-05
1078.013,-3.010720E-06,-2.132860E-04,-6.251900E-05,1.733860E-04,3.492010E-04,-2.960130E-04,-2.262500E-05
1079.941,-1.475630E-04,-1.605790E-04,-6.086060E-05,1.508410E-04,2.639210E-04,-3.245130E-04,-4.138170E-04
1081.87,-2.455080E-06,1.039470E-04,1.506680E-05,6.512270E-05,1.144210E-04,-2.687480E-04,-3.213010E-04
1083.798,1.396220E-04,1.282800E-04,6.275920E-06,-6.390150E-05,7.603100E-05,-2.950740E-04,-2.951380E-05
1085.727,1.596540E-04,-4.265240E-05,6.342320E-06,-1.679560E-05,-2.192390E-05,-2.136340E-04,5.704070E-05
1087.655,9.875250E-05,-1.421250E-04,4.956860E-05,-2.831110E-04,-2.292350E-04,-6.833520E-04,-2.064920E-04
1089.584,1.348710E-04,9.532830E-05,-1.386980E-06,-3.979160E-04,-1.721800E-04,-1.500000E-03,-3.139640E-04
1091.512,1.380910E-04,1.787410E-04,-9.021300E-05,6.881400E-05,1.286600E-04,-9.597770E-04,1.067970E-04
1093.441,2.266070E-04,2.803090E-04,-1.588930E-04,1.702380E-04,5.459700E-05,-5.317610E-04,8.876110E-05
1095.369,4.570900E-05,1.204980E-04,-1.212220E-04,1.793880E-04,1.697250E-04,-3.463080E-04,-4.409090E-05
1097.298,-1.898870E-04,-1.752960E-04,-3.226920E-05,1.085630E-04,9.445660E-05,-2.080450E-04,-4.810900E-05
1099.226,-1.475890E-04,-2.946190E-04,3.082450E-05,-7.766680E-05,-1.939480E-04,-2.243280E-04,-5.630630E-05
1101.155,-9.095230E-05,-1.961020E-04,-9.542000E-05,-1.886690E-04,-1.006640E-04,-2.152290E-04,-6.543910E-05
1103.083,-1.000440E-04,8.592090E-05,-2.029960E-04,4.951220E-05,1.166390E-04,3.710410E-05,-9.625200E-05
1105.011,-1.854080E-04,2.262700E-04,-1.632500E-04,1.226870E-04,1.815130E-04,1.186760E-04,-8.834170E-05
1106.94,-1.489450E-05,2.122840E-04,-6.061950E-05,-9.995580E-05,-2.577410E-06,1.442270E-05,2.093860E-05
1108.868,4.022440E-06,3.622030E-05,-1.287490E-04,-2.551830E-04,-8.550130E-05,2.950850E-05,-2.817220E-04
1110.797,-1.328250E-04,-9.133390E-05,-1.038200E-04,-3.100010E-04,-8.493290E-05,6.926720E-05,-4.219660E-04
1112.725,-1.516690E-04,-1.384230E-04,1.677500E-04,-2.380990E-04,-7.538290E-05,-3.379590E-05,-1.496030E-04
1114.654,-1.721060E-04,-1.908170E-04,1.933890E-04,-8.375730E-06,-1.207260E-04,-1.901520E-05,8.550000E-05
1116.582,-2.589490E-04,-1.653410E-04,1.092610E-04,1.492050E-04,-4.632050E-05,-7.907740E-05,2.049730E-04
1118.511,-2.245850E-04,-1.359770E-04,9.974490E-05,6.901910E-05,9.669540E-05,-1.703830E-04,1.819460E-04
1120.439,-1.028970E-04,-1.170840E-04,-1.191960E-04,6.675230E-05,-1.399300E-04,-2.182970E-04,8.458430E-05
1122.368,2.094880E-05,-1.961280E-04,-9.281970E-05,2.140400E-04,-2.983390E-04,-1.129530E-04,8.230060E-05
1124.296,-6.782440E-05,-9.689880E-05,-1.870890E-04,1.716490E-04,-2.775760E-04,8.099700E-06,1.080140E-04
1126.225,-1.364410E-04,-5.267940E-05,-3.316420E-04,-8.899440E-05,-9.664210E-05,1.407240E-04,2.999790E-05
1128.153,-2.810270E-05,-6.050270E-05,-3.468010E-04,-1.502460E-04,3.789680E-05,2.359600E-04,-1.577110E-05
1130.082,-3.709600E-05,6.554840E-05,-2.386150E-04,-1.269100E-04,4.398100E-05,1.721810E-04,4.191820E-05
1132.01,8.371490E-05,7.267760E-05,-1.746320E-04,-3.608630E-05,1.816470E-04,4.174010E-05,-8.918080E-05
1133.938,2.527930E-04,9.937160E-05,-1.269320E-04,1.420850E-04,1.861100E-04,1.806670E-04,-1.998860E-04
1135.867,1.245910E-04,1.059040E-04,-1.049380E-04,2.178110E-04,-4.448770E-05,2.337980E-04,-1.962690E-04
1137.795,2.201460E-05,5.712620E-05,-1.352350E-04,1.566100E-04,-7.097730E-05,3.219210E-04,-3.136470E-05
1139.724,1.765930E-05,5.608720E-05,-1.207530E-05,1.459710E-04,7.862910E-05,5.048380E-04,1.862780E-04
1141.652,1.287830E-04,-8.896090E-05,-6.092700E-05,1.182370E-04,1.434820E-04,6.479420E-04,4.906530E-04
1143.581,7.297340E-05,8.246880E-05,-2.117700E-04,2.917330E-04,1.709400E-04,6.931160E-04,6.579940E-04
1145.509,-8.898730E-05,3.070440E-04,-1.629820E-04,5.912790E-04,3.547860E-04,7.757570E-04,6.876080E-04
1147.438,7.425220E-05,2.189950E-04,-6.113030E-05,7.313210E-04,4.072250E-04,8.703730E-04,9.882710E-04
1149.366,2.325380E-04,1.285280E-05,-3.919650E-05,6.851320E-04,5.171360E-04,1.070000E-03,1.460000E-03
1151.295,1.651620E-04,5.008040E-05,1.540880E-04,7.769400E-04,6.802400E-04,1.430000E-03,1.830000E-03
1153.223,1.074230E-04,2.410330E-04,3.432020E-04,8.843850E-04,9.210650E-04,1.900000E-03,2.040000E-03
1155.152,-7.827390E-05,3.283420E-04,3.225480E-04,9.860930E-04,1.200000E-03,2.280000E-03,2.430000E-03
1157.08,-1.260930E-04,3.002670E-04,5.634560E-04,1.320000E-03,1.640000E-03,2.770000E-03,3.140000E-03
1159.009,3.055880E-05,2.985350E-04,7.910340E-04,1.700000E-03,2.110000E-03,3.430000E-03,3.980000E-03
1160.937,1.214660E-04,4.172460E-04,8.327470E-04,1.970000E-03,2.720000E-03,4.160000E-03,5.010000E-03
1162.865,2.788370E-04,6.575270E-04,9.995920E-04,2.400000E-03,3.450000E-03,5.060000E-03,6.270000E-03
1164.794,4.139080E-04,7.899520E-04,1.370000E-03,3.230000E-03,4.320000E-03,6.580000E-03,7.950000E-03
1166.722,4.340300E-04,8.861720E-04,1.910000E-03,4.020000E-03,5.560000E-03,8.130000E-03,1.001000E-02
1168.651,4.714950E-04,1.090000E-03,2.500000E-03,4.750000E-03,6.890000E-03,9.740000E-03,1.231000E-02
1170.579,5.615620E-04,1.260000E-03,2.800000E-03,5.560000E-03,7.990000E-03,1.129000E-02,1.408000E-02
1172.508,6.369920E-04,1.340000E-03,2.840000E-03,5.830000E-03,8.380000E-03,1.170000E-02,1.438000E-02
1174.436,6.148150E-04,1.280000E-03,2.620000E-03,5.220000E-03,7.640000E-03,1.081000E-02,1.305000E-02
1176.365,5.460190E-04,1.000000E-03,2.110000E-03,4.280000E-03,6.270000E-03,9.160000E-03,1.071000E-02
1178.293,5.019510E-04,6.318650E-04,1.570000E-03,3.380000E-03,4.910000E-03,7.220000E-03,8.480000E-03
1180.222,4.236050E-04,4.273600E-04,1.250000E-03,2.630000E-03,3.910000E-03,5.610000E-03,6.810000E-03
1182.15,3.290330E-04,5.306340E-04,1.100000E-03,2.230000E-03,3.160000E-03,4.640000E-03,5.560000E-03
1184.079,2.337520E-04,5.715550E-04,9.449220E-04,2.040000E-03,2.700000E-03,4.170000E-03,4.930000E-03
1186.007,1.232880E-04,4.260770E-04,8.724400E-04,1.780000E-03,2.600000E-03,3.980000E-03,4.570000E-03
1187.936,1.149480E-04,4.774750E-04,6.904710E-04,1.640000E-03,2.550000E-03,3.890000E-03,4.400000E-03
1189.864,1.586270E-04,4.810180E-04,6.289320E-04,1.620000E-03,2.510000E-03,3.820000E-03,4.470000E-03
1191.792,1.320610E-04,3.895870E-04,6.938180E-04,1.670000E-03,2.540000E-03,3.590000E-03,4.440000E-03
1193.721,2.395220E-04,3.728240E-04,6.153060E-04,1.600000E-03,2.440000E-03,3.360000E-03,4.200000E-03
1195.649,2.596030E-04,3.187700E-04,5.722490E-04,1.480000E-03,2.130000E-03,3.220000E-03,3.940000E-03
1197.578,1.692180E-04,2.524180E-04,7.118530E-04,1.340000E-03,1.980000E-03,3.070000E-03,3.770000E-03
1199.506,1.061370E-04,3.522980E-04,6.871610E-04,1.330000E-03,2.010000E-03,2.930000E-03,3.760000E-03
1201.435,1.535660E-04,4.440370E-04,6.589840E-04,1.570000E-03,2.190000E-03,3.060000E-03,3.900000E-03
1203.363,3.134990E-04,4.298600E-04,7.985420E-04,1.760000E-03,2.300000E-03,3.450000E-03,4.240000E-03
1205.292,4.245910E-04,4.542430E-04,9.860540E-04,1.880000E-03,2.460000E-03,3.830000E-03,4.700000E-03
1207.22,4.876670E-04,3.625540E-04,1.080000E-03,2.060000E-03,2.850000E-03,4.230000E-03,5.160000E-03
1209.149,4.621110E-04,3.309960E-04,1.120000E-03,2.220000E-03,3.190000E-03,4.620000E-03,5.740000E-03
1211.077,3.258200E-04,4.103850E-04,1.290000E-03,2.390000E-03,3.610000E-03,5.160000E-03,6.370000E-03
1213.006,3.529120E-04,5.806340E-04,1.500000E-03,2.740000E-03,4.100000E-03,5.540000E-03,7.000000E-03
1214.934,4.603570E-04,7.747910E-04,1.510000E-03,2.960000E-03,4.430000E-03,6.000000E-03,7.570000E-03
1216.863,5.878680E-04,8.061670E-04,1.520000E-03,3.130000E-03,4.650000E-03,6.590000E-03,8.090000E-03
1218.791,4.352600E-04,7.979220E-04,1.720000E-03,3.400000E-03,4.810000E-03,7.070000E-03,8.560000E-03
1220.719,3.797140E-04,9.075230E-04,1.720000E-03,3.530000E-03,5.070000E-03,7.360000E-03,8.880000E-03
1222.648,5.373010E-04,1.030000E-03,1.590000E-03,3.590000E-03,5.240000E-03,7.510000E-03,8.880000E-03
1224.576,4.953300E-04,1.010000E-03,1.690000E-03,3.680000E-03,5.180000E-03,7.440000E-03,8.820000E-03
1226.505,4.554560E-04,8.502320E-04,1.760000E-03,3.670000E-03,5.060000E-03,7.210000E-03,8.680000E-03
1228.433,4.549490E-04,7.480670E-04,1.620000E-03,3.460000E-03,4.930000E-03,6.920000E-03,8.360000E-03
1230.362,3.587810E-04,7.451040E-04,1.450000E-03,3.160000E-03,4.550000E-03,6.650000E-03,7.990000E-03
1232.29,3.289490E-04,7.284590E-04,1.490000E-03,2.960000E-03,4.150000E-03,6.410000E-03,7.570000E-03
1234.219,3.279450E-04,6.347900E-04,1.460000E-03,2.810000E-03,4.040000E-03,5.860000E-03,7.140000E-03
1236.147,2.471120E-04,5.503020E-04,1.310000E-03,2.740000E-03,3.920000E-03,5.430000E-03,6.720000E-03
1238.076,1.970030E-04,5.602860E-04,1.300000E-03,2.690000E-03,3.680000E-03,5.290000E-03,6.540000E-03
1240.004,2.416840E-04,5.788320E-04,1.360000E-03,2.600000E-03,3.520000E-03,5.340000E-03,6.590000E-03
1241.933,2.955670E-04,6.173310E-04,1.290000E-03,2.600000E-03,3.690000E-03,5.500000E-03,6.760000E-03
1243.861,4.090070E-04,6.609450E-04,1.200000E-03,2.640000E-03,4.060000E-03,5.680000E-03,6.990000E-03
1245.79,5.424130E-04,7.059910E-04,1.380000E-03,2.780000E-03,4.270000E-03,5.880000E-03,7.170000E-03
1247.718,5.840040E-04,7.433700E-04,1.480000E-03,2.930000E-03,4.520000E-03,6.070000E-03,7.490000E-03
1249.646,5.451520E-04,7.188570E-04,1.430000E-03,3.080000E-03,4.730000E-03,6.340000E-03,7.860000E-03
1251.575,2.948280E-04,6.183870E-04,1.370000E-03,3.170000E-03,4.690000E-03,6.590000E-03,8.030000E-03
1253.503,1.061820E-04,5.962380E-04,1.290000E-03,3.110000E-03,4.670000E-03,6.570000E-03,8.030000E-03
1255.432,2.124680E-04,6.098070E-04,1.320000E-03,3.040000E-03,4.570000E-03,6.290000E-03,7.800000E-03
1257.36,2.489810E-04,5.805560E-04,1.430000E-03,2.830000E-03,4.340000E-03,5.940000E-03,7.330000E-03
1259.289,2.738430E-04,6.155680E-04,1.420000E-03,2.600000E-03,4.130000E-03,5.640000E-03,6.900000E-03
1261.217,3.242090E-04,7.195390E-04,1.320000E-03,2.570000E-03,3.920000E-03,5.360000E-03,6.530000E-03
1263.146,2.322900E-04,6.550230E-04,1.280000E-03,2.410000E-03,3.660000E-03,5.120000E-03,6.120000E-03
1265.074,2.009740E-04,5.995110E-04,1.280000E-03,2.310000E-03,3.550000E-03,4.920000E-03,5.890000E-03
1267.003,2.027920E-04,6.144080E-04,1.240000E-03,2.360000E-03,3.420000E-03,4.620000E-03,5.680000E-03
1268.931,2.296430E-04,5.113430E-04,1.060000E-03,2.360000E-03,3.240000E-03,4.300000E-03,5.460000E-03
1270.86,3.274220E-04,4.847210E-04,9.577330E-04,2.240000E-03,3.080000E-03,4.130000E-03,5.250000E-03
1272.788,3.318300E-04,5.853740E-04,1.030000E-03,2.100000E-03,2.990000E-03,4.000000E-03,5.180000E-03
1274.717,3.536070E-04,6.614500E-04,1.080000E-03,2.080000E-03,2.930000E-03,4.030000E-03,5.080000E-03
1276.645,3.192940E-04,6.193150E-04,9.146520E-04,1.960000E-03,2.900000E-03,4.110000E-03,4.870000E-03
1278.573,2.604800E-04,5.679580E-04,8.575620E-04,1.820000E-03,2.870000E-03,4.050000E-03,4.800000E-03
1280.502,2.171110E-04,5.800990E-04,9.499040E-04,1.920000E-03,2.760000E-03,3.880000E-03,4.820000E-03
1282.43,1.979140E-04,4.991120E-04,9.068660E-04,2.060000E-03,2.730000E-03,3.880000E-03,4.820000E-03
1284.359,3.213860E-04,4.335690E-04,7.773250E-04,2.050000E-03,2.800000E-03,3.860000E-03,4.710000E-03
1286.287,2.701420E-04,4.359170E-04,7.698480E-04,1.920000E-03,2.770000E-03,3.720000E-03,4.500000E-03
1288.216,1.224380E-04,3.688580E-04,8.186470E-04,1.770000E-03,2.650000E-03,3.510000E-03,4.360000E-03
1290.144,1.366700E-04,3.663960E-04,7.628030E-04,1.650000E-03,2.670000E-03,3.440000E-03,4.180000E-03
1292.073,2.929290E-04,5.380360E-04,7.175650E-04,1.640000E-03,2.520000E-03,3.360000E-03,4.070000E-03
1294.001,3.318720E-04,6.445730E-04,6.701380E-04,1.690000E-03,2.330000E-03,3.280000E-03,4.020000E-03
1295.93,3.269490E-04,6.766010E-04,6.676480E-04,1.650000E-03,2.400000E-03,3.360000E-03,3.940000E-03
1297.858,4.737420E-04,5.121610E-04,6.855800E-04,1.520000E-03,2.300000E-03,3.330000E-03,3.780000E-03
1299.787,4.562280E-04,3.644040E-04,5.855340E-04,1.510000E-03,2.180000E-03,3.090000E-03,3.640000E-03
1301.715,3.439600E-04,3.073740E-04,6.796680E-04,1.480000E-03,2.100000E-03,2.950000E-03,3.610000E-03
1303.644,2.777730E-04,3.030890E-04,8.467360E-04,1.410000E-03,2.110000E-03,2.900000E-03,3.690000E-03
1305.572,2.334730E-04,4.338870E-04,7.780720E-04,1.390000E-03,2.060000E-03,2.810000E-03,3.590000E-03
1307.5,2.505630E-04,4.458250E-04,6.975650E-04,1.480000E-03,1.970000E-03,2.780000E-03,3.410000E-03
1309.429,2.406620E-04,3.387920E-04,6.365000E-04,1.440000E-03,1.870000E-03,2.820000E-03,3.410000E-03
1311.357,1.866400E-04,3.712610E-04,6.848460E-04,1.360000E-03,1.850000E-03,2.930000E-03,3.460000E-03
1313.286,4.009700E-05,3.786530E-04,7.499030E-04,1.400000E-03,2.010000E-03,2.870000E-03,3.420000E-03
1315.214,1.589810E-05,3.368140E-04,6.936780E-04,1.410000E-03,2.110000E-03,2.780000E-03,3.510000E-03
1317.143,3.755970E-05,3.433760E-04,6.048940E-04,1.430000E-03,2.040000E-03,2.790000E-03,3.540000E-03
1319.071,1.114270E-04,3.757120E-04,7.079900E-04,1.380000E-03,2.020000E-03,2.830000E-03,3.450000E-03
1321,2.730840E-04,4.046010E-04,8.327010E-04,1.360000E-03,2.050000E-03,2.830000E-03,3.450000E-03
1322.928,3.153110E-04,2.830200E-04,8.662810E-04,1.540000E-03,2.020000E-03,2.850000E-03,3.590000E-03
1324.857,2.214080E-04,2.595980E-04,7.626520E-04,1.620000E-03,1.980000E-03,2.990000E-03,3.720000E-03
1326.785,1.875060E-04,3.556810E-04,7.324630E-04,1.590000E-03,1.980000E-03,3.070000E-03,3.770000E-03
1328.714,2.003450E-04,3.031990E-04,7.309030E-04,1.520000E-03,2.110000E-03,3.000000E-03,3.830000E-03
1330.642,1.970840E-04,4.412920E-04,6.872700E-04,1.510000E-03,2.270000E-03,3.000000E-03,3.890000E-03
1332.571,2.538450E-04,5.582220E-04,7.118090E-04,1.610000E-03,2.400000E-03,3.250000E-03,3.990000E-03
1334.499,2.821910E-04,5.113900E-04,7.685260E-04,1.780000E-03,2.540000E-03,3.480000E-03,4.090000E-03
1336.427,2.979870E-04,5.183510E-04,9.014130E-04,1.900000E-03,2.640000E-03,3.720000E-03,4.350000E-03
1338.356,1.946620E-04,5.478460E-04,1.110000E-03,2.000000E-03,2.730000E-03,3.960000E-03,4.690000E-03
1340.284,2.291460E-04,5.281590E-04,1.130000E-03,1.970000E-03,2.880000E-03,4.090000E-03,5.000000E-03
1342.213,3.129380E-04,4.570090E-04,1.070000E-03,1.980000E-03,3.140000E-03,4.230000E-03,5.240000E-03
1344.141,3.769200E-04,3.861040E-04,1.150000E-03,2.200000E-03,3.240000E-03,4.340000E-03,5.440000E-03
1346.07,4.137430E-04,3.487450E-04,1.220000E-03,2.330000E-03,3.250000E-03,4.630000E-03,5.750000E-03
1347.998,3.764380E-04,4.398670E-04,1.180000E-03,2.450000E-03,3.450000E-03,4.940000E-03,6.060000E-03
1349.927,3.207750E-04,4.953040E-04,1.260000E-03,2.570000E-03,3.820000E-03,5.130000E-03,6.430000E-03
1351.855,3.814360E-04,5.770310E-04,1.400000E-03,2.680000E-03,4.180000E-03,5.470000E-03,6.980000E-03
1353.784,4.364260E-04,7.403720E-04,1.410000E-03,2.950000E-03,4.490000E-03,5.850000E-03,7.520000E-03
1355.712,4.454520E-04,7.987670E-04,1.590000E-03,3.220000E-03,4.900000E-03,6.320000E-03,8.030000E-03
1357.641,4.008060E-04,8.119090E-04,1.830000E-03,3.490000E-03,5.150000E-03,6.810000E-03,8.500000E-03
1359.569,5.523980E-04,8.519820E-04,1.950000E-03,3.620000E-03,5.220000E-03,7.230000E-03,8.820000E-03
1361.498,7.009510E-04,9.213190E-04,2.000000E-03,3.800000E-03,5.310000E-03,7.530000E-03,9.250000E-03
1363.426,5.949400E-04,8.911200E-04,2.050000E-03,4.000000E-03,5.600000E-03,7.740000E-03,9.710000E-03
1365.354,4.894870E-04,8.836060E-04,2.170000E-03,4.150000E-03,6.020000E-03,7.980000E-03,9.970000E-03
1367.283,4.733350E-04,1.040000E-03,2.340000E-03,4.170000E-03,6.270000E-03,8.280000E-03,1.026000E-02
1369.211,5.344140E-04,1.200000E-03,2.430000E-03,4.240000E-03,6.420000E-03,8.520000E-03,1.057000E-02
1371.14,4.814560E-04,1.210000E-03,2.370000E-03,4.430000E-03,6.570000E-03,8.700000E-03,1.100000E-02
1373.068,4.708840E-04,1.200000E-03,2.330000E-03,4.570000E-03,6.810000E-03,8.880000E-03,1.124000E-02
1374.997,5.588400E-04,1.150000E-03,2.200000E-03,4.560000E-03,6.870000E-03,8.940000E-03,1.110000E-02
1376.925,7.455470E-04,1.030000E-03,2.160000E-03,4.420000E-03,6.540000E-03,8.670000E-03,1.071000E-02
1378.854,6.469030E-04,9.260930E-04,2.140000E-03,4.080000E-03,6.050000E-03,8.110000E-03,1.005000E-02
1380.782,4.607210E-04,7.702410E-04,1.940000E-03,3.720000E-03,5.550000E-03,7.440000E-03,9.120000E-03
1382.711,3.984720E-04,6.725330E-04,1.770000E-03,3.450000E-03,5.020000E-03,6.740000E-03,8.320000E-03
1384.639,4.215450E-04,5.879550E-04,1.670000E-03,3.190000E-03,4.610000E-03,6.220000E-03,7.720000E-03
1386.568,4.131680E-04,6.341800E-04,1.520000E-03,3.040000E-03,4.340000E-03,5.870000E-03,7.350000E-03
1388.496,4.625800E-04,7.069320E-04,1.410000E-03,3.000000E-03,4.220000E-03,5.760000E-03,7.200000E-03
1390.424,4.915350E-04,7.002190E-04,1.450000E-03,3.020000E-03,4.280000E-03,5.980000E-03,7.380000E-03
1392.353,3.974010E-04,7.103360E-04,1.470000E-03,3.100000E-03,4.480000E-03,6.370000E-03,7.790000E-03
1394.281,4.009460E-04,8.046490E-04,1.540000E-03,3.260000E-03,4.880000E-03,6.890000E-03,8.330000E-03
1396.21,4.828070E-04,8.983180E-04,1.740000E-03,3.540000E-03,5.490000E-03,7.550000E-03,9.050000E-03
1398.138,5.517270E-04,1.100000E-03,1.950000E-03,3.880000E-03,5.990000E-03,8.250000E-03,9.980000E-03
1400.067,6.111210E-04,1.230000E-03,2.210000E-03,4.290000E-03,6.440000E-03,8.870000E-03,1.086000E-02
1401.995,6.791290E-04,1.180000E-03,2.430000E-03,4.640000E-03,6.900000E-03,9.290000E-03,1.143000E-02
1403.924,6.884920E-04,1.140000E-03,2.430000E-03,4.740000E-03,6.970000E-03,9.250000E-03,1.150000E-02
1405.852,6.897120E-04,1.110000E-03,2.370000E-03,4.540000E-03,6.700000E-03,8.750000E-03,1.104000E-02
1407.781,6.786710E-04,9.962160E-04,2.170000E-03,4.180000E-03,6.290000E-03,8.230000E-03,1.027000E-02
1409.709,5.563590E-04,9.527610E-04,1.980000E-03,3.900000E-03,5.830000E-03,7.700000E-03,9.650000E-03
1411.638,4.559350E-04,8.578380E-04,1.940000E-03,3.680000E-03,5.410000E-03,7.270000E-03,9.130000E-03
1413.566,3.759910E-04,7.365090E-04,1.970000E-03,3.520000E-03,5.240000E-03,6.950000E-03,8.670000E-03
1415.495,3.586490E-04,7.581800E-04,1.860000E-03,3.300000E-03,5.070000E-03,6.640000E-03,8.190000E-03
1417.423,4.524890E-04,8.323440E-04,1.630000E-03,3.040000E-03,4.780000E-03,6.360000E-03,7.680000E-03
1419.351,4.745340E-04,7.970740E-04,1.540000E-03,2.930000E-03,4.520000E-03,5.960000E-03,7.350000E-03
1421.28,4.468600E-04,7.616750E-04,1.490000E-03,2.840000E-03,4.270000E-03,5.530000E-03,7.120000E-03
1423.208,3.681790E-04,7.297970E-04,1.440000E-03,2.760000E-03,4.010000E-03,5.210000E-03,6.680000E-03
1425.137,2.493100E-04,6.097350E-04,1.330000E-03,2.600000E-03,3.800000E-03,4.930000E-03,6.190000E-03
1427.065,2.739350E-04,5.501940E-04,1.190000E-03,2.300000E-03,3.560000E-03,4.540000E-03,5.750000E-03
1428.994,2.473020E-04,4.435180E-04,1.120000E-03,2.090000E-03,3.240000E-03,4.100000E-03,5.340000E-03
1430.922,1.214980E-04,3.457570E-04,1.080000E-03,2.020000E-03,2.970000E-03,3.800000E-03,4.880000E-03
1432.851,1.828240E-04,4.215100E-04,1.010000E-03,1.950000E-03,2.830000E-03,3.640000E-03,4.550000E-03
1434.779,2.545820E-04,4.692740E-04,9.707740E-04,1.930000E-03,2.550000E-03,3.460000E-03,4.280000E-03
1436.708,1.711910E-04,4.315480E-04,9.230930E-04,1.770000E-03,2.220000E-03,3.280000E-03,3.990000E-03
1438.636,-1.106680E-06,3.294790E-04,9.278400E-04,1.490000E-03,2.240000E-03,2.980000E-03,3.600000E-03
1440.565,6.869640E-05,3.092430E-04,8.743560E-04,1.190000E-03,2.190000E-03,2.640000E-03,3.210000E-03
1442.493,2.314120E-04,2.682140E-04,7.132080E-04,1.010000E-03,1.950000E-03,2.410000E-03,2.920000E-03
1444.422,1.901120E-04,2.158510E-04,5.836740E-04,9.240470E-04,1.700000E-03,2.250000E-03,2.640000E-03
1446.35,1.184170E-04,3.129370E-04,4.956720E-04,7.955780E-04,1.410000E-03,2.040000E-03,2.310000E-03
1448.278,1.394160E-04,3.872890E-04,4.659910E-04,7.410180E-04,1.270000E-03,1.820000E-03,2.000000E-03
1450.207,1.678840E-04,3.281130E-04,5.006240E-04,7.913620E-04,1.190000E-03,1.580000E-03,1.720000E-03
1452.135,1.552970E-04,2.359850E-04,4.810920E-04,7.145640E-04,1.000000E-03,1.310000E-03,1.560000E-03
1454.064,1.346470E-04,1.617120E-04,3.464650E-04,5.561900E-04,8.824830E-04,1.090000E-03,1.300000E-03
1455.992,3.512300E-05,1.503510E-05,2.583510E-04,5.133280E-04,7.433580E-04,9.292540E-04,1.110000E-03
1457.921,3.617750E-05,1.917210E-05,2.828580E-04,4.101430E-04,7.013070E-04,8.356860E-04,1.030000E-03
1459.849,1.140150E-04,5.041860E-05,1.504500E-04,2.766590E-04,6.654280E-04,6.746710E-04,8.605090E-04
1461.778,1.303690E-04,5.142340E-06,1.918530E-04,2.766700E-04,5.201550E-04,4.758420E-04,7.466770E-04
1463.706,1.602960E-04,-5.696230E-05,3.398330E-04,1.911080E-04,4.541180E-04,3.894190E-04,6.100570E-04
1465.635,9.550730E-05,-1.252520E-04,2.339620E-04,1.456350E-04,2.753790E-04,3.774960E-04,3.966470E-04
1467.563,4.097910E-06,-6.939870E-05,1.193030E-04,1.165640E-04,1.395620E-04,2.743990E-04,4.206340E-04
1469.492,4.467790E-05,-2.314740E-05,3.608360E-05,5.736010E-05,1.238960E-04,1.760680E-04,3.880440E-04
1471.42,6.833620E-05,-6.286460E-06,6.435270E-05,5.401890E-05,1.696620E-04,1.744480E-04,2.162400E-04
1473.349,1.373270E-04,-4.071650E-06,9.951720E-05,1.065420E-04,1.690400E-04,2.200520E-04,1.010560E-04
1475.277,1.407120E-04,1.047610E-04,3.975720E-05,1.176070E-04,1.845850E-04,1.810770E-04,8.952680E-05
1477.205,1.134690E-04,1.618370E-04,1.088450E-04,1.193430E-04,1.877690E-04,3.503960E-05,6.531400E-05
1479.134,1.234600E-04,1.089590E-04,1.998160E-04,1.237710E-04,2.042800E-04,-2.395810E-05,5.429010E-05
1481.062,4.306530E-05,8.860100E-05,1.387840E-04,2.699840E-05,1.696220E-04,1.309440E-05,-3.614070E-05
1482.991,1.073370E-04,1.415970E-04,1.173570E-04,-3.341570E-05,2.016730E-04,-1.665630E-05,-1.029400E-04
1484.919,1.432750E-04,2.343840E-04,1.486440E-04,-4.402140E-05,2.332890E-04,-3.615280E-05,-3.056300E-05
1486.848,8.736690E-05,1.681710E-04,4.757100E-05,-1.036940E-04,1.303690E-04,-3.669550E-05,-3.703630E-05
1488.776,8.874130E-05,4.148140E-05,-9.365050E-05,-1.472070E-04,1.027680E-04,-3.624400E-05,-5.490860E-05
1490.705,1.138810E-04,1.383570E-04,-5.869870E-05,-7.146770E-05,3.139030E-05,-1.273480E-04,-6.729890E-05
1492.633,1.286390E-04,1.635770E-04,9.891700E-05,-6.201690E-06,-7.332150E-05,-1.624470E-04,-3.690910E-05
1494.562,1.899550E-04,7.917990E-05,1.574060E-04,-5.852810E-05,-2.278440E-05,-5.145890E-05,6.106500E-06
1496.49,1.841400E-04,7.330730E-05,1.466130E-04,8.214040E-05,7.186260E-05,5.201160E-05,4.000470E-05
1498.419,5.995780E-05,8.248240E-05,1.887050E-04,1.654220E-04,3.073530E-05,9.587640E-05,1.508780E-04
1500.347,3.216860E-06,6.673330E-05,1.161190E-04,1.237960E-04,-1.115880E-06,1.092290E-04,1.294970E-04
1502.276,5.817970E-05,1.266200E-04,4.175940E-05,1.235630E-04,2.721440E-05,6.030850E-05,1.112060E-04
1504.204,-5.465760E-05,2.144610E-04,3.819180E-05,7.331200E-05,1.509580E-04,-5.316620E-05,3.886180E-05
1506.132,-1.811970E-04,7.433800E-05,4.919860E-05,-6.453330E-05,2.237130E-04,-5.359690E-05,-4.035170E-05
1508.061,-8.118230E-05,1.699970E-05,8.859010E-05,-8.880080E-05,1.161770E-04,7.389680E-05,5.815450E-05
1509.989,2.250840E-05,1.277550E-04,1.228780E-04,-8.088280E-05,-1.543620E-05,1.813660E-04,5.676460E-05
1511.918,4.754740E-05,1.328210E-04,9.760080E-05,-2.787390E-05,-2.577910E-05,7.882890E-05,7.847400E-05
1513.846,4.178830E-05,5.148010E-05,-4.161260E-05,2.415010E-05,-5.741190E-05,4.728510E-06,1.115700E-04
1515.775,8.580450E-05,1.180920E-04,-1.356220E-04,2.297580E-05,4.772470E-05,-7.123850E-05,5.841930E-05
1517.703,8.409900E-05,1.163290E-04,-2.475830E-05,1.071970E-05,9.078560E-05,-8.718250E-05,3.095310E-05
1519.632,7.207110E-05,6.249880E-05,-2.518030E-05,-7.494150E-05,5.835390E-05,-5.359550E-05,-3.413160E-05
1521.56,9.372730E-05,9.636000E-06,-1.265350E-04,-5.822880E-05,1.989620E-05,-1.214640E-04,-4.641240E-05
1523.489,1.709370E-05,7.136900E-05,-9.000380E-05,3.384370E-05,1.307160E-04,-7.732950E-05,6.264000E-05
1525.417,1.644240E-04,1.513740E-04,5.340210E-05,7.271070E-05,3.008250E-04,7.481550E-05,3.803890E-05
1527.346,2.735570E-04,1.926050E-04,1.695210E-04,8.904180E-05,1.897170E-04,1.682600E-04,-4.418440E-05
1529.274,1.999810E-04,2.309890E-04,1.409340E-04,1.162620E-04,9.698130E-05,2.359410E-04,-3.953100E-05
1531.203,1.112790E-04,1.639520E-04,2.351610E-05,9.232800E-05,1.064090E-04,1.786510E-04,-1.644430E-05
1533.131,2.564860E-05,6.365070E-05,2.491350E-05,2.796910E-05,8.239410E-05,8.077550E-05,8.081350E-05
1535.059,-5.171870E-05,4.700840E-05,5.820590E-05,1.316700E-05,7.381060E-05,-3.332250E-05,1.888100E-04
1536.988,-9.118190E-06,8.136960E-05,1.539020E-05,4.449780E-05,7.045610E-05,-2.078250E-04,1.838040E-04
1538.916,1.646390E-05,5.130500E-05,-1.257620E-04,-1.275230E-05,6.760120E-05,-1.386710E-04,9.825010E-05
1540.845,-9.385050E-05,4.062880E-05,-8.685190E-05,-1.311730E-05,1.590960E-04,-7.273650E-05,4.200220E-05
1542.773,-1.232740E-04,7.790500E-05,1.548210E-05,4.194210E-05,2.606870E-04,-7.696350E-05,1.364250E-04
1544.702,-6.044390E-05,7.763430E-05,-5.839880E-06,1.312670E-04,1.825330E-04,-4.164550E-05,1.855630E-04
1546.63,8.854020E-05,1.184930E-04,1.342860E-04,7.115060E-05,-9.327860E-05,1.238980E-05,5.784900E-05
1548.559,1.260760E-04,2.610420E-04,2.065590E-04,-1.435560E-06,-1.353960E-04,7.369130E-06,1.897970E-05
1550.487,-4.837990E-06,2.806090E-04,6.772320E-05,1.048420E-04,3.632370E-05,9.230960E-05,8.084140E-05
1552.416,-4.638990E-06,1.127480E-04,2.930670E-05,9.730720E-05,4.237390E-05,1.514730E-04,1.230250E-04
1554.344,3.922710E-05,8.239690E-05,9.014070E-05,1.924040E-05,2.176970E-05,1.617760E-04,5.811370E-05
1556.273,-2.365060E-05,1.232020E-04,7.067050E-05,-1.368150E-05,-5.029120E-05,2.100530E-04,3.459320E-05
1558.201,-5.414060E-05,6.693600E-05,-7.711190E-05,-1.438180E-04,-2.070810E-04,2.482300E-04,5.882500E-07
1560.13,-4.445300E-05,7.764840E-05,3.760770E-05,-2.271150E-04,-1.750350E-04,3.454130E-04,-4.819810E-05
1562.058,-4.141290E-06,1.437050E-04,1.380040E-04,-1.326040E-04,3.295000E-07,3.324560E-04,-4.085570E-05
1563.986,8.177010E-05,1.288970E-04,5.320390E-05,-4.331570E-05,1.202150E-04,1.857780E-04,-3.612550E-06
1565.915,8.933670E-05,6.955160E-05,3.960590E-05,3.025920E-05,1.213120E-04,1.030390E-04,2.301530E-05
1567.843,1.176790E-04,1.263260E-04,-2.112690E-05,2.325630E-05,7.027970E-05,6.032350E-05,4.587360E-05
1569.772,5.812810E-06,1.344540E-04,1.572160E-05,6.394780E-05,-4.454670E-07,-8.020230E-05,4.947940E-05
1571.7,-3.307320E-05,1.311220E-05,-7.515050E-06,9.275950E-05,-2.822030E-05,-4.784800E-05,-5.177000E-05
1573.629,5.555350E-05,1.085310E-06,-9.054250E-05,-1.809520E-05,-3.420660E-05,4.274310E-05,-5.083670E-05
1575.557,4.739020E-05,5.476620E-05,-3.072640E-05,4.615730E-05,-7.753770E-05,6.830040E-05,-1.517420E-05
1577.486,-1.301730E-04,9.443380E-05,5.977030E-05,9.146500E-05,-1.101370E-04,7.336150E-05,-1.733590E-04
1579.414,-1.265250E-04,-2.022970E-06,1.024480E-04,5.256310E-05,-8.480890E-05,6.240790E-05,-2.326410E-04
1581.343,-1.001860E-04,9.642800E-05,4.051010E-05,8.263540E-05,-1.039020E-04,2.703600E-05,-1.485550E-04
1583.271,-1.213830E-04,1.885090E-04,6.387310E-05,5.213160E-05,-7.925360E-05,1.475530E-05,-1.257640E-04
1585.2,-5.102200E-05,1.582150E-04,-6.211200E-05,-9.551080E-05,1.240960E-05,6.305730E-05,-1.411760E-04
1587.128,2.731440E-05,1.263670E-04,-1.090600E-04,-1.181720E-04,-4.251130E-06,-2.965100E-05,-6.866770E-05
1589.057,-4.514970E-05,7.580200E-05,-2.977150E-05,-3.930040E-05,-7.974650E-05,2.204820E-05,-1.287010E-04
1590.985,-1.220800E-04,5.670890E-05,-3.870430E-05,9.747310E-05,-1.287470E-04,1.759980E-05,-1.852510E-04
1592.913,-5.118790E-05,1.120850E-04,-1.206570E-04,1.651960E-04,-1.970280E-05,-5.135450E-05,-1.448950E-04
1594.842,-4.108090E-06,5.401390E-05,-1.836920E-04,1.909950E-04,3.922920E-05,-3.898030E-05,-1.664270E-04
1596.77,-8.578940E-05,2.206330E-05,-1.372630E-04,9.413880E-05,-6.842270E-05,4.247440E-05,-2.600150E-05
1598.699,-1.461940E-04,-1.969600E-05,9.005310E-05,3.018850E-05,-2.012520E-05,5.998840E-05,1.270140E-04
1600.627,-7.679920E-05,-4.929000E-05,1.102070E-04,9.599380E-05,1.406270E-04,5.716450E-05,2.029260E-04
1602.556,-2.829560E-05,-1.685820E-05,-4.304540E-06,4.565020E-05,1.878920E-04,7.724970E-05,3.103750E-04
1604.484,9.809810E-05,6.287110E-05,-2.327380E-05,5.844580E-05,1.987890E-04,2.049960E-04,3.713300E-04
1606.413,1.225250E-04,1.102620E-04,3.762540E-06,2.293130E-04,3.641700E-04,3.031230E-04,4.721440E-04
1608.341,9.165970E-05,2.075890E-04,8.831260E-05,3.867350E-04,4.964350E-04,4.017470E-04,5.502320E-04
1610.27,2.181550E-04,1.987320E-04,5.423160E-05,4.144270E-04,6.861520E-04,5.611050E-04,6.292280E-04
1612.198,2.409950E-04,1.530790E-04,9.919880E-05,4.584060E-04,8.701870E-04,7.489180E-04,7.173040E-04
1614.127,9.388330E-05,9.768160E-05,1.524870E-04,5.994990E-04,9.165200E-04,8.632690E-04,1.020000E-03
1616.055,9.595410E-06,5.425750E-05,1.347040E-04,7.039060E-04,8.512200E-04,1.000000E-03,1.210000E-03
1617.984,2.535670E-05,1.782290E-04,3.255450E-04,5.813640E-04,9.231730E-04,1.190000E-03,1.380000E-03
1619.912,3.889520E-05,3.285740E-04,4.714390E-04,6.231710E-04,1.050000E-03,1.340000E-03,1.590000E-03
1621.84,-4.871190E-06,2.896710E-04,3.828210E-04,8.980300E-04,1.130000E-03,1.400000E-03,1.780000E-03
1623.769,1.068010E-06,2.935480E-04,3.246170E-04,1.080000E-03,1.270000E-03,1.480000E-03,2.040000E-03
1625.697,-4.544830E-05,3.481710E-04,4.717070E-04,1.050000E-03,1.370000E-03,1.540000E-03,2.270000E-03
1627.626,-3.041900E-05,2.537480E-04,6.267090E-04,9.060300E-04,1.480000E-03,1.530000E-03,2.320000E-03
1629.554,9.860910E-06,2.587540E-04,5.755060E-04,1.150000E-03,1.540000E-03,1.680000E-03,2.400000E-03
1631.483,9.932610E-05,3.841550E-04,5.658320E-04,1.450000E-03,1.740000E-03,2.000000E-03,2.690000E-03
1633.411,1.684290E-04,3.108180E-04,5.907890E-04,1.340000E-03,1.840000E-03,2.080000E-03,3.030000E-03
1635.34,1.129000E-04,1.907000E-04,5.464530E-04,1.160000E-03,1.900000E-03,2.240000E-03,3.120000E-03
1637.268,4.005670E-05,2.488290E-04,4.646820E-04,1.280000E-03,2.000000E-03,2.550000E-03,3.160000E-03
1639.197,3.889520E-05,3.298170E-04,5.830640E-04,1.450000E-03,2.140000E-03,2.750000E-03,3.340000E-03
1641.125,2.270210E-05,2.540970E-04,8.025600E-04,1.480000E-03,2.380000E-03,2.760000E-03,3.570000E-03
1643.054,4.350770E-05,1.747060E-04,8.492720E-04,1.520000E-03,2.420000E-03,2.680000E-03,3.710000E-03
1644.982,9.156020E-05,2.394670E-04,8.015920E-04,1.590000E-03,2.490000E-03,2.880000E-03,3.790000E-03
1646.911,1.124690E-04,2.423490E-04,7.952000E-04,1.680000E-03,2.730000E-03,3.060000E-03,3.910000E-03
1648.839,2.068680E-04,2.105450E-04,8.958860E-04,1.620000E-03,2.790000E-03,3.170000E-03,4.160000E-03
1650.767,3.268880E-04,2.034800E-04,9.484200E-04,1.520000E-03,2.780000E-03,3.380000E-03,4.390000E-03
1652.696,1.867180E-04,1.237960E-04,8.532590E-04,1.620000E-03,2.690000E-03,3.500000E-03,4.420000E-03
1654.624,7.904880E-05,3.360440E-04,8.845430E-04,1.710000E-03,2.830000E-03,3.620000E-03,4.630000E-03
1656.553,1.927270E-04,4.843160E-04,9.695130E-04,1.800000E-03,3.050000E-03,3.840000E-03,4.910000E-03
1658.481,2.656290E-04,5.127240E-04,9.897160E-04,1.980000E-03,3.300000E-03,3.980000E-03,4.990000E-03
1660.41,1.603960E-04,4.894600E-04,1.070000E-03,1.980000E-03,3.510000E-03,4.050000E-03,5.080000E-03
1662.338,7.788730E-05,2.935800E-04,1.030000E-03,2.040000E-03,3.570000E-03,4.260000E-03,5.390000E-03
1664.267,2.311020E-04,2.276390E-04,1.140000E-03,2.130000E-03,3.620000E-03,4.450000E-03,5.600000E-03
1666.195,3.769310E-04,4.286380E-04,1.250000E-03,2.160000E-03,3.890000E-03,4.610000E-03,5.790000E-03
1668.124,3.723820E-04,5.839880E-04,1.240000E-03,2.300000E-03,4.040000E-03,4.880000E-03,6.090000E-03
1670.052,2.560340E-04,4.829270E-04,1.420000E-03,2.470000E-03,4.200000E-03,5.270000E-03,6.380000E-03
1671.981,3.271870E-04,3.828150E-04,1.430000E-03,2.500000E-03,4.390000E-03,5.660000E-03,6.860000E-03
1673.909,4.117360E-04,4.107860E-04,1.400000E-03,2.640000E-03,4.470000E-03,5.910000E-03,7.490000E-03
1675.838,3.850010E-04,5.148550E-04,1.540000E-03,2.890000E-03,4.770000E-03,6.210000E-03,8.010000E-03
1677.766,4.521890E-04,6.166300E-04,1.690000E-03,3.130000E-03,5.300000E-03,6.710000E-03,8.620000E-03
1679.694,6.019470E-04,6.734390E-04,1.880000E-03,3.480000E-03,5.710000E-03,7.200000E-03,9.360000E-03
1681.623,6.380990E-04,7.708020E-04,2.100000E-03,3.850000E-03,6.100000E-03,7.770000E-03,1.014000E-02
1683.551,6.906710E-04,7.658590E-04,2.120000E-03,4.020000E-03,6.720000E-03,8.390000E-03,1.103000E-02
1685.48,8.098940E-04,8.884920E-04,2.280000E-03,4.320000E-03,7.370000E-03,9.250000E-03,1.207000E-02
1687.408,7.317490E-04,1.090000E-03,2.590000E-03,4.950000E-03,8.020000E-03,1.030000E-02,1.302000E-02
1689.337,6.104200E-04,1.330000E-03,2.840000E-03,5.540000E-03,8.780000E-03,1.135000E-02,1.417000E-02
1691.265,6.936290E-04,1.490000E-03,3.100000E-03,6.070000E-03,9.490000E-03,1.240000E-02,1.556000E-02
1693.194,7.195510E-04,1.640000E-03,3.490000E-03,6.650000E-03,1.030000E-02,1.354000E-02,1.713000E-02
1695.122,8.680050E-04,1.680000E-03,3.680000E-03,7.170000E-03,1.116000E-02,1.478000E-02,1.869000E-02
1697.051,1.060000E-03,1.700000E-03,3.980000E-03,7.840000E-03,1.217000E-02,1.603000E-02,2.027000E-02
1698.979,1.120000E-03,1.840000E-03,4.520000E-03,8.450000E-03,1.307000E-02,1.712000E-02,2.166000E-02
1700.908,1.180000E-03,2.100000E-03,4.880000E-03,8.900000E-03,1.377000E-02,1.799000E-02,2.277000E-02
1702.836,1.170000E-03,2.180000E-03,4.990000E-03,9.220000E-03,1.422000E-02,1.850000E-02,2.335000E-02
1704.765,1.240000E-03,2.060000E-03,4.920000E-03,9.200000E-03,1.431000E-02,1.863000E-02,2.337000E-02
1706.693,1.200000E-03,2.030000E-03,4.700000E-03,9.000000E-03,1.397000E-02,1.816000E-02,2.290000E-02
1708.621,1.120000E-03,2.010000E-03,4.510000E-03,8.780000E-03,1.334000E-02,1.731000E-02,2.181000E-02
1710.55,1.030000E-03,1.970000E-03,4.340000E-03,8.180000E-03,1.271000E-02,1.631000E-02,2.054000E-02
1712.478,9.244280E-04,1.850000E-03,3.990000E-03,7.480000E-03,1.184000E-02,1.531000E-02,1.919000E-02
1714.407,8.642480E-04,1.590000E-03,3.730000E-03,6.790000E-03,1.085000E-02,1.427000E-02,1.788000E-02
1716.335,6.830940E-04,1.420000E-03,3.440000E-03,6.240000E-03,1.005000E-02,1.319000E-02,1.669000E-02
1718.264,6.029780E-04,1.320000E-03,3.230000E-03,5.920000E-03,9.380000E-03,1.227000E-02,1.546000E-02
1720.192,6.786070E-04,1.190000E-03,3.080000E-03,5.550000E-03,8.880000E-03,1.149000E-02,1.422000E-02
1722.121,7.232740E-04,1.050000E-03,2.880000E-03,5.050000E-03,8.350000E-03,1.060000E-02,1.317000E-02
1724.049,6.034760E-04,9.833120E-04,2.560000E-03,4.610000E-03,7.590000E-03,9.640000E-03,1.220000E-02
1725.978,5.858000E-04,9.895990E-04,2.420000E-03,4.270000E-03,6.910000E-03,8.840000E-03,1.116000E-02
1727.906,5.739390E-04,9.169950E-04,2.270000E-03,3.940000E-03,6.320000E-03,8.150000E-03,1.031000E-02
1729.835,4.803230E-04,7.552680E-04,2.010000E-03,3.570000E-03,5.800000E-03,7.420000E-03,9.440000E-03
1731.763,3.106850E-04,6.406890E-04,1.730000E-03,3.070000E-03,5.360000E-03,6.720000E-03,8.400000E-03
1733.692,2.968720E-04,5.178680E-04,1.550000E-03,2.770000E-03,4.760000E-03,6.090000E-03,7.430000E-03
1735.62,4.122670E-04,4.547630E-04,1.420000E-03,2.510000E-03,4.170000E-03,5.390000E-03,6.740000E-03
1737.548,3.784920E-04,3.939220E-04,1.240000E-03,2.130000E-03,3.820000E-03,4.620000E-03,6.070000E-03
1739.477,2.315670E-04,2.301870E-04,1.110000E-03,1.820000E-03,3.390000E-03,4.000000E-03,5.250000E-03
1741.405,8.044260E-05,2.398770E-04,1.150000E-03,1.530000E-03,2.710000E-03,3.600000E-03,4.510000E-03
1743.334,-8.476100E-05,2.560010E-04,1.010000E-03,1.210000E-03,2.060000E-03,3.150000E-03,3.910000E-03
1745.262,-9.549490E-06,2.012560E-04,7.362400E-04,1.070000E-03,1.920000E-03,2.690000E-03,3.230000E-03
1747.191,1.049020E-04,1.760400E-04,5.355820E-04,8.935520E-04,1.830000E-03,2.230000E-03,2.590000E-03
1749.119,1.790320E-04,6.262520E-05,4.275160E-04,5.768240E-04,1.610000E-03,1.870000E-03,2.140000E-03
1751.048,1.854540E-04,-1.065020E-04,3.516750E-04,4.163070E-04,1.380000E-03,1.550000E-03,1.880000E-03
1752.976,1.520740E-04,-1.036860E-04,2.688840E-04,4.030670E-04,1.300000E-03,1.330000E-03,1.560000E-03
1754.905,1.832560E-04,-9.715860E-06,1.704270E-04,3.274640E-04,1.210000E-03,1.150000E-03,1.210000E-03
1756.833,1.690280E-04,-2.769130E-05,9.569050E-05,2.981300E-04,9.970270E-04,9.054040E-04,1.010000E-03
1758.762,9.394150E-05,-1.130140E-04,8.983390E-05,3.067670E-04,8.309800E-04,6.789430E-04,8.479160E-04
1760.69,1.344410E-04,-8.863660E-05,1.980770E-04,4.675660E-05,7.627340E-04,6.255060E-04,6.929930E-04
1762.619,9.669260E-05,2.983460E-05,2.454330E-04,-1.093330E-04,6.824050E-04,5.727380E-04,5.115460E-04
1764.547,6.077050E-05,7.916040E-05,1.972370E-04,-1.419500E-04,6.118870E-04,4.740410E-04,4.377710E-04
1766.475,1.328560E-04,8.188650E-05,3.628490E-05,-1.233390E-05,4.883300E-04,3.904830E-04,3.865990E-04
1768.404,1.869670E-04,-5.826670E-05,-1.405460E-04,4.626800E-05,2.888770E-04,2.792050E-04,2.500970E-04
1770.332,2.918990E-04,-1.081470E-04,-1.721990E-04,2.978930E-05,1.801310E-04,1.658520E-04,2.785520E-05
1772.261,2.058460E-04,-1.045620E-05,-1.265600E-04,6.695820E-05,1.695850E-04,8.937790E-05,-1.057020E-04
1774.189,8.858630E-05,-5.072510E-05,1.263210E-05,7.909160E-05,1.198350E-04,1.761650E-04,-6.657640E-05
1776.118,1.080100E-04,-3.664590E-05,1.519000E-04,1.107550E-05,-4.322740E-05,1.973350E-04,-1.072590E-05
1778.046,1.242100E-04,4.581900E-05,1.114720E-04,2.791170E-08,-3.612830E-05,8.586430E-05,3.432000E-05
1779.975,1.953330E-04,3.398520E-05,3.511390E-05,6.147580E-05,-4.650660E-06,-1.545630E-04,4.036690E-05
1781.903,2.336780E-04,-6.172350E-05,2.929390E-05,1.401520E-04,-1.039230E-04,-1.994860E-04,1.235980E-04
1783.832,1.670710E-04,-9.066020E-05,2.053890E-05,1.771540E-04,-7.872550E-05,-1.503940E-05,6.878370E-05
1785.76,2.259950E-04,-8.730790E-05,3.767900E-05,1.801200E-04,-6.771790E-05,4.249360E-05,1.363060E-04
1787.689,2.518600E-04,-4.384550E-05,8.290460E-06,1.216110E-04,-1.967220E-05,6.338590E-06,2.439950E-04
1789.617,1.672950E-04,8.610300E-05,9.108480E-05,7.355960E-05,1.086890E-05,-2.697940E-05,1.085540E-04
1791.546,2.080940E-04,6.014130E-05,1.632310E-04,-7.601630E-05,1.441720E-05,-1.206810E-04,-5.945430E-05
1793.474,1.592790E-04,-6.365830E-05,9.625890E-05,1.670730E-05,4.157800E-05,-2.133960E-04,-1.073030E-04
1795.402,9.002350E-05,-2.393580E-05,-4.375160E-06,1.654400E-04,9.726440E-05,-1.144790E-04,-1.738240E-04
1797.331,-7.372190E-05,1.234340E-04,-8.153330E-05,2.042910E-04,7.348320E-05,5.483560E-05,-1.222670E-04
1799.259,-6.216490E-05,1.111690E-04,-4.969130E-05,1.644350E-04,-1.102870E-04,-1.187140E-05,-9.751430E-05
1801.188,1.380110E-04,1.183860E-04,2.368170E-05,4.147760E-05,-1.547000E-04,7.439590E-06,-8.523720E-05
1803.116,1.631200E-04,1.113810E-04,-6.692350E-05,1.451630E-05,9.742590E-06,9.713260E-05,-2.918960E-05
1805.045,1.304370E-04,8.952930E-06,1.790160E-05,4.022240E-06,7.742900E-05,4.356160E-05,7.801460E-05
1806.973,1.101720E-04,3.446050E-06,2.128730E-04,-6.300000E-05,2.042200E-05,-3.895140E-05,2.594300E-05
1808.902,-1.529610E-05,9.552510E-05,2.103780E-04,2.626690E-05,-4.186950E-05,1.347560E-05,-2.429420E-04
1810.83,7.113330E-05,8.192520E-05,1.976760E-04,1.540240E-04,2.032660E-05,-2.411140E-05,-2.756700E-04
1812.759,1.094810E-04,9.921230E-05,3.968880E-05,1.443220E-04,6.980270E-05,-9.950840E-05,-2.163200E-04
1814.687,3.541510E-05,1.344530E-04,3.318820E-05,-2.770960E-05,8.077550E-05,-2.847940E-05,-2.953550E-05
1816.616,-1.176460E-05,3.577420E-04,2.398080E-04,-3.429170E-05,6.801620E-05,6.731060E-05,1.116470E-04
1818.544,1.019890E-04,5.279130E-04,2.915420E-04,1.525760E-04,1.345270E-05,1.138800E-04,7.467920E-05
1820.473,1.426990E-04,3.533520E-04,1.712620E-04,3.726390E-04,-4.339750E-05,1.581180E-04,-1.589150E-06
1822.401,1.844130E-04,3.951870E-05,1.376390E-04,1.699450E-04,9.786340E-05,1.509070E-04,-6.622800E-05
1824.329,1.528240E-04,-3.001150E-05,1.636940E-04,2.914160E-05,1.102980E-04,7.007260E-05,-2.337170E-04
1826.258,2.312940E-04,1.375540E-04,1.905840E-04,1.376950E-04,2.535410E-05,-2.137930E-05,-1.399570E-04
1828.186,3.637620E-04,1.525660E-04,1.294140E-04,2.209750E-04,-9.818550E-05,-1.080710E-04,-4.693950E-05
1830.115,1.884180E-04,2.456620E-05,1.556070E-04,1.406400E-04,3.569760E-05,-1.205670E-05,2.691100E-05
1832.043,2.764800E-05,2.453310E-05,1.685470E-04,-3.894900E-05,1.047930E-04,-2.630020E-05,-1.754590E-04
1833.972,-3.149460E-05,-1.690940E-05,1.447750E-04,8.041590E-05,-2.924370E-05,3.268090E-05,-2.854650E-04
1835.9,-3.156010E-05,4.940050E-05,9.120250E-05,1.340530E-04,7.087750E-06,2.153370E-04,-2.564070E-04
1837.829,1.097720E-04,2.412590E-04,-6.929300E-05,-8.493290E-05,5.658430E-05,1.899150E-04,-1.383310E-04
1839.757,1.385910E-04,1.479890E-04,-3.173590E-05,1.290080E-05,4.104150E-06,-2.539950E-06,-1.426440E-04
1841.686,2.998090E-04,5.848570E-05,-5.820850E-05,1.483770E-04,4.375380E-05,8.723500E-05,-2.005410E-04
