metric,sex,gestational_age_in_days,l,m,s
weight,f,158,0.090956142,512.9417451,0.141753314
weight,m,158,0.674935082,538.3337779,0.138140129
weight,f,159,0.132926572,520.8651338,0.143272625
weight,m,159,0.699593492,549.0177618,0.140644177
weight,f,160,0.175071437,528.9082177,0.144829986
weight,m,160,0.724182997,559.7510299,0.143140967
weight,f,161,0.217507028,537.1507938,0.146450766
weight,m,161,0.748657661,570.5664382,0.145625661
weight,f,162,0.260349635,545.6726589,0.14816033
weight,m,162,0.772971548,581.4968429,0.148093421
weight,f,163,0.303715547,554.5536099,0.149984045
weight,m,163,0.79707872,592.5751,0.150539409
weight,f,164,0.347721056,563.8734436,0.151947279
weight,m,164,0.820933241,603.8340656,0.152958785
weight,f,165,0.392473658,573.709334,0.154074373
weight,m,165,0.844490044,615.3057615,0.155346804
length,f,165,1,29.68754375,0.061064371
hc,f,165,1,20.9436698,0.05663345
length,m,165,1,30.32439629,0.062997577
hc,m,165,1,21.32685553,0.057876267
weight,f,166,0.437878597,584.0781278,0.156366067
weight,m,166,0.867724081,627.0030181,0.157700826
length,f,166,1,29.87892235,0.061314708
hc,f,166,1,21.07615679,0.056606219
length,m,166,1,30.52426932,0.063283819
hc,m,166,1,21.46707757,0.05777355
weight,f,167,0.483638865,594.9363443,0.158799499
weight,m,167,0.890630316,638.9194745,0.160020323
length,f,167,1,30.07033148,0.061563826
hc,f,167,1,21.20865236,0.056578596
length,m,167,1,30.7240939,0.063566768
hc,m,167,1,21.60727803,0.057670682
weight,f,168,0.529448659,606.23788,0.161350784
weight,m,168,0.913204586,651.0479355,0.162304854
length,f,168,1,30.26179151,0.061810914
hc,f,168,1,21.34116222,0.056550321
length,m,168,1,30.92383772,0.063844228
hc,m,168,1,21.74744252,0.057567562
weight,f,169,0.575002179,617.9366315,0.163996034
weight,m,169,0.935442726,663.3812059,0.164553982
length,f,169,1,30.4533228,0.062055158
hc,f,169,1,21.47369209,0.056521134
length,m,169,1,31.12346849,0.064114006
hc,m,169,1,21.88755666,0.057464089
weight,f,170,0.619993622,629.9864952,0.166711362
weight,m,170,0.957340574,675.9120904,0.166767268
length,f,170,1,30.6449457,0.062295747
hc,f,170,1,21.60624769,0.056490774
length,m,170,1,31.32295389,0.064373906
hc,m,170,1,22.02760605,0.057360162
weight,f,171,0.664117185,642.3413675,0.169472881
weight,m,171,0.978893964,688.6333938,0.168944273
length,f,171,1,30.83668057,0.062531869
hc,f,171,1,21.73883472,0.056458979
length,m,171,1,31.52226162,0.064621731
hc,m,171,1,22.16757631,0.05725568
weight,f,172,0.707071983,654.9558479,0.17225698
weight,m,172,1.000098501,701.5381445,0.171084535
length,f,172,1,31.02854735,0.062762727
hc,f,172,1,21.8714588,0.056425496
length,m,172,1,31.72136006,0.064855334
hc,m,172,1,22.30745336,0.057150545
weight,f,173,0.748670172,667.8007001,0.175046369
weight,m,173,1.020944423,714.6245131,0.173187025
length,f,173,1,31.22055618,0.062987918
hc,f,173,1,22.00412276,0.056390193
length,m,173,1,31.92023312,0.065073622
hc,m,173,1,22.44723002,0.057044707
weight,f,174,0.788836952,680.8628528,0.177830086
weight,m,174,1.041416607,727.8958124,0.17525015
length,f,174,1,31.41270739,0.063207427
hc,f,174,1,22.13682671,0.056353067
length,m,174,1,32.11888026,0.065276556
hc,m,174,1,22.58690606,0.056938163
weight,f,175,0.827502439,694.1299374,0.180597441
weight,m,175,1.061499696,741.355579,0.177272293
length,f,175,1,31.60500091,0.063421258
hc,f,175,1,22.26957061,0.056314119
length,m,175,1,32.3173016,0.065464145
hc,m,175,1,22.72648153,0.056830915
weight,f,176,0.864596748,707.5895852,0.183337743
weight,m,176,1.081178334,755.0073494,0.179251836
length,f,176,1,31.79743666,0.063629415
hc,f,176,1,22.40235446,0.056273349
length,m,176,1,32.51549727,0.0656364
hc,m,176,1,22.86595649,0.056722962
weight,f,177,0.900049995,721.2294277,0.186040305
weight,m,177,1.100437163,768.85466,0.181187162
length,f,177,1,31.99001455,0.0638319
hc,f,177,1,22.53517821,0.056230759
length,m,177,1,32.7134674,0.065793327
hc,m,177,1,23.005331,0.056614305
weight,f,178,0.933792294,735.0370962,0.188694436
weight,m,178,1.119260827,782.9010474,0.183076654
length,f,178,1,32.1827345,0.064028716
hc,f,178,1,22.66804186,0.05618635
length,m,178,1,32.91121213,0.065934937
hc,m,178,1,23.14460512,0.056504944
weight,f,179,0.965755867,749.0006573,0.191289628
weight,m,179,1.137634031,797.1501597,0.1849187
length,f,179,1,32.37559655,0.064219863
hc,f,179,1,22.80094541,0.056140121
length,m,179,1,33.10873188,0.066061241
hc,m,179,1,23.28377882,0.05639488
weight,f,180,0.995921356,763.1181885,0.193819524
weight,m,180,1.155542919,811.608214,0.186711841
length,f,180,1,32.56860335,0.064405235
hc,f,180,1,22.9338896,0.056092038
length,m,180,1,33.30603423,0.066172345
hc,m,180,1,23.42285022,0.056284098
weight,f,181,1.024317824,777.3977777,0.19628192
weight,m,181,1.172975069,826.2839963,0.188454768
length,f,181,1,32.76176019,0.06458462
hc,f,181,1,23.06687593,0.056042034
length,m,181,1,33.50313385,0.066268446
hc,m,181,1,23.56181559,0.056172574
weight,f,182,1.05097644,791.8479483,0.198674792
weight,m,182,1.189918125,841.1864045,0.190146181
length,f,182,1,32.95507245,0.064757803
hc,f,182,1,23.1999059,0.055990039
length,m,182,1,33.70004573,0.066349744
hc,m,182,1,23.70067113,0.056060279
weight,f,183,1.075928373,806.4772236,0.200996117
weight,m,183,1.206359728,856.3243362,0.191784777
length,f,183,1,33.14854554,0.06492457
hc,f,183,1,23.33298103,0.055935985
length,m,183,1,33.89678488,0.06641644
hc,m,183,1,23.83941301,0.055947188
weight,f,184,1.099204792,821.2941269,0.20324387
weight,m,184,1.222287521,871.7066891,0.193369256
length,f,184,1,33.34218485,0.065084705
hc,f,184,1,23.46610283,0.055879803
length,m,184,1,34.09336627,0.066468735
hc,m,184,1,23.97803742,0.055833274
weight,f,185,1.120836866,836.3071815,0.205416028
weight,m,185,1.237689147,887.342361,0.194898314
length,f,185,1,33.53599577,0.065237992
hc,f,185,1,23.59927282,0.055821422
length,m,185,1,34.28980491,0.06650683
hc,m,185,1,24.11654056,0.055718509
weight,f,186,1.140855763,851.5249612,0.207510587
weight,m,186,1.25255223,903.2402656,0.19637065
length,f,186,1,33.72998367,0.065384217
hc,f,186,1,23.73249251,0.055760775
length,m,186,1,34.48611584,0.066530929
hc,m,186,1,24.25491862,0.055602868
weight,f,187,1.159292654,866.9572003,0.209525997
weight,m,187,1.266864012,919.409686,0.197784919
length,f,187,1,33.92415322,0.065523195
hc,f,187,1,23.86576321,0.055697802
length,m,187,1,34.6823152,0.066541312
hc,m,187,1,24.39316832,0.055486328
weight,f,188,1.176178706,882.6147937,0.211461162
weight,m,188,1.280611348,935.8602743,0.199139736
length,f,188,1,34.11850836,0.065654768
hc,f,188,1,23.99908602,0.055632453
length,m,188,1,34.87842028,0.066538335
hc,m,188,1,24.53128686,0.055368868
weight,f,189,1.191545088,898.5086868,0.213315005
weight,m,189,1.293781076,952.6016988,0.200433715
length,f,189,1,34.31305304,0.065778778
hc,f,189,1,24.13246205,0.055564676
length,m,189,1,35.0744484,0.066522356
hc,m,189,1,24.66927146,0.055250469
weight,f,190,1.205422969,914.6498248,0.215086451
weight,m,190,1.306360035,969.6436276,0.201665471
length,f,190,1,34.50779117,0.06589507
hc,f,190,1,24.2658924,0.055494421
length,m,190,1,35.27041687,0.066493735
hc,m,190,1,24.80711935,0.055131112
weight,f,191,1.217843519,931.0491531,0.216774423
weight,m,191,1.318335064,986.9957291,0.202833617
length,f,191,1,34.70272668,0.066003486
hc,f,191,1,24.39937818,0.055421639
length,m,191,1,35.46634302,0.066452832
hc,m,191,1,24.94482775,0.055010778
weight,f,192,1.228837906,947.7176172,0.218377845
weight,m,192,1.329693002,1004.667671,0.203936766
length,f,192,1,34.8978635,0.066103869
hc,f,192,1,24.53292049,0.055346279
length,m,192,1,35.66224416,0.066400004
hc,m,192,1,25.08239388,0.054889446
weight,f,193,1.238437299,964.6661487,0.219895636
weight,m,193,1.340420691,1022.669118,0.204973533
length,f,193,1,35.09320558,0.066196064
hc,f,193,1,24.66652043,0.055268291
length,m,193,1,35.85813761,0.06633561
hc,m,193,1,25.21981496,0.054767098
weight,f,194,1.246672867,981.9053687,0.221326592
weight,m,194,1.350505079,1041.009635,0.205942544
length,f,194,1,35.28875702,0.066279904
hc,f,194,1,24.80017916,0.055187621
length,m,194,1,36.05404038,0.066259989
hc,m,194,1,25.35708809,0.054643712
weight,f,195,1.253575779,999.445587,0.222669389
weight,m,195,1.359933215,1059.698688,0.206842433
length,f,195,1,35.48452215,0.066355218
hc,f,195,1,24.93389789,0.055104215
length,m,195,1,36.24996916,0.066173457
hc,m,195,1,25.4942102,0.054519268
weight,f,196,1.259177204,1017.2971,0.223922696
weight,m,196,1.368692152,1078.745738,0.207671837
length,f,196,1,35.68050529,0.066421834
hc,f,196,1,25.06767785,0.055018017
length,m,196,1,36.44594068,0.066076331
hc,m,196,1,25.63117825,0.054393745
weight,f,197,1.26350831,1035.470204,0.225085184
weight,m,197,1.376768945,1098.160248,0.208429393
length,f,197,1,35.87671075,0.066479579
hc,f,197,1,25.20152023,0.054928972
length,m,197,1,36.64197161,0.065968929
hc,m,197,1,25.76798918,0.05426712
weight,f,198,1.266600267,1053.975196,0.226155522
weight,m,198,1.384150648,1117.951679,0.209113738
length,f,198,1,36.07314287,0.066528281
hc,f,198,1,25.33542625,0.054837024
length,m,198,1,36.83807865,0.065851566
hc,m,198,1,25.90463995,0.054139373
weight,f,199,1.268484243,1072.822373,0.22713238
weight,m,199,1.390824315,1138.129493,0.209723507
length,f,199,1,36.26980595,0.066567767
hc,f,199,1,25.46939713,0.054742119
length,m,199,1,37.03427851,0.065724559
hc,m,199,1,26.04112749,0.054010481
weight,f,200,1.269191407,1092.022033,0.228014429
weight,m,200,1.396776998,1158.703153,0.210257368
length,f,200,1,36.46670432,0.066597865
hc,f,200,1,25.60343408,0.0546442
length,m,200,1,37.23058788,0.065588226
hc,m,200,1,26.17744875,0.053880425
weight,f,201,1.268752929,1111.584561,0.228800374
weight,m,201,1.401995723,1179.682148,0.210714675
length,f,201,1,36.66384225,0.066618405
hc,f,201,1,25.7375383,0.054543214
length,m,201,1,37.42702355,0.065442888
hc,m,201,1,26.31360072,0.053749181
weight,f,202,1.267199976,1131.520422,0.22948895
weight,m,202,1.406467488,1201.075994,0.211095474
length,f,202,1,36.86122395,0.066629218
hc,f,202,1,25.87171097,0.054439106
length,m,202,1,37.62360237,0.065288874
hc,m,202,1,26.44958041,0.05361673
weight,f,203,1.264563719,1151.840087,0.230078897
weight,m,203,1.410179288,1222.894209,0.21139984
length,f,203,1,37.05885364,0.066630136
hc,f,203,1,26.00595327,0.054331822
length,m,203,1,37.82034121,0.06512651
hc,m,203,1,26.58538485,0.053483051
weight,f,204,1.260875326,1172.554027,0.230568951
weight,m,204,1.413118121,1245.146309,0.211627848
length,f,204,1,37.25673554,0.066620991
hc,f,204,1,26.1402664,0.054221308
length,m,204,1,38.01725693,0.064956127
hc,m,204,1,26.72101106,0.053348123
weight,f,205,1.256165965,1193.67271,0.23095785
weight,m,205,1.415270982,1267.841812,0.211779573
length,f,205,1,37.45487387,0.066601615
hc,f,205,1,26.27465153,0.054107511
length,m,205,1,38.2143664,0.064778051
hc,m,205,1,26.85645606,0.053211925
weight,f,206,1.250466807,1215.206607,0.231244333
weight,m,206,1.416624867,1290.990234,0.21185509
length,f,206,1,37.65327283,0.06657184
hc,f,206,1,26.40910985,0.053990375
length,m,206,1,38.41168648,0.06459261
hc,m,206,1,26.99171687,0.053074435
weight,f,207,1.243809018,1237.166187,0.231427138
weight,m,207,1.417166774,1314.601093,0.211854474
length,f,207,1,37.85193664,0.066531497
hc,f,207,1,26.54364253,0.053869848
length,m,207,1,38.60923404,0.064400133
hc,m,207,1,27.12679051,0.052935634
weight,f,208,1.23622377,1259.561898,0.231504992
weight,m,208,1.416883707,1338.683898,0.2117778
length,f,208,1,38.05086954,0.066480418
hc,f,208,1,26.67825078,0.053745875
length,m,208,1,38.80702591,0.064200946
hc,m,208,1,27.26167399,0.0527955
weight,f,209,1.227742229,1282.404164,0.231476616
weight,m,209,1.415762676,1363.248151,0.211625146
length,f,209,1,38.25007577,0.066418432
hc,f,209,1,26.81293578,0.053618402
length,m,209,1,39.00507892,0.063995374
hc,m,209,1,27.39636431,0.052654012
weight,f,210,1.218395566,1305.703411,0.23134073
weight,m,210,1.413790695,1388.303356,0.211396589
length,f,210,1,38.44955956,0.066345372
hc,f,210,1,26.94769871,0.053487374
length,m,210,1,39.20340988,0.063783742
hc,m,210,1,27.53085847,0.05251115
weight,f,211,1.208214949,1329.470063,0.231096053
weight,m,211,1.410954773,1413.859014,0.211092204
length,f,211,1,38.64932518,0.066261067
hc,f,211,1,27.08254079,0.053352738
length,m,211,1,39.40203562,0.063566375
hc,m,211,1,27.66515348,0.052366891
weight,f,212,1.197231548,1353.714544,0.230741305
weight,m,212,1.407241924,1439.924627,0.210712068
length,f,212,1,38.84937685,0.066165349
hc,f,212,1,27.21746319,0.053214438
length,m,212,1,39.60097296,0.063343598
hc,m,212,1,27.79924633,0.052221216
weight,f,213,1.18547653,1378.447279,0.230275206
weight,m,213,1.40263916,1466.509698,0.210256259
length,f,213,1,39.04971882,0.066058047
hc,f,213,1,27.3524671,0.05307242
length,m,213,1,39.80023871,0.063115736
hc,m,213,1,27.93313402,0.052074102
weight,f,214,1.172981065,1403.678183,0.229696603
weight,m,214,1.397134489,1493.623107,0.209724908
length,f,214,1,39.25035387,0.065939002
hc,f,214,1,27.48755274,0.052926633
length,m,214,1,39.99984788,0.06288311
hc,m,214,1,28.0668129,0.051925531
weight,f,215,1.159776322,1429.405418,0.22900728
weight,m,215,1.39073889,1521.259421,0.209119446
length,f,215,1,39.45125096,0.065808264
hc,f,215,1,27.62269768,0.052777099
length,m,215,1,40.19977368,0.06264595
hc,m,215,1,28.20026393,0.05177551
weight,f,216,1.145893469,1455.6154,0.228211956
weight,m,216,1.383486303,1549.398895,0.208442597
length,f,216,1,39.65234522,0.06566609
hc,f,216,1,27.75785685,0.05262391
length,m,216,1,40.39994756,0.062404394
hc,m,216,1,28.33345275,0.051624071
weight,f,217,1.131363676,1482.294034,0.227315477
weight,m,217,1.375411671,1578.021161,0.207697145
length,f,217,1,39.85357032,0.065512751
hc,f,217,1,27.8929842,0.052467163
length,m,217,1,40.60029911,0.062158575
hc,m,217,1,28.46634433,0.05147125
weight,f,218,1.116218112,1509.427223,0.226322692
weight,m,218,1.366549934,1607.105852,0.20688587
length,f,218,1,40.05485993,0.065348513
hc,f,218,1,28.02803369,0.052306955
length,m,218,1,40.80075796,0.061908629
hc,m,218,1,28.59890363,0.051317082
weight,f,219,1.100487945,1537.000871,0.225238448
weight,m,219,1.356936034,1636.632599,0.206011554
length,f,219,1,40.25614773,0.065173645
hc,f,219,1,28.16295926,0.052143381
length,m,219,1,41.00125372,0.061654689
hc,m,219,1,28.7310956,0.051161603
weight,f,220,1.084204344,1565.000884,0.224067591
weight,m,220,1.34660491,1666.581036,0.20507698
length,f,220,1,40.45736737,0.064988416
hc,f,220,1,28.29771487,0.051976539
length,m,220,1,41.20171602,0.06139689
hc,m,220,1,28.86288521,0.051004846
weight,f,221,1.067398478,1593.413164,0.222814969
weight,m,221,1.335591504,1696.930794,0.204084929
length,f,221,1,40.65845253,0.064793094
hc,f,221,1,28.43225446,0.051806524
length,m,221,1,41.40207445,0.061135365
hc,m,221,1,28.99423743,0.050846848
weight,f,222,1.050101517,1622.223623,0.221485428
weight,m,222,1.323930758,1727.661506,0.203038183
length,f,222,1,40.85933689,0.064587947
hc,f,222,1,28.566532,0.051633434
length,m,222,1,41.60225865,0.060870249
hc,m,222,1,29.12511721,0.050687642
weight,f,223,1.032344628,1651.418176,0.220083814
weight,m,223,1.311657613,1758.752803,0.201939524
length,f,223,1,41.0599541,0.064373242
hc,f,223,1,28.70050143,0.051457364
length,m,223,1,41.80219821,0.060601676
hc,m,223,1,29.25548952,0.050527265
weight,f,224,1.014158981,1680.982739,0.218614973
weight,m,224,1.298807012,1790.184316,0.200791734
length,f,224,1,41.26023785,0.06414925
hc,f,224,1,28.83411671,0.051278412
length,m,224,1,42.00182276,0.06032978
hc,m,224,1,29.38531931,0.05036575
weight,f,225,0.995575745,1710.90323,0.21708375
weight,m,225,1.285413897,1821.935677,0.199597596
length,f,225,1,41.46012179,0.063916237
hc,f,225,1,28.96733178,0.051096673
length,m,225,1,42.2010619,0.060054695
hc,m,225,1,29.51457156,0.050203133
weight,f,226,0.976626089,1741.165564,0.215494993
weight,m,226,1.271513209,1853.986517,0.198359891
length,f,226,1,41.65953962,0.063674471
hc,f,226,1,29.10010059,0.050912244
length,m,226,1,42.39984525,0.059776554
hc,m,226,1,29.64321122,0.05003945
weight,f,227,0.957341181,1771.755659,0.213853546
weight,m,227,1.257139892,1886.316466,0.1970814
length,f,227,1,41.85842499,0.063424222
hc,f,227,1,29.23237711,0.050725221
length,m,227,1,42.59810242,0.059495492
hc,m,227,1,29.77120325,0.049874734
weight,f,228,0.937752191,1802.659428,0.212164255
weight,m,228,1.242328886,1918.905158,0.195764907
length,f,228,1,42.05671157,0.063165757
hc,f,228,1,29.36411528,0.050535701
length,m,228,1,42.79576302,0.059211643
hc,m,228,1,29.89851261,0.049709021
weight,f,229,0.917890287,1833.86276,0.210431966
weight,m,229,1.227115134,1951.732222,0.194413194
length,f,229,1,42.25433305,0.062899345
hc,f,229,1,29.49526905,0.05034378
length,m,229,1,42.99275667,0.058925141
hc,m,229,1,30.02510427,0.049542346
weight,f,230,0.897786638,1865.351515,0.208661526
weight,m,230,1.211533577,1984.77729,0.193029041
length,f,230,1,42.45122308,0.062625253
hc,f,230,1,29.62579237,0.050149555
length,m,230,1,43.18901297,0.058636119
hc,m,230,1,30.15094319,0.049374744
weight,f,231,0.877472413,1897.111553,0.206857781
weight,m,231,1.195619158,2018.019995,0.191615231
length,f,231,1,42.64731534,0.06234375
hc,f,231,1,29.7556392,0.049953122
length,m,231,1,43.38446154,0.058344712
hc,m,231,1,30.27599432,0.04920625
weight,f,232,0.856978782,1929.128731,0.205025576
weight,m,232,1.179406818,2051.439968,0.190174547
length,f,232,1,42.8425435,0.062055104
hc,f,232,1,29.88476349,0.049754578
length,m,232,1,43.579032,0.058051053
hc,m,232,1,30.40022263,0.049036899
weight,f,233,0.836336912,1961.388911,0.203169759
weight,m,233,1.162931499,2085.01684,0.188709769
length,f,233,1,43.03684123,0.061759584
hc,f,233,1,30.0131192,0.049554019
length,m,233,1,43.77265395,0.057755278
hc,m,233,1,30.52359309,0.048866725
weight,f,234,0.815577973,1993.87795,0.201295175
weight,m,234,1.146228142,2118.730243,0.18722368
length,f,234,1,43.23014221,0.061457457
hc,f,234,1,30.14066026,0.049351541
length,m,234,1,43.96525701,0.05745752
hc,m,234,1,30.64607064,0.048695765
weight,f,235,0.794733134,2026.581712,0.19940667
weight,m,235,1.12933169,2152.559809,0.185719063
length,f,235,1,43.42238009,0.061148992
hc,f,235,1,30.26734063,0.04914724
length,m,235,1,44.1567708,0.057157912
hc,m,235,1,30.76762027,0.048524052
weight,f,236,0.773833563,2059.486165,0.197509091
weight,m,236,1.112277084,2186.485169,0.184198698
length,f,236,1,43.61348856,0.060834457
hc,f,236,1,30.39311427,0.048941215
length,m,236,1,44.34712492,0.056856589
hc,m,236,1,30.88820691,0.048351622
weight,f,237,0.75291043,2092.57738,0.195607284
weight,m,237,1.095099266,2220.485955,0.182665368
length,f,237,1,43.80340128,0.06051412
hc,f,237,1,30.51793513,0.048733559
length,m,237,1,44.53624898,0.056553685
hc,m,237,1,31.00779555,0.048178509
weight,f,238,0.731994904,2125.841433,0.193706094
weight,m,238,1.077833178,2254.541798,0.181121855
length,f,238,1,43.99205193,0.06018825
hc,f,238,1,30.64175716,0.048524371
length,m,238,1,44.72407261,0.056249335
hc,m,238,1,31.12635114,0.04800475
weight,f,239,0.711118152,2159.2644,0.191810368
weight,m,239,1.060513761,2288.632329,0.17957094
length,f,239,1,44.17937418,0.059857114
hc,f,239,1,30.76453431,0.048313747
length,m,239,1,44.91052542,0.055943671
hc,m,239,1,31.24383863,0.047830378
weight,f,240,0.690311345,2192.832356,0.189924953
weight,m,240,1.043175959,2322.737181,0.178015407
length,f,240,1,44.36530168,0.059520982
hc,f,240,1,30.88622053,0.048101782
length,m,240,1,45.09553701,0.055636828
hc,m,240,1,31.360223,0.047655429
weight,f,241,0.669605651,2226.531378,0.188054693
weight,m,241,1.025854711,2356.835985,0.176458036
length,f,241,1,44.54976813,0.05918012
hc,f,241,1,31.00676977,0.047888575
length,m,241,1,45.279037,0.05532894
hc,m,241,1,31.47546921,0.047479938
weight,f,242,0.649032239,2260.347524,0.186204435
weight,m,242,1.008584961,2390.908372,0.17490161
length,f,242,1,44.73270718,0.058834798
hc,f,242,1,31.12613599,0.047674219
length,m,242,1,45.46095501,0.055020141
hc,m,242,1,31.5895422,0.04730394
weight,f,243,0.628622278,2294.266465,0.184379026
weight,m,243,0.99140165,2424.933974,0.173348911
length,f,243,1,44.91405252,0.058485284
hc,f,243,1,31.24427314,0.047458814
length,m,243,1,45.64122064,0.054710566
hc,m,243,1,31.70240696,0.047127469
weight,f,244,0.608406937,2328.273485,0.182583311
weight,m,244,0.97433972,2458.892423,0.171802721
length,f,244,1,45.0937378,0.058131845
hc,f,244,1,31.36113516,0.047242454
length,m,244,1,45.81976351,0.054400347
hc,m,244,1,31.81402844,0.04695056
weight,f,245,0.588417384,2362.35385,0.180822137
weight,m,245,0.957434112,2492.763349,0.170265821
length,f,245,1,45.2716967,0.05777475
hc,f,245,1,31.47667602,0.047025236
length,m,245,1,45.99651323,0.054089619
hc,m,245,1,31.92437159,0.04677325
weight,f,246,0.568684789,2396.492826,0.17910035
weight,m,246,0.940719769,2526.526385,0.168740994
length,f,246,1,45.4478629,0.057414267
hc,f,246,1,31.59084966,0.046807257
length,m,246,1,46.17139942,0.053778517
hc,m,246,1,32.03340139,0.046595572
weight,f,247,0.549240321,2430.67568,0.177422795
weight,m,247,0.924231633,2560.161163,0.167231021
length,f,247,1,45.62217006,0.057050665
hc,f,247,1,31.70361004,0.046588613
length,m,247,1,46.34435168,0.053467173
hc,m,247,1,32.14108279,0.046417562
weight,f,248,0.530115147,2464.887677,0.175794319
weight,m,248,0.908004644,2593.647313,0.165738685
length,f,248,1,45.79455185,0.056684212
hc,f,248,1,31.8149111,0.0463694
length,m,248,1,46.51529963,0.053155723
hc,m,248,1,32.24738075,0.046239254
weight,f,249,0.511340439,2499.113677,0.17421964
weight,m,249,0.892072918,2626.964467,0.164266719
length,f,249,1,45.9649441,0.056315176
hc,f,249,1,31.92470827,0.046149715
length,m,249,1,46.6841755,0.0528443
hc,m,249,1,32.35226159,0.046060684
weight,f,250,0.492947363,2533.329193,0.172700523
weight,m,250,0.876451515,2660.092257,0.162816735
length,f,250,1,46.13333229,0.055943824
hc,f,250,1,32.03299063,0.045929655
length,m,250,1,46.85097149,0.052533029
hc,m,250,1,32.45572237,0.045881887
weight,f,251,0.474967089,2567.500387,0.171235781
weight,m,251,0.861136447,2693.010314,0.161389224
length,f,251,1,46.29975157,0.055570426
hc,f,251,1,32.13978097,0.045709315
length,m,251,1,47.0157398,0.05222203
hc,m,251,1,32.55779097,0.045702897
weight,f,252,0.457430787,2601.593015,0.1698241
weight,m,252,0.846122897,2725.69827,0.15998463
length,f,252,1,46.4642392,0.05519525
hc,f,252,1,32.24510352,0.045488793
length,m,252,1,47.17853523,0.051911419
hc,m,252,1,32.65849659,0.04552375
weight,f,253,0.440369624,2635.572834,0.168464165
weight,m,253,0.831406048,2758.135756,0.158603394
length,f,253,1,46.6268325,0.054818563
hc,f,253,1,32.34898253,0.045268184
length,m,253,1,47.3394126,0.051601315
hc,m,253,1,32.75786845,0.04534448
weight,f,254,0.42381477,2669.405601,0.16715466
weight,m,254,0.816981081,2790.302405,0.157245959
length,f,254,1,46.78756875,0.054440635
hc,f,254,1,32.45144224,0.045047586
length,m,254,1,47.49842671,0.051291836
hc,m,254,1,32.85593575,0.045165123
weight,f,255,0.407797394,2703.057072,0.165894271
weight,m,255,0.80284318,2822.177847,0.155912768
length,f,255,1,46.94648524,0.054061733
hc,f,255,1,32.55250689,0.044827094
length,m,255,1,47.65563237,0.050983099
hc,m,255,1,32.9527277,0.044985714
weight,f,256,0.39234779,2736.492769,0.164681682
weight,m,256,0.788987528,2853.74259,0.154604264
length,f,256,1,47.10361926,0.053682125
hc,f,256,1,32.65220071,0.044606805
length,m,256,1,47.81108438,0.050675223
hc,m,256,1,33.04827351,0.044806286
weight,f,257,0.377476162,2769.67281,0.163515579
weight,m,257,0.775409306,2884.997289,0.153320889
length,f,257,1,47.25900811,0.053302079
hc,f,257,1,32.75054795,0.044386815
length,m,257,1,47.96483755,0.050368325
hc,m,257,1,33.14260238,0.044626877
weight,f,258,0.363172618,2802.551911,0.162394646
weight,m,258,0.762103699,2915.962748,0.152063086
length,f,258,1,47.41268907,0.052921865
hc,f,258,1,32.84757286,0.044167221
length,m,258,1,48.1169467,0.050062523
hc,m,258,1,33.23574352,0.04444752
weight,f,259,0.349426394,2835.084551,0.161317569
weight,m,259,0.749065888,2946.660647,0.150831297
length,f,259,1,47.56469943,0.05254175
hc,f,259,1,32.94329966,0.04394812
length,m,259,1,48.26746662,0.049757935
hc,m,259,1,33.32772614,0.04426825
weight,f,260,0.336226724,2867.225211,0.160283032
weight,m,260,0.736291056,2977.112664,0.149625965
length,f,260,1,47.7150765,0.052162002
hc,f,260,1,33.0377526,0.043729607
length,m,260,1,48.41645212,0.049454678
hc,m,260,1,33.41857944,0.044089103
weight,f,261,0.323562846,2898.928371,0.15928972
weight,m,261,0.723774386,3007.340479,0.148447533
length,f,261,1,47.86385755,0.05178289
hc,f,261,1,33.13095593,0.043511779
length,m,261,1,48.56395801,0.049152872
hc,m,261,1,33.50833264,0.043910113
weight,f,262,0.311423993,2930.148511,0.158336319
weight,m,262,0.711511061,3037.365771,0.147296443
length,f,262,1,48.01107988,0.051404681
hc,f,262,1,33.22293388,0.043294733
length,m,262,1,48.71003909,0.048852633
hc,m,262,1,33.59701495,0.043731316
weight,f,263,0.299799402,2960.841219,0.157421514
weight,m,263,0.699496263,3067.21022,0.146173137
length,f,263,1,48.15678079,0.051027645
hc,f,263,1,33.31371069,0.043078565
length,m,263,1,48.85475018,0.04855408
hc,m,263,1,33.68465556,0.043552746
weight,f,264,0.288678308,2990.987548,0.156543989
weight,m,264,0.687725175,3096.895506,0.145078059
length,f,264,1,48.30099755,0.050652049
hc,f,264,1,33.4033106,0.042863372
length,m,264,1,48.99814608,0.04825733
hc,m,264,1,33.77128368,0.043374438
weight,f,265,0.278049946,3020.594019,0.155702429
weight,m,265,0.67619298,3126.443306,0.144011651
length,f,265,1,48.44376747,0.050278161
hc,f,265,1,33.49175786,0.042649249
length,m,265,1,49.1402816,0.047962501
hc,m,265,1,33.85692853,0.043196428
weight,f,266,0.267903553,3049.66826,0.15489552
weight,m,266,0.66489486,3155.875301,0.142974356
length,f,266,1,48.58512784,0.04990625
hc,f,266,1,33.5790767,0.042436293
length,m,266,1,49.28121154,0.047669712
hc,m,266,1,33.94161932,0.04301875
weight,f,267,0.258228362,3078.217898,0.154121946
weight,m,267,0.653825998,3185.213171,0.141966615
length,f,267,1,48.72511594,0.049536584
hc,f,267,1,33.66529137,0.042224602
length,m,267,1,49.42099071,0.047379079
hc,m,267,1,34.02538524,0.04284144
weight,f,268,0.24901361,3106.250562,0.153380392
weight,m,268,0.642981577,3214.478594,0.140988873
length,f,268,1,48.86376907,0.049169431
hc,f,268,1,33.75042611,0.04201427
length,m,268,1,49.55967392,0.047090721
hc,m,268,1,34.10825551,0.042664531
weight,f,269,0.240248532,3133.773878,0.152669544
weight,m,269,0.632356779,3243.693249,0.140041571
length,f,269,1,49.00112452,0.048805059
hc,f,269,1,33.83450515,0.041805395
length,m,269,1,49.69731597,0.046804756
hc,m,269,1,34.19025933,0.04248806
weight,f,270,0.231922364,3160.796583,0.151988086
weight,m,270,0.621946788,3272.878817,0.139125152
length,f,270,1,49.13721958,0.048443737
hc,f,270,1,33.91755274,0.041598074
length,m,270,1,49.83397168,0.046521302
hc,m,270,1,34.27142592,0.042312062
weight,f,271,0.22402434,3187.352877,0.151334703
weight,m,271,0.611746785,3302.056977,0.138240059
length,f,271,1,49.27209155,0.048085733
hc,f,271,1,33.99959312,0.041392401
length,m,271,1,49.96969584,0.046240476
hc,m,271,1,34.35178447,0.042136571
weight,f,272,0.216543698,3213.502428,0.150708081
weight,m,272,0.601751954,3331.249407,0.137386734
length,f,272,1,49.4057777,0.047731314
hc,f,272,1,34.08065053,0.041188475
length,m,272,1,50.10454327,0.045962396
hc,m,272,1,34.4313642,0.041961622
weight,f,273,0.209469671,3239.306012,0.150106904
weight,m,273,0.591957477,3360.477788,0.13656562
length,f,273,1,49.53831534,0.04738075
hc,f,273,1,34.1607492,0.040986391
length,m,273,1,50.23856877,0.045687181
hc,m,273,1,34.51019432,0.04178725
weight,f,274,0.202791496,3264.824403,0.149529858
weight,m,274,0.582358537,3389.763799,0.13577716
length,f,274,1,49.66974176,0.047034308
hc,f,274,1,34.23991339,0.040786246
length,m,274,1,50.37182715,0.045414948
hc,m,274,1,34.58830403,0.041613491
weight,f,275,0.196498409,3290.118378,0.148975626
weight,m,275,0.572950316,3419.129118,0.135021795
length,f,275,1,49.80009424,0.046692257
hc,f,275,1,34.31816733,0.040588136
length,m,275,1,50.50437322,0.045145814
hc,m,275,1,34.66572253,0.041440378
weight,f,276,0.190579644,3315.248711,0.148442895
weight,m,276,0.563727998,3448.595426,0.13429997
length,f,276,1,49.92941008,0.046354865
hc,f,276,1,34.39553526,0.040392157
length,m,276,1,50.63626177,0.044879899
hc,m,276,1,34.74247905,0.041267948
weight,f,277,0.185024438,3340.275942,0.14793035
weight,m,277,0.554686765,3478.184401,0.133612125
length,f,277,1,50.05772657,0.0460224
hc,f,277,1,34.47204142,0.040198407
length,m,277,1,50.76754763,0.044617319
hc,m,277,1,34.81860277,0.041096235
weight,f,278,0.179822026,3365.25521,0.147436674
weight,m,278,0.545821799,3507.917724,0.132958705
length,f,278,1,50.18508099,0.04569513
hc,f,278,1,34.54771005,0.040006981
length,m,278,1,50.8982856,0.044358193
hc,m,278,1,34.89412292,0.040925275
weight,f,279,0.174961642,3390.236247,0.146960554
weight,m,279,0.537128284,3537.817073,0.132340151
length,f,279,1,50.31151066,0.045373324
hc,f,279,1,34.6225654,0.039817976
length,m,279,1,51.02853048,0.044102638
hc,m,279,1,34.9690687,0.040755101
weight,f,280,0.170432523,3415.268552,0.146500674
weight,m,280,0.528601402,3567.904128,0.131756907
length,f,280,1,50.43705284,0.04505725
hc,f,280,1,34.6966317,0.039631489
length,m,280,1,51.15833708,0.043850773
hc,m,280,1,35.04346932,0.04058575
weight,f,281,0.166223902,3440.401625,0.146055719
weight,m,281,0.520236336,3598.200568,0.131209414
length,f,281,1,50.56174484,0.044747176
hc,f,281,1,34.7699332,0.039447615
length,m,281,1,51.2877602,0.043602715
hc,m,281,1,35.11735398,0.040417256
weight,f,282,0.162325015,3465.684964,0.145624374
weight,m,282,0.512028268,3628.728073,0.130698115
length,f,282,1,50.68562394,0.04444337
hc,f,282,1,34.84249413,0.039266452
length,m,282,1,51.41685467,0.043358582
hc,m,282,1,35.19075189,0.040249654
weight,f,283,0.158725096,3491.168068,0.145205325
weight,m,283,0.503972381,3659.508322,0.130223454
length,f,283,1,50.80872745,0.0441461
hc,f,283,1,34.91433874,0.039088096
length,m,283,1,51.54567527,0.043118492
hc,m,283,1,35.26369226,0.040082979
weight,f,284,0.155413382,3516.899201,0.144797277
weight,m,284,0.496063923,3690.56229,0.129785829
length,f,284,1,50.93109207,0.043855627
hc,f,284,1,34.98549096,0.038912639
length,m,284,1,51.67427546,0.042882559
hc,m,284,1,35.33620382,0.039917265
weight,f,285,0.152379107,3542.898234,0.144399431
weight,m,285,0.488299647,3721.894757,0.129384655
length,f,285,1,51.05274161,0.043572036
hc,f,285,1,35.05596778,0.03874011
length,m,285,1,51.8026775,0.04265082
hc,m,285,1,35.40830411,0.039752523
weight,f,286,0.14961151,3569.156641,0.144011478
weight,m,286,0.480677808,3753.494308,0.129018362
length,f,286,1,51.17368691,0.043295235
hc,f,286,1,35.1257792,0.03857047
length,m,286,1,51.93087245,0.042423233
hc,m,286,1,35.47999954,0.039588739
weight,f,287,0.147099826,3595.664661,0.143633134
weight,m,287,0.473196729,3785.348823,0.128685336
length,f,287,1,51.29393824,0.043025125
hc,f,287,1,35.19493494,0.038403675
length,m,287,1,52.05885,0.04219975
hc,m,287,1,35.55129602,0.0394259
weight,f,288,0.144833294,3622.412536,0.143264112
weight,m,288,0.46585473,3817.44618,0.128383963
length,f,288,1,51.41350589,0.042761607
hc,f,288,1,35.26344472,0.038239684
length,m,288,1,52.18659986,0.041980327
hc,m,288,1,35.62219946,0.039263992
weight,f,289,0.142801151,3649.390505,0.142904127
weight,m,289,0.458650133,3849.774262,0.128112629
length,f,289,1,51.53240013,0.042504581
hc,f,289,1,35.33131825,0.038078454
length,m,289,1,52.31411173,0.041764918
hc,m,289,1,35.69271576,0.039103
weight,f,290,0.140992633,3676.588809,0.142552893
weight,m,290,0.451581261,3882.320948,0.127869722
length,f,290,1,51.65063126,0.042253949
hc,f,290,1,35.39856524,0.037919944
length,m,290,1,52.44137531,0.041553477
hc,m,290,1,35.76285084,0.03894291
weight,f,291,0.139396977,3703.997671,0.142210123
weight,m,291,0.444646433,3915.074118,0.127653627
length,f,291,1,51.76820954,0.042009612
hc,f,291,1,35.46519541,0.037764111
length,m,291,1,52.5683803,0.041345959
hc,m,291,1,35.83261061,0.03878371
weight,f,292,0.138003418,3731.606927,0.141875534
weight,m,292,0.437843973,3948.021652,0.12746273
length,f,292,1,51.88514527,0.04177147
hc,f,292,1,35.53121846,0.037610914
length,m,292,1,52.6951164,0.041142317
hc,m,292,1,35.90200098,0.038625384
weight,f,293,0.136801183,3759.406025,0.141548837
weight,m,293,0.431172201,3981.151432,0.127295419
length,f,293,1,52.00144872,0.041539424
hc,f,293,1,35.59664412,0.037460309
length,m,293,1,52.82157333,0.040942506
hc,m,293,1,35.97102786,0.038467919
weight,f,294,0.135779503,3787.384395,0.141229749
weight,m,294,0.42462944,4014.451338,0.127150079
length,f,294,1,52.11713017,0.041313375
hc,f,294,1,35.6614821,0.037312256
length,m,294,1,52.94774077,0.040746481
hc,m,294,1,36.03969716,0.0383113
weight,f,295,0.134927606,3815.53147,0.140917982
weight,m,295,0.41821401,4047.909251,0.127025096
length,f,295,1,52.2321999,0.041093224
hc,f,295,1,35.72574211,0.037166711
length,m,295,1,53.07360843,0.040554195
hc,m,295,1,36.10801479,0.038155514
weight,f,296,0.134234722,3843.83668,0.140613252
weight,m,296,0.411924233,4081.513052,0.126918857
length,f,296,1,52.3466682,0.040878872
hc,f,296,1,35.78943387,0.037023632
length,m,296,1,53.19916601,0.040365602
hc,m,296,1,36.17598666,0.038000547
weight,f,297,0.133690079,3872.289458,0.140315272
weight,m,297,0.40575843,4115.250622,0.126829748
length,f,297,1,52.46054535,0.04067022
hc,f,297,1,35.85256708,0.036882978
length,m,297,1,53.32440322,0.040180657
hc,m,297,1,36.24361868,0.037846384
weight,f,298,0.133282907,3900.879237,0.140023757
weight,m,298,0.399714924,4149.109841,0.126756156
length,f,298,1,52.57384162,0.040467168
hc,f,298,1,35.91515147,0.036744705
length,m,298,1,53.44930975,0.039999315
hc,m,298,1,36.31091676,0.037693012
weight,f,299,0.133002451,3929.595558,0.139738421
weight,m,299,0.393792036,4183.078589,0.126696466
length,f,299,1,52.68656731,0.040269618
hc,f,299,1,35.97719675,0.036608773
length,m,299,1,53.57387531,0.039821528
hc,m,299,1,36.37788681,0.037540417
weight,f,300,0.132837969,3958.42806,0.139458977
weight,m,300,0.387988088,4217.144745,0.126649066
length,f,300,1,52.79873268,0.04007747
hc,f,300,1,36.03871262,0.036475139
length,m,300,1,53.6980896,0.039647253
hc,m,300,1,36.44453475,0.037388584
weight,f,301,0.132778719,3987.366391,0.139185141
weight,m,301,0.382301401,4251.296186,0.126612343
length,f,301,1,52.91034802,0.039890625
hc,f,301,1,36.09970881,0.03634376
length,m,301,1,53.82194232,0.039476442
hc,m,301,1,36.51086648,0.0372375
weight,f,302,0.132813962,4016.400196,0.138916627
weight,m,302,0.376730296,4285.520791,0.126584682
length,f,302,1,53.02142361,0.039708984
hc,f,302,1,36.16019503,0.036214595
length,m,302,1,53.94542316,0.039309051
hc,m,302,1,36.57688791,0.037087151
weight,f,303,0.132932956,4045.51912,0.138653148
weight,m,303,0.371273096,4319.806438,0.12656447
length,f,303,1,53.13196973,0.039532449
hc,f,303,1,36.22018099,0.036087602
length,m,303,1,54.06852184,0.039145033
hc,m,303,1,36.64260496,0.036937522
weight,f,304,0.133124959,4074.71281,0.138394419
weight,m,304,0.365928123,4354.141005,0.126550095
length,f,304,1,53.24199665,0.039360919
hc,f,304,1,36.2796764,0.035962737
length,m,304,1,54.19122806,0.038984342
hc,m,304,1,36.70802353,0.0367886
weight,f,305,0.13337923,4103.97091,0.138140155
weight,m,305,0.360693697,4388.51237,0.126539942
length,f,305,1,53.35151468,0.039194296
hc,f,305,1,36.33869097,0.03583996
length,m,305,1,54.3135315,0.038826934
hc,m,305,1,36.77314953,0.036640371
weight,f,306,0.133684971,4133.283042,0.137890069
weight,m,306,0.355568141,4422.908418,0.126532399
length,f,306,1,53.46053407,0.03903248
hc,f,306,1,36.39723443,0.035719227
length,m,306,1,54.43542189,0.038672762
hc,m,306,1,36.83798887,0.036492821
weight,f,307,0.134031331,4162.638802,0.137643875
weight,m,307,0.350549775,4457.317035,0.126525849
length,f,307,1,53.56906512,0.038875373
hc,f,307,1,36.45531649,0.035600497
length,m,307,1,54.55688891,0.03852178
hc,m,307,1,36.90254747,0.036345935
weight,f,308,0.134407459,4192.027788,0.137401289
weight,m,308,0.345636921,4491.726109,0.126518679
length,f,308,1,53.6771181,0.038722875
hc,f,308,1,36.51294686,0.035483728
length,m,308,1,54.67792228,0.038373942
hc,m,308,1,36.96683124,0.0361997
weight,f,309,0.134802501,4221.439596,0.137162023
weight,m,309,0.3408279,4526.123529,0.126509272
length,f,309,1,53.78470331,0.038574888
hc,f,309,1,36.57013525,0.035368877
length,m,309,1,54.79851169,0.038229204
hc,m,309,1,37.03084608,0.036054102
weight,f,310,0.135205605,4250.863822,0.136925793
weight,m,310,0.336121032,4560.497182,0.126496016
length,f,310,1,53.89183102,0.038431311
hc,f,310,1,36.62689139,0.035255902
length,m,310,1,54.91864686,0.038087519
hc,m,310,1,37.09459792,0.035909126
weight,f,311,0.135605918,4280.290063,0.136692312
weight,m,311,0.331514641,4594.834957,0.126477295
length,f,311,1,53.99851152,0.038292046
hc,f,311,1,36.68322498,0.035144761
length,m,311,1,55.03831749,0.037948841
hc,m,311,1,37.15809265,0.035764759
weight,f,312,0.135992597,4309.707915,0.136461295
weight,m,312,0.327007045,4629.124741,0.126451493
length,f,312,1,54.10475508,0.038156994
hc,f,312,1,36.73914575,0.035035412
length,m,312,1,55.15751328,0.037813125
hc,m,312,1,37.2213362,0.035620987
weight,f,313,0.136354996,4339.106966,0.136232455
weight,m,313,0.322596568,4663.354403,0.126417
length,f,313,1,54.21057199,0.038026056
hc,f,313,1,36.7946634,0.034927813
length,m,313,1,55.27622393,0.037680324
hc,m,313,1,37.28433447,0.035477796
weight,f,314,0.136682672,4368.476795,0.136005508
weight,m,314,0.318281533,4697.511797,0.126372206
length,f,314,1,54.31597252,0.037899132
hc,f,314,1,36.84978765,0.034821921
length,m,314,1,55.39443913,0.037550394
hc,m,314,1,37.34709336,0.035335172
weight,f,315,0.136965189,4397.806981,0.135780167
weight,m,315,0.314060262,4731.584772,0.1263155
length,f,315,1,54.42096695,0.037776124
hc,f,315,1,36.9045282,0.034717695
length,m,315,1,55.51214858,0.037423288
hc,m,315,1,37.40961879,0.0351931
weight,f,316,0.137192111,4427.087105,0.135556147
weight,m,316,0.309931079,4765.561181,0.126245275
length,f,316,1,54.52556555,0.037656933
hc,f,316,1,36.95889475,0.034615092
length,m,316,1,55.62934196,0.037298961
hc,m,316,1,37.47191667,0.035051567
weight,f,317,0.137353002,4456.306744,0.135333162
weight,m,317,0.305892307,4799.428875,0.12615992
length,f,317,1,54.6297786,0.037541458
hc,f,317,1,37.01289702,0.03451407
length,m,317,1,55.74600897,0.037177367
hc,m,317,1,37.53399289,0.034910559
weight,f,318,0.137437427,4485.455479,0.135110926
weight,m,318,0.301942268,4833.175705,0.126057827
length,f,318,1,54.73361636,0.037429602
hc,f,318,1,37.06654472,0.034414588
length,m,318,1,55.86213931,0.03705846
hc,m,318,1,37.59585337,0.034770061
weight,f,319,0.137434917,4514.523063,0.13488916
weight,m,319,0.29807927,4866.789759,0.125937447
length,f,319,1,54.83708913,0.037321265
hc,f,319,1,37.11984755,0.034316602
length,m,319,1,55.9777232,0.036942194
hc,m,319,1,37.65750401,0.034630061
weight,f,320,0.137334259,4543.503301,0.134667717
weight,m,320,0.294301239,4900.264542,0.125798671
length,f,320,1,54.94020717,0.037216349
hc,f,320,1,37.17281523,0.034220071
length,m,320,1,56.0927634,0.036828509
hc,m,320,1,37.71895072,0.034490543
weight,f,321,0.137123494,4572.394042,0.134446588
weight,m,321,0.290605724,4933.598979,0.125642822
length,f,321,1,55.04298081,0.037114752
hc,f,321,1,37.22545751,0.034124952
length,m,321,1,56.20727518,0.03671733
hc,m,321,1,37.78019944,0.034351494
weight,f,322,0.13679063,4601.193312,0.134225767
weight,m,322,0.286990255,4966.79223,0.125471287
length,f,322,1,55.14542034,0.037016378
hc,f,322,1,37.27778411,0.034031203
length,m,322,1,56.32127433,0.036608583
hc,m,322,1,37.84125609,0.0342129
weight,f,323,0.136323674,4629.899137,0.134005251
weight,m,323,0.283452364,4999.843455,0.125285453
length,f,323,1,55.24753607,0.036921125
hc,f,323,1,37.32980477,0.033938783
length,m,323,1,56.43477668,0.036502192
hc,m,323,1,37.90212658,0.034074747
weight,f,324,0.135710637,4658.509542,0.133785034
weight,m,324,0.279989583,5032.751814,0.125086706
length,f,324,1,55.34933829,0.036828895
hc,f,324,1,37.38152922,0.033847648
length,m,324,1,56.54779803,0.036398082
hc,m,324,1,37.96281684,0.03393702
weight,f,325,0.134939526,4687.022555,0.133565112
weight,m,325,0.276599443,5065.516467,0.124876434
length,f,325,1,55.45083733,0.036739588
hc,f,325,1,37.43296721,0.033757756
length,m,325,1,56.66035419,0.036296179
hc,m,325,1,38.02333281,0.033799707
weight,f,326,0.13399847,4715.43619,0.13334548
weight,m,326,0.273279475,5098.136563,0.124656025
length,f,326,1,55.55204346,0.036653105
hc,f,326,1,37.48412846,0.033669066
length,m,326,1,56.77246097,0.036196407
hc,m,326,1,38.08368038,0.033662791
weight,f,327,0.132878381,4743.748247,0.133126134
weight,m,327,0.270027224,5130.611009,0.124426902
length,f,327,1,55.65296696,0.036569348
hc,f,327,1,37.53502266,0.033581535
length,m,327,1,56.88413409,0.036098691
hc,m,327,1,38.14386547,0.033526261
weight,f,328,0.131572954,4771.956304,0.132907069
weight,m,328,0.266840247,5162.938464,0.124190528
length,f,328,1,55.753618,0.036488217
hc,f,328,1,37.58565944,0.033495121
length,m,328,1,56.9953892,0.036002959
hc,m,328,1,38.20389394,0.033390101
weight,f,329,0.130076002,4800.057931,0.132688282
weight,m,329,0.263716101,5195.117581,0.123948364
length,f,329,1,55.8540068,0.036409615
hc,f,329,1,37.63604844,0.033409782
length,m,329,1,57.10624193,0.035909135
hc,m,329,1,38.26377163,0.033254299
weight,f,330,0.128381342,4828.050698,0.132469767
weight,m,330,0.260652344,5227.14701,0.123701873
length,f,330,1,55.95414354,0.036333443
hc,f,330,1,37.68619929,0.033325477
length,m,330,1,57.21670794,0.035817145
hc,m,330,1,38.32350442,0.033118839
weight,f,331,0.126482787,4855.932174,0.132251522
weight,m,331,0.257646533,5259.0254,0.123452516
length,f,331,1,56.05403842,0.036259603
hc,f,331,1,37.73612163,0.033242165
length,m,331,1,57.32680287,0.035726915
hc,m,331,1,38.38309817,0.032983709
weight,f,332,0.124374153,4883.699928,0.132033541
weight,m,332,0.254696225,5290.751405,0.123201756
length,f,332,1,56.15370163,0.036187996
hc,f,332,1,37.78582508,0.033159802
length,m,332,1,57.43654235,0.035638371
hc,m,332,1,38.44255874,0.032848894
weight,f,333,0.122048803,4911.351566,0.131815822
weight,m,333,0.251798976,5322.323713,0.122951049
length,f,333,1,56.25314338,0.036118525
hc,f,333,1,37.83531928,0.033078347
length,m,333,1,57.54594205,0.035551438
hc,m,333,1,38.50189199,0.03271438
weight,f,334,0.119489717,4938.885511,0.131598357
weight,m,334,0.248952294,5353.741925,0.122701717
length,f,334,1,56.35237407,0.036051089
hc,f,334,1,37.88461406,0.032997758
length,m,334,1,57.65501791,0.035466042
hc,m,334,1,38.5611039,0.032580154
weight,f,335,0.116669491,4966.301004,0.131381142
weight,m,335,0.246153642,5385.006554,0.122454946
length,f,335,1,56.45140428,0.035985586
hc,f,335,1,37.93371943,0.032917991
length,m,335,1,57.7637862,0.035382104
hc,m,335,1,38.62020056,0.0324462
weight,f,336,0.11356027,4993.597322,0.13116417
weight,m,336,0.24340048,5416.118152,0.122211917
length,f,336,1,56.55024462,0.035921913
hc,f,336,1,37.98264541,0.032839003
length,m,336,1,57.87226316,0.035299548
hc,m,336,1,38.67918807,0.032312505
weight,f,337,0.110134199,5020.773742,0.130947436
weight,m,337,0.240690269,5447.07727,0.12197381
length,f,337,1,56.6489057,0.035859969
hc,f,337,1,38.03140201,0.03276075
length,m,337,1,57.98046507,0.035218297
hc,m,337,1,38.73807251,0.032179054
weight,f,338,0.106363422,5047.829539,0.130730932
weight,m,338,0.238020468,5477.884459,0.121741806
length,f,338,1,56.7473981,0.035799651
hc,f,338,1,38.07999924,0.032683188
length,m,338,1,58.0884082,0.035138273
hc,m,338,1,38.79685999,0.032045833
weight,f,339,0.102220084,5074.763992,0.130514653
weight,m,339,0.235388538,5508.540271,0.121517085
length,f,339,1,56.84573243,0.035740857
hc,f,339,1,38.12844712,0.032606275
length,m,339,1,58.1961088,0.035059399
hc,m,339,1,38.8555566,0.031912827
weight,f,340,0.097682692,5101.576243,0.130298593
weight,m,340,0.232791947,5539.04511,0.121300851
length,f,340,1,56.94391927,0.035683486
hc,f,340,1,38.17675564,0.032529967
length,m,340,1,58.30358309,0.034981598
hc,m,340,1,38.91416841,0.031780022
weight,f,341,0.092876069,5128.262384,0.13008275
weight,m,341,0.230228336,5569.395981,0.121094808
length,f,341,1,57.04196844,0.035627441
hc,f,341,1,38.22493409,0.032454223
length,m,341,1,58.41084617,0.0349048
hc,m,341,1,38.97270108,0.031647403
weight,f,342,0.08807136,5154.815452,0.129867124
weight,m,342,0.22769552,5599.586488,0.120901168
length,f,342,1,57.13988908,0.035572636
hc,f,342,1,38.2729911,0.032379007
length,m,342,1,58.51791205,0.034828937
hc,m,342,1,39.03115986,0.03151496
weight,f,343,0.083546067,5181.228351,0.129651717
weight,m,343,0.225191323,5629.61009,0.120722161
length,f,343,1,57.23769028,0.035518983
hc,f,343,1,38.32093526,0.03230428
length,m,343,1,58.62479465,0.034753943
hc,m,343,1,39.08954996,0.03138268
weight,f,344,0.079577695,5207.493987,0.129436529
weight,m,344,0.222713565,5659.460243,0.12056002
length,f,344,1,57.33538111,0.035466393
hc,f,344,1,38.36877514,0.032230006
length,m,344,1,58.73150793,0.034679752
hc,m,344,1,39.14787663,0.03125055
weight,f,345,0.076443749,5233.605264,0.129221563
weight,m,345,0.220260071,5689.130406,0.120416976
length,f,345,1,57.43297067,0.03541478
hc,f,345,1,38.41651933,0.032156147
length,m,345,1,58.83806583,0.034606298
hc,m,345,1,39.20614507,0.031118557
weight,f,346,0.074421732,5259.555087,0.12900682
weight,m,346,0.217828663,5718.614036,0.120295261
length,f,346,1,57.53046804,0.035364056
hc,f,346,1,38.46417643,0.032082666
length,m,346,1,58.9444823,0.034533515
hc,m,346,1,39.26436052,0.03098669
weight,f,347,0.073774271,5285.337533,0.128792299
weight,m,347,0.215417097,5747.905895,0.120196914
length,f,347,1,57.6278826,0.035314131
hc,f,347,1,38.51175528,0.032009525
length,m,347,1,59.05077169,0.034461334
hc,m,347,1,39.32252835,0.030854936
weight,f,348,0.074421807,5310.97364,0.128577969
weight,m,348,0.213021595,5777.030762,0.120119525
length,f,348,1,57.7252301,0.035264851
hc,f,348,1,38.55927077,0.031936659
length,m,348,1,59.15695821,0.034389642
hc,m,348,1,39.38065764,0.030723273
weight,f,349,0.075942591,5336.511405,0.128363768
weight,m,349,0.210636847,5806.043431,0.120056237
length,f,349,1,57.82253272,0.035216005
hc,f,349,1,38.60674386,0.031863977
length,m,349,1,59.26307586,0.034318276
hc,m,349,1,39.43876112,0.030591671
weight,f,350,0.0779,5362,0.12814963
weight,m,350,0.208257477,5835,0.12
length,f,350,1,57.9198129,0.035167375
hc,f,350,1,38.65419574,0.031791387
length,m,350,1,59.36915908,0.034247073
hc,m,350,1,39.4968517,0.0304601
