date,RSI
2000-05-30,44.4444
2000-05-31,44.886
2000-06-01,48.343
2000-06-02,51.58
2000-06-05,50.6317
2000-06-06,49.7525
2000-06-07,51.1347
2000-06-08,50.3056
2000-06-09,49.8457
2000-06-12,47.3401
2000-06-13,51.4072
2000-06-14,51.7678
2000-06-15,52.2342
2000-06-16,49.7047
2000-06-19,52.6039
2000-06-20,51.7149
2000-06-21,51.6069
2000-06-22,47.8218
2000-06-23,45.855
2000-06-26,49.1307
2000-06-27,47.3811
2000-06-28,48.1141
2000-06-29,45.8393
2000-06-30,47.9017
2000-07-03,51.4595
2000-07-05,46.9748
2000-07-06,48.958
2000-07-07,52.827
2000-07-10,52.3811
2000-07-11,52.9041
2000-07-12,54.5336
2000-07-13,55.6282
2000-07-14,58.01
2000-07-17,57.4574
2000-07-18,54.7469
2000-07-19,52.2196
2000-07-20,55.8938
2000-07-21,50.1161
2000-07-24,48.5972
2000-07-25,49.4924
2000-07-26,46.8583
2000-07-27,45.9626
2000-07-28,40.6016
2000-07-31,42.5498
2000-08-01,44.403
2000-08-02,45.9116
2000-08-03,47.9789
2000-08-04,49.5643
2000-08-07,52.9455
2000-08-08,53.9891
2000-08-09,51.3262
2000-08-10,49.8383
2000-08-11,51.2609
2000-08-14,54.9301
2000-08-15,54.6414
2000-08-16,53.3864
2000-08-17,56.4813
2000-08-18,55.2457
2000-08-21,56.86
2000-08-22,56.2034
2000-08-23,57.4322
2000-08-24,58.4022
2000-08-25,58.216
2000-08-28,59.3415
2000-08-29,59.4112
2000-08-30,54.8088
2000-08-31,59.369
2000-09-01,59.7035
2000-09-05,55.9243
2000-09-06,51.121
2000-09-07,54.2073
2000-09-08,51.4547
2000-09-11,50.8777
2000-09-12,48.043
2000-09-13,49.1089
2000-09-14,51.1352
2000-09-15,42.4907
2000-09-18,39.8718
2000-09-19,43.4549
2000-09-20,41.3256
2000-09-21,37.3851
2000-09-22,44.0022
2000-09-25,42.1385
2000-09-26,39.0275
2000-09-27,40.8959
2000-09-28,45.2384
2000-09-29,42.7715
2000-10-02,43.2893
2000-10-03,40.8964
2000-10-04,43.787
2000-10-05,44.9797
2000-10-06,39.4703
2000-10-09,37.8127
2000-10-10,34.4938
2000-10-11,32.9707
2000-10-12,29.0
2000-10-13,39.0638
2000-10-16,40.318
2000-10-17,36.0252
2000-10-18,35.4474
2000-10-19,44.8719
2000-10-20,45.8479
2000-10-23,46.8898
2000-10-24,45.5073
2000-10-25,41.0485
2000-10-26,41.7352
2000-10-27,46.2908
2000-10-30,48.3399
2000-10-31,52.0694
2000-11-01,51.2898
2000-11-02,51.6584
2000-11-03,51.7864
2000-11-06,53.4475
2000-11-07,53.3871
2000-11-08,47.6015
2000-11-09,46.7133
2000-11-10,41.4889
2000-11-13,40.0193
2000-11-14,46.6847
2000-11-15,47.4397
2000-11-16,44.149
2000-11-17,43.0927
2000-11-20,40.3875
2000-11-21,41.7426
2000-11-22,37.519
2000-11-24,42.626
2000-11-27,44.7156
2000-11-28,41.5702
2000-11-29,41.2444
2000-11-30,39.7287
2000-12-01,39.6458
2000-12-04,41.9412
2000-12-05,49.7625
2000-12-06,46.4459
2000-12-07,43.8495
2000-12-08,44.3994
2000-12-11,51.8022
2000-12-12,50.8926
2000-12-13,48.0641
2000-12-14,45.6159
2000-12-15,41.2341
2000-12-18,44.1111
2000-12-19,40.8588
2000-12-20,36.8723
2000-12-21,38.3437
2000-12-22,44.2984
2000-12-26,46.3115
2000-12-27,47.6828
2000-12-28,48.266
2000-12-29,44.9774
2001-01-02,42.1275
2001-01-03,50.6714
2001-01-04,48.8353
2001-01-05,44.0219
2001-01-08,45.3407
2001-01-09,44.8954
2001-01-10,47.9876
2001-01-11,48.2534
2001-01-12,47.8672
2001-01-16,49.0128
2001-01-17,50.0242
2001-01-18,51.89
2001-01-19,50.6881
2001-01-22,52.0074
2001-01-23,53.6316
2001-01-24,54.2245
2001-01-25,53.5043
2001-01-26,53.3179
2001-01-29,54.4861
2001-01-30,56.4525
2001-01-31,54.7913
2001-02-01,56.3137
2001-02-02,50.1862
2001-02-05,51.9611
2001-02-06,51.1931
2001-02-07,49.8362
2001-02-08,46.8485
2001-02-09,44.5636
2001-02-12,47.8583
2001-02-13,45.8848
2001-02-14,45.5255
2001-02-15,48.0925
2001-02-16,42.9445
2001-02-20,39.8479
2001-02-21,36.0204
2001-02-22,36.4791
2001-02-23,35.41
2001-02-26,41.2956
2001-02-27,39.545
2001-02-28,36.3048
2001-03-01,37.6492
2001-03-02,36.3049
2001-03-05,38.8338
2001-03-06,41.9231
2001-03-07,43.8423
2001-03-08,44.0586
2001-03-09,38.3132
2001-03-12,32.0177
2001-03-13,35.9869
2001-03-14,33.4949
2001-03-15,33.4949
2001-03-16,30.7273
2001-03-19,35.6986
2001-03-20,32.432
2001-03-21,30.6775
2001-03-22,29.6125
2001-03-23,36.2166
2001-03-26,38.7092
2001-03-27,42.7465
2001-03-28,39.0258
2001-03-29,39.8606
2001-03-30,41.8714
2001-04-02,39.011
2001-04-03,35.1673
2001-04-04,36.0401
2001-04-05,42.8441
2001-04-06,40.8821
2001-04-09,42.871
2001-04-10,45.9622
2001-04-11,45.9622
2001-04-12,49.1558
2001-04-16,47.4129
2001-04-17,49.86
2001-04-18,55.8405
2001-04-19,57.7587
2001-04-20,55.9527
2001-04-23,52.6324
2001-04-24,51.7885
2001-04-25,53.8649
2001-04-26,54.5094
2001-04-27,57.1555
2001-04-30,55.694
2001-05-01,58.4291
2001-05-02,57.9159
2001-05-03,55.1943
2001-05-04,57.9259
2001-05-07,56.0421
2001-05-08,56.0421
2001-05-09,55.1389
2001-05-10,55.5909
2001-05-11,54.0619
2001-05-14,54.392
2001-05-15,55.404
2001-05-16,60.0676
2001-05-17,60.3585
2001-05-18,61.1042
2001-05-21,63.9588
2001-05-22,63.4684
2001-05-23,58.294
2001-05-24,58.7764
2001-05-25,55.4035
2001-05-29,53.2587
2001-05-30,49.6192
2001-05-31,50.9902
2001-06-01,52.355
2001-06-04,53.5227
2001-06-05,56.3388
2001-06-06,53.8215
2001-06-07,54.7881
2001-06-08,52.0364
2001-06-11,50.0518
2001-06-12,49.6093
2001-06-13,47.1933
2001-06-14,41.746
2001-06-15,41.5657
2001-06-18,40.4616
2001-06-19,41.8173
2001-06-20,43.4439
2001-06-21,47.078
2001-06-22,45.1163
2001-06-25,42.6235
2001-06-26,42.4179
2001-06-27,42.2036
2001-06-28,44.2777
2001-06-29,45.4551
2001-07-02,49.6543
2001-07-03,49.6543
2001-07-05,43.6912
2001-07-06,38.4284
2001-07-09,40.1788
2001-07-10,37.5565
2001-07-11,37.8614
2001-07-12,45.6796
2001-07-13,48.1329
2001-07-16,44.929
2001-07-17,47.6204
2001-07-18,45.903
2001-07-19,48.5867
2001-07-20,46.809
2001-07-23,42.1426
2001-07-24,39.955
2001-07-25,43.3107
2001-07-26,46.4602
2001-07-27,47.4066
2001-07-30,47.6501
2001-07-31,48.8955
2001-08-01,50.6265
2001-08-02,51.8526
2001-08-03,50.0219
2001-08-06,46.1054
2001-08-07,47.4586
2001-08-08,42.3142
2001-08-09,43.4366
2001-08-10,44.5719
2001-08-13,44.5719
2001-08-14,44.5719
2001-08-15,41.876
2001-08-16,43.5108
2001-08-17,39.1108
2001-08-20,42.4327
2001-08-21,38.1183
2001-08-22,41.8005
2001-08-23,40.9456
2001-08-24,47.7009
2001-08-27,46.0825
2001-08-28,42.4045
2001-08-29,40.2182
2001-08-30,36.2802
2001-08-31,38.8582
2001-09-04,37.4409
2001-09-05,38.3288
2001-09-06,33.4917
2001-09-07,30.5526
2001-09-10,34.5813
2001-09-17,27.5993
2001-09-18,27.3985
2001-09-19,25.3594
2001-09-20,22.5871
2001-09-21,21.5112
2001-09-24,29.9156
2001-09-25,32.2597
2001-09-26,31.8855
2001-09-27,33.959
2001-09-28,38.5534
2001-10-01,38.4194
2001-10-02,41.2148
2001-10-03,44.8628
2001-10-04,44.8628
2001-10-05,44.5227
2001-10-08,43.3128
2001-10-09,42.4455
2001-10-10,47.5325
2001-10-11,50.9083
2001-10-12,49.914
2001-10-15,49.5069
2001-10-16,50.98
2001-10-17,46.3075
2001-10-18,45.732
2001-10-19,45.732
2001-10-22,50.5031
2001-10-23,49.2021
2001-10-24,48.544
2001-10-25,52.9597
2001-10-26,52.2517
2001-10-29,46.1856
2001-10-30,43.7059
2001-10-31,42.9588
2001-11-01,49.1361
2001-11-02,50.7979
2001-11-05,53.5911
2001-11-06,56.7308
2001-11-07,56.4942
2001-11-08,57.0599
2001-11-09,57.2549
2001-11-12,55.401
2001-11-13,60.4126
2001-11-14,60.5919
2001-11-15,60.9641
2001-11-16,59.4857
2001-11-19,62.1883
2001-11-20,59.2181
2001-11-21,56.9285
2001-11-23,60.3571
2001-11-26,60.7441
2001-11-27,59.2227
2001-11-28,53.3189
2001-11-29,56.7748
2001-11-30,54.6456
2001-12-03,52.821
2001-12-04,56.9298
2001-12-05,60.8922
2001-12-06,60.6127
2001-12-07,58.6296
2001-12-10,52.9035
2001-12-11,52.4137
2001-12-12,52.6444
2001-12-13,47.3289
2001-12-14,49.7562
2001-12-17,52.5202
2001-12-18,54.0715
2001-12-19,55.8086
2001-12-20,52.9121
2001-12-21,53.6034
2001-12-24,52.7877
2001-12-26,54.4888
2001-12-27,56.1519
2001-12-28,55.845
2001-12-31,50.8702
2002-01-02,53.9203
2002-01-03,56.9668
2002-01-04,58.7341
2002-01-07,56.3003
2002-01-08,55.3942
2002-01-09,52.715
2002-01-10,54.0156
2002-01-11,50.506
2002-01-14,48.5683
2002-01-15,51.3737
2002-01-16,45.1518
2002-01-17,47.6543
2002-01-18,46.2955
2002-01-22,44.4753
2002-01-23,46.8229
2002-01-24,47.9805
2002-01-25,47.9805
2002-01-28,48.9048
2002-01-29,39.9403
2002-01-30,44.684
2002-01-31,48.1842
2002-02-01,46.9807
2002-02-04,40.951
2002-02-05,39.6131
2002-02-06,38.6634
2002-02-07,37.3439
2002-02-08,43.4394
2002-02-11,46.8112
2002-02-12,46.143
2002-02-13,49.1965
2002-02-14,48.712
2002-02-15,45.8594
2002-02-19,41.3175
2002-02-20,46.1449
2002-02-21,41.638
2002-02-22,44.8431
2002-02-25,49.1403
2002-02-26,48.5121
2002-02-27,49.6415
2002-02-28,48.5212
2002-03-01,53.9867
2002-03-04,57.9355
2002-03-05,56.9555
2002-03-06,59.4807
2002-03-07,58.7039
2002-03-08,59.6289
2002-03-11,60.0061
2002-03-12,60.0061
2002-03-13,56.4968
2002-03-14,56.2084
2002-03-15,58.013
2002-03-18,58.013
2002-03-19,59.8464
2002-03-20,52.861
2002-03-21,53.1114
2002-03-22,52.2349
2002-03-25,48.3179
2002-03-26,50.2802
2002-03-27,51.1175
2002-03-28,50.8173
2002-04-01,51.1195
2002-04-02,48.905
2002-04-03,46.4826
2002-04-04,45.3016
2002-04-05,45.3016
2002-04-08,46.0608
2002-04-09,43.5174
2002-04-10,48.392
2002-04-11,40.4729
2002-04-12,43.2652
2002-04-15,41.2294
2002-04-16,49.3781
2002-04-17,48.8299
2002-04-18,47.4437
2002-04-19,48.6708
2002-04-22,43.5831
2002-04-23,42.3566
2002-04-24,39.7652
2002-04-25,40.1158
2002-04-26,35.5426
2002-04-29,34.5553
2002-04-30,38.171
2002-05-01,42.5169
2002-05-02,41.5705
2002-05-03,38.8404
2002-05-06,34.6486
2002-05-07,33.9147
2002-05-08,45.7151
2002-05-09,43.2158
2002-05-10,39.2959
2002-05-13,44.8179
2002-05-14,49.8811
2002-05-15,49.0571
2002-05-16,50.3521
2002-05-17,51.4351
2002-05-20,48.7488
2002-05-21,46.6132
2002-05-22,47.1011
2002-05-23,49.9875
2002-05-24,46.8482
2002-05-28,45.5575
2002-05-29,43.8615
2002-05-30,43.2262
2002-05-31,43.7974
2002-06-03,38.1422
2002-06-04,38.737
2002-06-05,41.6879
2002-06-06,37.6762
2002-06-07,37.3162
2002-06-10,38.5523
2002-06-11,35.427
2002-06-12,37.3149
2002-06-13,35.4943
2002-06-14,35.1335
2002-06-17,43.3223
2002-06-18,45.7264
2002-06-19,40.6809
2002-06-20,38.3639
2002-06-21,35.2432
2002-06-24,36.7109
2002-06-25,33.2896
2002-06-26,33.7538
2002-06-27,38.5632
2002-06-28,37.7699
2002-07-01,34.6855
2002-07-02,31.7706
2002-07-03,33.3169
2002-07-05,42.9023
2002-07-08,40.8837
2002-07-09,37.2124
2002-07-10,32.839
2002-07-11,34.5832
2002-07-12,33.3435
2002-07-15,34.5302
2002-07-16,32.3294
2002-07-17,32.7854
2002-07-18,29.3813
2002-07-19,26.354
2002-07-22,24.2201
2002-07-23,22.5011
2002-07-24,33.0978
2002-07-25,32.3941
2002-07-26,35.5974
2002-07-29,43.006
2002-07-30,44.8788
2002-07-31,45.235
2002-08-01,42.1346
2002-08-02,39.7374
2002-08-05,36.4268
2002-08-06,41.2387
2002-08-07,43.6431
2002-08-08,47.88
2002-08-09,48.3675
2002-08-12,47.447
2002-08-13,45.2163
2002-08-14,50.0822
2002-08-15,51.855
2002-08-16,51.4344
2002-08-19,54.4617
2002-08-20,52.8549
2002-08-21,54.7473
2002-08-22,56.018
2002-08-23,52.5443
2002-08-26,53.5073
2002-08-27,51.6679
2002-08-28,48.3888
2002-08-29,48.4557
2002-08-30,47.8682
2002-09-03,42.5844
2002-09-04,44.8896
2002-09-05,43.7737
2002-09-06,46.0403
2002-09-09,47.2511
2002-09-10,49.1441
2002-09-11,48.1473
2002-09-12,45.2968
2002-09-13,45.7396
2002-09-16,46.198
2002-09-17,42.6466
2002-09-18,41.2217
2002-09-19,37.8206
2002-09-20,37.3164
2002-09-23,36.312
2002-09-24,34.4047
2002-09-25,39.4625
2002-09-26,42.6133
2002-09-27,38.1052
2002-09-30,36.7855
2002-10-01,44.9943
2002-10-02,41.3024
2002-10-03,40.1684
2002-10-04,38.1846
2002-10-07,36.1086
2002-10-08,38.7129
2002-10-09,35.8936
2002-10-10,40.9397
2002-10-11,47.06
2002-10-14,47.8179
2002-10-15,53.8413
2002-10-16,50.5939
2002-10-17,52.982
2002-10-18,53.4911
2002-10-21,55.5842
2002-10-22,54.4876
2002-10-23,55.4554
2002-10-24,52.2884
2002-10-25,54.9939
2002-10-28,53.9611
2002-10-29,52.1441
2002-10-30,53.5068
2002-10-31,51.8619
2002-11-01,54.6821
2002-11-04,56.0151
2002-11-05,57.1264
2002-11-06,58.9317
2002-11-07,54.3188
2002-11-08,52.224
2002-11-11,49.6975
2002-11-12,50.9553
2002-11-13,51.1207
2002-11-14,54.1585
2002-11-15,55.3241
2002-11-18,53.3629
2002-11-19,53.1044
2002-11-20,56.7942
2002-11-21,59.6536
2002-11-22,58.0776
2002-11-25,58.1817
2002-11-26,53.9929
2002-11-27,58.5464
2002-11-29,57.8456
2002-12-02,58.1095
2002-12-03,55.0617
2002-12-04,54.0667
2002-12-05,51.6793
2002-12-06,52.9653
2002-12-09,47.3697
2002-12-10,50.0067
2002-12-11,50.1818
2002-12-12,50.1587
2002-12-13,46.9052
2002-12-16,52.1796
2002-12-17,50.356
2002-12-18,48.0366
2002-12-19,46.6578
2002-12-20,48.6691
2002-12-23,48.7427
2002-12-24,47.1775
2002-12-26,47.2586
2002-12-27,42.6449
2002-12-30,44.7085
2002-12-31,45.0506
2003-01-02,52.3892
2003-01-03,53.0401
2003-01-06,56.6288
2003-01-07,55.9854
2003-01-08,52.3387
2003-01-09,55.5671
2003-01-10,56.118
2003-01-13,56.0303
2003-01-14,56.7422
2003-01-15,53.8946
2003-01-16,52.7558
2003-01-17,48.8661
2003-01-21,45.227
2003-01-22,42.6651
2003-01-23,44.3249
2003-01-24,39.1741
2003-01-27,36.8889
2003-01-28,38.8923
2003-01-29,40.9287
2003-01-30,36.8516
2003-01-31,41.7114
2003-02-03,42.1998
2003-02-04,40.4176
2003-02-05,39.3274
2003-02-06,38.5024
2003-02-07,36.4309
2003-02-10,38.4283
2003-02-11,37.2182
2003-02-12,34.589
2003-02-13,35.4907
2003-02-14,41.5928
2003-02-18,46.0126
2003-02-19,44.9246
2003-02-20,42.9072
2003-02-21,45.4841
2003-02-24,42.2269
2003-02-25,44.2666
2003-02-26,41.4393
2003-02-27,44.7606
2003-02-28,46.39
2003-03-03,44.3962
2003-03-04,41.3047
2003-03-05,43.4693
2003-03-06,41.8449
2003-03-07,43.6498
2003-03-10,39.1608
2003-03-11,37.5355
2003-03-12,39.3248
2003-03-13,47.5286
2003-03-14,48.2389
2003-03-17,54.5903
2003-03-18,55.6918
2003-03-19,57.1297
2003-03-20,57.541
2003-03-21,60.7151
2003-03-24,52.6002
2003-03-25,54.3875
2003-03-26,53.2667
2003-03-27,53.4274
2003-03-28,52.2387
2003-03-31,47.2808
2003-04-01,50.5414
2003-04-02,55.2073
2003-04-03,54.1221
2003-04-04,55.2681
2003-04-07,54.797
2003-04-08,55.1285
2003-04-09,51.8142
2003-04-10,53.0438
2003-04-11,51.9963
2003-04-14,56.516
2003-04-15,58.4163
2003-04-16,53.8499
2003-04-17,56.8873
2003-04-21,57.0915
2003-04-22,60.7653
2003-04-23,62.4475
2003-04-24,59.8123
2003-04-25,56.3623
2003-04-28,59.7372
2003-04-29,59.7372
2003-04-30,60.0008
2003-05-01,59.9664
2003-05-02,62.9032
2003-05-05,62.2428
2003-05-06,64.1783
2003-05-07,62.1952
2003-05-08,58.7414
2003-05-09,61.7834
2003-05-12,64.2744
2003-05-13,63.629
2003-05-14,62.8475
2003-05-15,64.2347
2003-05-16,63.2405
2003-05-19,54.9583
2003-05-20,54.3174
2003-05-21,54.8713
2003-05-22,57.4982
2003-05-23,57.4982
2003-05-27,62.3308
2003-05-28,62.9844
2003-05-29,61.9369
2003-05-30,65.6204
2003-06-02,66.5122
2003-06-03,67.4023
2003-06-04,70.3287
2003-06-05,71.2722
2003-06-06,69.4228
2003-06-09,64.8367
2003-06-10,67.1017
2003-06-11,69.2882
2003-06-12,69.9098
2003-06-13,65.205
2003-06-16,69.523
2003-06-17,69.523
2003-06-18,69.1157
2003-06-19,62.4799
2003-06-20,60.2032
2003-06-23,56.3988
2003-06-24,56.6813
2003-06-25,53.0963
2003-06-26,56.787
2003-06-27,52.8571
2003-06-30,52.7559
2003-07-01,55.4479
2003-07-02,58.8485
2003-07-03,55.1667
2003-07-07,60.1595
2003-07-08,61.2037
2003-07-09,59.1371
2003-07-10,54.7661
2003-07-11,57.2109
2003-07-14,58.4434
2003-07-15,57.6585
2003-07-16,55.5524
2003-07-17,50.847
2003-07-18,53.7782
2003-07-21,49.959
2003-07-22,52.5269
2003-07-23,52.7277
2003-07-24,50.3265
2003-07-25,55.298
2003-07-28,54.0863
2003-07-29,52.5787
2003-07-30,51.7859
2003-07-31,52.5082
2003-08-01,49.5201
2003-08-04,49.5201
2003-08-05,43.07
2003-08-06,45.0873
2003-08-07,48.5807
2003-08-08,49.5089
2003-08-11,50.7456
2003-08-12,53.6523
2003-08-13,51.8279
2003-08-14,52.7237
2003-08-15,53.763
2003-08-18,56.552
2003-08-19,57.7377
2003-08-20,56.0019
2003-08-21,57.0624
2003-08-22,52.8705
2003-08-25,53.4465
2003-08-26,54.1106
2003-08-27,54.2252
2003-08-28,56.5832
2003-08-29,59.0204
2003-09-02,63.3514
2003-09-03,64.9567
2003-09-04,65.1004
2003-09-05,61.9967
2003-09-08,64.6002
2003-09-09,61.0767
2003-09-10,56.1465
2003-09-11,57.1956
2003-09-12,57.8676
2003-09-15,56.1107
2003-09-16,61.2379
2003-09-17,60.2435
2003-09-18,63.9973
2003-09-19,59.4901
2003-09-22,54.6141
2003-09-23,55.9379
2003-09-24,48.8941
2003-09-25,46.1214
2003-09-26,45.0521
2003-09-29,48.7652
2003-09-30,45.5268
2003-10-01,52.7114
2003-10-02,53.8249
2003-10-03,56.5605
2003-10-06,57.8741
2003-10-07,58.9851
2003-10-08,57.9396
2003-10-09,58.7681
2003-10-10,59.6349
2003-10-13,60.6265
2003-10-14,61.7358
2003-10-15,60.3807
2003-10-16,61.7079
2003-10-17,56.2746
2003-10-20,58.8607
2003-10-21,58.027
2003-10-22,52.308
2003-10-23,51.5384
2003-10-24,52.4302
2003-10-27,52.6297
2003-10-28,57.8738
2003-10-29,58.3556
2003-10-30,59.1289
2003-10-31,58.6082
2003-11-03,61.0965
2003-11-04,59.8344
2003-11-05,60.1359
2003-11-06,62.2253
2003-11-07,57.7319
2003-11-10,55.4382
2003-11-11,55.277
2003-11-12,60.0849
2003-11-13,60.1994
2003-11-14,55.1988
2003-11-17,52.4957
2003-11-18,47.4639
2003-11-19,51.421
2003-11-20,47.4061
2003-11-21,49.3118
2003-11-24,54.8398
2003-11-25,56.2941
2003-11-26,57.6577
2003-11-28,57.9484
2003-12-01,61.9063
2003-12-02,60.4991
2003-12-03,59.6011
2003-12-04,61.1713
2003-12-05,57.1835
2003-12-08,59.8298
2003-12-09,55.6558
2003-12-10,55.6066
2003-12-11,60.0657
2003-12-12,60.7912
2003-12-15,57.942
2003-12-16,59.9891
2003-12-17,61.1961
2003-12-18,65.1655
2003-12-19,60.7676
2003-12-22,63.1912
2003-12-23,63.4103
2003-12-24,62.7919
2003-12-26,63.0677
2003-12-29,67.67
2003-12-30,67.728
2003-12-31,68.0298
2004-01-02,67.6966
2004-01-05,71.2801
2004-01-06,71.5818
2004-01-07,72.6273
2004-01-08,73.8276
2004-01-09,67.0217
2004-01-12,69.5028
2004-01-13,65.3852
2004-01-14,68.2088
2004-01-15,69.0017
2004-01-16,70.2566
2004-01-20,70.0576
2004-01-21,72.5162
2004-01-22,70.4854
2004-01-23,68.0127
2004-01-26,72.0322
2004-01-27,64.9343
2004-01-28,58.2798
2004-01-29,58.6543
2004-01-30,58.6543
2004-02-02,60.4085
2004-02-03,59.3802
2004-02-04,54.5921
2004-02-05,55.9197
2004-02-06,60.5878
2004-02-09,60.6913
2004-02-10,61.9874
2004-02-11,65.8909
2004-02-12,63.5269
2004-02-13,60.6892
2004-02-17,64.0682
2004-02-18,61.3463
2004-02-19,59.1172
2004-02-20,57.3323
2004-02-23,55.8613
2004-02-24,54.8398
2004-02-25,56.8339
2004-02-26,57.1245
2004-02-27,57.469
2004-03-01,62.0433
2004-03-02,58.1185
2004-03-03,58.9624
2004-03-04,60.1693
2004-03-05,61.7103
2004-03-08,53.7417
2004-03-09,51.4751
2004-03-10,43.428
2004-03-11,38.598
2004-03-12,45.033
2004-03-15,40.7807
2004-03-16,43.1947
2004-03-17,47.9284
2004-03-18,48.0378
2004-03-19,41.8388
2004-03-22,38.199
2004-03-23,37.7333
2004-03-24,38.1095
2004-03-25,43.8611
2004-03-26,43.9745
2004-03-29,49.5521
2004-03-30,50.8078
2004-03-31,51.2448
2004-04-01,53.5185
2004-04-02,56.2355
2004-04-05,58.1231
2004-04-06,56.6135
2004-04-07,55.5062
2004-04-08,54.4271
2004-04-12,55.986
2004-04-13,49.5967
2004-04-14,50.2647
2004-04-15,48.6436
2004-04-16,51.9443
2004-04-19,51.9443
2004-04-20,44.9211
2004-04-21,47.8363
2004-04-22,53.3157
2004-04-23,53.6723
2004-04-26,53.0518
2004-04-27,53.4062
2004-04-28,47.7866
2004-04-29,44.4903
2004-04-30,41.8217
2004-05-03,46.4467
2004-05-04,46.1546
2004-05-05,48.8628
2004-05-06,45.6096
2004-05-07,40.2321
2004-05-10,37.3972
2004-05-11,40.9624
2004-05-12,43.5378
2004-05-13,42.2625
2004-05-14,42.4553
2004-05-17,39.823
2004-05-18,42.0365
2004-05-19,40.9413
2004-05-20,42.3963
2004-05-21,43.1961
2004-05-24,45.1372
2004-05-25,51.1701
2004-05-26,52.5265
2004-05-27,54.6678
2004-05-28,54.6266
2004-06-01,53.9847
2004-06-02,55.525
2004-06-03,51.0692
2004-06-04,54.3679
2004-06-07,59.8712
2004-06-08,60.3396
2004-06-09,55.7584
2004-06-10,57.5346
2004-06-14,53.0138
2004-06-15,55.613
2004-06-16,55.5321
2004-06-17,54.8192
2004-06-18,53.9612
2004-06-21,52.1153
2004-06-22,54.2968
2004-06-23,57.778
2004-06-24,56.1249
2004-06-25,53.6561
2004-06-28,51.9505
2004-06-29,53.813
2004-06-30,56.1359
2004-07-01,49.3289
2004-07-02,49.0924
2004-07-06,45.3192
2004-07-07,46.7551
2004-07-08,43.8188
2004-07-09,45.222
2004-07-12,45.4533
2004-07-13,45.8385
2004-07-14,44.4348
2004-07-15,41.5953
2004-07-16,41.2485
2004-07-19,39.4407
2004-07-20,46.7572
2004-07-21,39.3869
2004-07-22,40.817
2004-07-23,37.9283
2004-07-26,37.2941
2004-07-27,42.2325
2004-07-28,43.7414
2004-07-29,45.8614
2004-07-30,47.0676
2004-08-02,48.1044
2004-08-03,44.6614
2004-08-04,44.6223
2004-08-05,38.2746
2004-08-06,33.9031
2004-08-09,34.6633
2004-08-10,41.2111
2004-08-11,40.5295
2004-08-12,37.0681
2004-08-13,38.0591
2004-08-16,43.0489
2004-08-17,45.5847
2004-08-18,49.8963
2004-08-19,48.7349
2004-08-20,51.589
2004-08-23,50.5125
2004-08-24,51.0881
2004-08-25,53.9092
2004-08-26,53.9092
2004-08-27,55.244
2004-08-30,51.1457
2004-08-31,53.4379
2004-09-01,54.256
2004-09-02,58.8247
2004-09-03,56.6504
2004-09-07,59.2039
2004-09-08,57.8467
2004-09-09,57.3525
2004-09-10,59.4669
2004-09-13,60.7729
2004-09-14,61.5828
2004-09-15,56.9543
2004-09-16,58.2598
2004-09-17,58.299
2004-09-20,54.6306
2004-09-21,56.6974
2004-09-22,49.8227
2004-09-23,47.2561
2004-09-24,49.5801
2004-09-27,46.5729
2004-09-28,49.0033
2004-09-29,51.4593
2004-09-30,51.0893
2004-10-01,58.508
2004-10-04,59.1635
2004-10-05,59.3768
2004-10-06,61.8913
2004-10-07,55.9657
2004-10-08,51.7736
2004-10-11,53.5652
2004-10-12,51.6338
2004-10-13,47.5712
2004-10-14,44.2403
2004-10-15,46.9347
2004-10-18,48.7022
2004-10-19,45.1585
2004-10-20,44.3633
2004-10-21,47.5455
2004-10-22,43.0461
2004-10-25,42.6047
2004-10-26,49.6304
2004-10-27,54.3247
2004-10-28,55.434
2004-10-29,55.3508
2004-11-01,56.4185
2004-11-02,56.5596
2004-11-03,61.2773
2004-11-04,65.5954
2004-11-05,67.376
2004-11-08,66.5319
2004-11-09,65.3657
2004-11-10,65.614
2004-11-11,68.0016
2004-11-12,70.2721
2004-11-15,69.9351
2004-11-16,65.2675
2004-11-17,67.1671
2004-11-18,67.5936
2004-11-19,60.7424
2004-11-22,62.4424
2004-11-23,62.9847
2004-11-24,63.8397
2004-11-26,63.3446
2004-11-29,60.3871
2004-11-30,60.6734
2004-12-01,65.119
2004-12-02,65.426
2004-12-03,64.9446
2004-12-06,64.6941
2004-12-07,58.1427
2004-12-08,60.7439
2004-12-09,62.2472
2004-12-10,62.677
2004-12-13,66.189
2004-12-14,67.4894
2004-12-15,67.769
2004-12-16,67.2952
2004-12-17,58.8215
2004-12-20,58.9407
2004-12-21,62.4488
2004-12-22,63.484
2004-12-23,63.8099
2004-12-27,62.187
2004-12-28,64.6832
2004-12-29,65.34
2004-12-30,63.7454
2004-12-31,61.9464
2005-01-03,58.1587
2005-01-04,49.8794
2005-01-05,46.0316
2005-01-06,49.0583
2005-01-07,48.2513
2005-01-10,51.044
2005-01-11,47.1241
2005-01-12,49.0817
2005-01-13,44.8263
2005-01-14,47.9278
2005-01-18,53.3984
2005-01-19,48.0035
2005-01-20,45.2327
2005-01-21,42.6419
2005-01-24,41.8361
2005-01-25,43.45
2005-01-26,45.1491
2005-01-27,46.1229
2005-01-28,46.1229
2005-01-31,49.732
2005-02-01,53.1276
2005-02-02,54.6746
2005-02-03,53.8432
2005-02-04,58.4937
2005-02-07,57.6207
2005-02-08,58.1954
2005-02-09,53.3041
2005-02-10,55.1979
2005-02-11,59.3543
2005-02-14,58.8521
2005-02-15,60.6063
2005-02-16,60.9181
2005-02-17,55.2767
2005-02-18,55.9773
2005-02-22,47.2587
2005-02-23,51.0682
2005-02-24,54.2977
2005-02-25,58.6274
2005-02-28,54.944
2005-03-01,57.0732
2005-03-02,56.7907
2005-03-03,56.9775
2005-03-04,62.1758
2005-03-07,62.366
2005-03-08,59.9339
2005-03-09,53.4473
2005-03-10,54.4769
2005-03-11,50.7568
2005-03-14,53.6938
2005-03-15,49.5463
2005-03-16,45.7519
2005-03-17,46.7617
2005-03-18,43.8275
2005-03-21,42.3274
2005-03-22,38.5403
2005-03-23,39.0189
2005-03-24,39.7108
2005-03-28,40.5726
2005-03-29,37.9524
2005-03-30,45.7533
2005-03-31,44.9599
2005-04-01,43.0663
2005-04-04,44.0031
2005-04-05,46.5933
2005-04-06,48.4317
2005-04-07,51.1922
2005-04-08,46.1534
2005-04-11,46.5553
2005-04-12,49.2574
2005-04-13,43.8957
2005-04-14,39.0109
2005-04-15,34.7062
2005-04-18,36.3046
2005-04-19,40.3042
2005-04-20,36.0845
2005-04-21,44.45
2005-04-22,43.2844
2005-04-25,45.9226
2005-04-26,42.8062
2005-04-27,44.3882
2005-04-28,40.581
2005-04-29,45.8108
2005-05-02,47.8375
2005-05-03,48.4618
2005-05-04,51.2269
2005-05-05,51.0986
2005-05-06,49.8826
2005-05-09,52.2429
2005-05-10,48.2457
2005-05-11,50.3437
2005-05-12,46.3566
2005-05-13,45.6777
2005-05-16,49.3447
2005-05-17,51.8174
2005-05-18,55.3745
2005-05-19,56.7629
2005-05-20,56.1378
2005-05-23,58.0268
2005-05-24,56.9319
2005-05-25,56.5707
2005-05-26,58.5395
2005-05-27,59.1487
2005-05-31,55.8246
2005-06-01,59.0056
2005-06-02,59.8197
2005-06-03,57.1218
2005-06-06,56.6369
2005-06-07,56.9516
2005-06-08,55.9076
2005-06-09,58.0071
2005-06-10,56.6132
2005-06-13,58.0531
2005-06-14,59.1058
2005-06-15,59.9744
2005-06-16,61.1452
2005-06-17,60.9032
2005-06-20,61.0654
2005-06-21,61.3607
2005-06-22,61.7963
2005-06-23,51.3704
2005-06-24,47.0686
2005-06-27,47.9549
2005-06-28,52.8438
2005-06-29,51.223
2005-06-30,48.0705
2005-07-01,49.8209
2005-07-05,54.2713
2005-07-06,49.4175
2005-07-07,51.5405
2005-07-08,57.069
2005-07-11,59.2819
2005-07-12,60.3911
2005-07-13,60.9855
2005-07-14,62.6511
2005-07-15,62.2432
2005-07-18,59.3937
2005-07-19,61.9039
2005-07-20,63.397
2005-07-21,59.2095
2005-07-22,62.2025
2005-07-25,60.2173
2005-07-26,60.782
2005-07-27,62.4644
2005-07-28,65.1891
2005-07-29,60.2872
2005-08-01,59.7742
2005-08-02,62.5336
2005-08-03,63.7025
2005-08-04,57.9371
2005-08-05,53.6442
2005-08-08,52.5225
2005-08-09,55.6622
2005-08-10,55.3498
2005-08-11,57.405
2005-08-12,53.3927
2005-08-15,56.5867
2005-08-16,49.0855
2005-08-17,49.043
2005-08-18,48.9984
2005-08-19,50.3315
2005-08-22,50.3315
2005-08-23,49.1619
2005-08-24,44.0547
2005-08-25,46.4199
2005-08-26,42.8249
2005-08-29,47.6103
2005-08-30,44.8887
2005-08-31,51.8195
2005-09-01,51.4191
2005-09-02,50.4167
2005-09-06,56.2519
2005-09-07,57.0335
2005-09-08,55.0135
2005-09-09,59.1041
2005-09-12,57.8458
2005-09-13,54.4761
2005-09-14,52.3814
2005-09-15,52.1003
2005-09-16,53.6287
2005-09-19,51.5985
2005-09-20,46.8617
2005-09-21,42.3734
2005-09-22,44.4845
2005-09-23,44.978
2005-09-26,45.6894
2005-09-27,45.5565
2005-09-28,46.2151
2005-09-29,51.3278
2005-09-30,53.128
2005-10-03,50.8363
2005-10-04,44.4991
2005-10-05,38.6549
2005-10-06,37.2618
2005-10-07,39.452
2005-10-10,36.1772
2005-10-11,35.6528
2005-10-12,32.9064
2005-10-13,32.7067
2005-10-14,39.5452
2005-10-17,41.756
2005-10-18,37.5214
2005-10-19,46.2408
2005-10-20,39.9266
2005-10-21,41.7518
2005-10-24,48.3266
2005-10-25,47.5851
2005-10-26,46.4901
2005-10-27,42.7341
2005-10-28,48.5869
2005-10-31,49.6386
2005-11-01,50.7945
2005-11-02,54.6309
2005-11-03,56.1172
2005-11-04,55.528
2005-11-07,55.8936
2005-11-08,55.8936
2005-11-09,56.4228
2005-11-10,59.4629
2005-11-11,60.7376
2005-11-14,60.4044
2005-11-15,58.2421
2005-11-16,59.0983
2005-11-17,62.7926
2005-11-18,64.2411
2005-11-21,66.031
2005-11-22,67.4987
2005-11-23,69.3814
2005-11-25,69.635
2005-11-28,64.5681
2005-11-29,63.8078
2005-11-30,60.1847
2005-12-01,64.2113
2005-12-02,64.6812
2005-12-05,63.2068
2005-12-06,63.9752
2005-12-07,59.9143
2005-12-08,59.4846
2005-12-09,60.7082
2005-12-12,61.1572
2005-12-13,64.24
2005-12-14,65.8964
2005-12-15,63.6016
2005-12-16,57.4539
2005-12-19,54.1386
2005-12-20,54.6472
2005-12-21,55.5126
2005-12-22,58.2784
2005-12-23,58.566
2005-12-27,51.6586
2005-12-28,52.9271
2005-12-29,50.1564
2005-12-30,47.0107
2006-01-03,56.3017
2006-01-04,58.405
2006-01-05,58.6841
2006-01-06,62.2198
2006-01-09,63.2504
2006-01-10,63.6615
2006-01-11,64.9626
2006-01-12,62.0534
2006-01-13,61.3727
2006-01-17,59.3731
2006-01-18,56.3892
2006-01-19,58.5031
2006-01-20,47.5788
2006-01-23,49.4881
2006-01-24,50.0415
2006-01-25,50.5242
2006-01-26,53.532
2006-01-27,58.0565
2006-01-30,57.5566
2006-01-31,53.0375
2006-02-01,56.4457
2006-02-02,50.0453
2006-02-03,47.641
2006-02-06,48.9922
2006-02-07,44.8567
2006-02-08,49.4303
2006-02-09,48.6479
2006-02-10,49.5681
2006-02-13,48.6504
2006-02-14,53.8864
2006-02-15,55.4907
2006-02-16,58.7161
2006-02-17,57.1274
2006-02-21,55.6775
2006-02-22,58.3873
2006-02-23,57.4861
2006-02-24,58.6529
2006-02-27,58.833
2006-02-28,52.8672
2006-03-01,57.1103
2006-03-02,57.0628
2006-03-03,54.2187
2006-03-06,51.5588
2006-03-07,50.6717
2006-03-08,51.8489
2006-03-09,48.0076
2006-03-10,53.1484
2006-03-13,54.096
2006-03-14,59.0056
2006-03-15,60.8969
2006-03-16,61.7614
2006-03-17,59.6534
2006-03-20,58.5754
2006-03-21,54.5257
2006-03-22,57.5052
2006-03-23,56.1809
2006-03-24,56.5708
2006-03-27,55.5817
2006-03-28,51.5841
2006-03-29,55.0311
2006-03-30,53.8845
2006-03-31,54.016
2006-04-03,53.4807
2006-04-04,57.1876
2006-04-05,59.0499
2006-04-06,58.2206
2006-04-07,51.0504
2006-04-10,51.9864
2006-04-11,46.8049
2006-04-12,47.9954
2006-04-13,47.2077
2006-04-17,46.7328
2006-04-18,56.3854
2006-04-19,57.3584
2006-04-20,58.0673
2006-04-21,58.1487
2006-04-24,56.7573
2006-04-25,53.7132
2006-04-26,53.8579
2006-04-27,56.8409
2006-04-28,58.799
2006-05-01,52.6807
2006-05-02,56.9949
2006-05-03,54.3852
2006-05-04,56.4009
2006-05-05,60.8906
2006-05-08,59.9936
2006-05-09,60.9769
2006-05-10,60.5551
2006-05-11,51.9147
2006-05-12,44.7339
2006-05-15,45.9309
2006-05-16,45.1782
2006-05-17,36.9302
2006-05-18,35.1718
2006-05-19,39.3959
2006-05-22,36.6558
2006-05-23,34.1791
2006-05-24,38.7191
2006-05-25,44.9538
2006-05-26,47.3051
2006-05-30,40.8605
2006-05-31,45.6781
2006-06-01,49.43
2006-06-02,50.2308
2006-06-05,45.0071
2006-06-06,44.2091
2006-06-07,41.8173
2006-06-08,41.5434
2006-06-09,42.4098
2006-06-12,37.5302
2006-06-13,34.52
2006-06-14,37.9748
2006-06-15,44.6416
2006-06-16,42.5166
2006-06-19,40.3398
2006-06-20,41.6867
2006-06-21,44.5719
2006-06-22,43.226
2006-06-23,43.1761
2006-06-26,45.0137
2006-06-27,42.1934
2006-06-28,45.014
2006-06-29,52.3554
2006-06-30,52.2388
2006-07-03,53.7819
2006-07-05,51.5372
2006-07-06,52.5929
2006-07-07,50.02
2006-07-10,50.7533
2006-07-11,52.4662
2006-07-12,48.182
2006-07-13,42.6554
2006-07-14,41.4827
2006-07-17,41.0373
2006-07-18,43.2808
2006-07-19,48.8716
2006-07-20,46.4612
2006-07-21,44.1176
2006-07-24,50.8236
2006-07-25,52.0301
2006-07-26,52.4936
2006-07-27,52.1194
2006-07-28,55.6419
2006-07-31,55.2043
2006-08-01,53.075
2006-08-02,55.5392
2006-08-03,56.4901
2006-08-04,55.679
2006-08-07,54.7389
2006-08-08,52.7152
2006-08-09,51.1307
2006-08-10,52.494
2006-08-11,51.1087
2006-08-14,51.483
2006-08-15,56.7783
2006-08-16,60.2624
2006-08-17,60.948
2006-08-18,62.8056
2006-08-21,60.2461
2006-08-22,60.1954
2006-08-23,58.5033
2006-08-24,57.9776
2006-08-25,58.5479
2006-08-28,60.722
2006-08-29,61.2397
2006-08-30,61.5245
2006-08-31,61.4058
2006-09-01,64.2382
2006-09-05,65.1023
2006-09-06,58.2303
2006-09-07,55.0656
2006-09-08,56.5968
2006-09-11,57.137
2006-09-12,62.0344
2006-09-13,63.8354
2006-09-14,63.8695
2006-09-15,62.2054
2006-09-18,62.884
2006-09-19,60.7779
2006-09-20,63.5069
2006-09-21,59.5213
2006-09-22,57.1611
2006-09-25,61.2455
2006-09-26,65.0641
2006-09-27,65.5833
2006-09-28,65.2643
2006-09-29,64.5372
2006-10-02,61.271
2006-10-03,62.3929
2006-10-04,67.8542
2006-10-05,68.6528
2006-10-06,67.4986
2006-10-09,67.7671
2006-10-10,68.3855
2006-10-11,67.1795
2006-10-12,71.1021
2006-10-13,72.1503
2006-10-16,72.7739
2006-10-17,69.423
2006-10-18,70.0311
2006-10-19,70.7787
2006-10-20,70.8829
2006-10-23,73.0115
2006-10-24,74.2987
2006-10-25,75.6973
2006-10-26,76.9075
2006-10-27,69.5332
2006-10-30,68.7358
2006-10-31,68.5702
2006-11-01,61.3388
2006-11-02,60.7586
2006-11-03,58.9963
2006-11-06,65.7133
2006-11-07,67.634
2006-11-08,68.6794
2006-11-09,63.4315
2006-11-10,63.6717
2006-11-13,65.0412
2006-11-14,68.8252
2006-11-15,70.134
2006-11-16,71.2765
2006-11-17,71.4044
2006-11-20,71.67
2006-11-21,72.1467
2006-11-22,73.0995
2006-11-24,68.107
2006-11-27,54.7737
2006-11-28,57.4966
2006-11-29,63.1418
2006-11-30,63.3538
2006-12-01,61.4321
2006-12-04,65.2606
2006-12-05,67.2137
2006-12-06,66.4402
2006-12-07,62.5268
2006-12-08,63.4764
2006-12-11,64.9508
2006-12-12,64.2187
2006-12-13,64.7884
2006-12-14,66.4741
2006-12-15,66.549
2006-12-18,63.6303
2006-12-19,64.7567
2006-12-20,64.1372
2006-12-21,60.1967
2006-12-22,54.3194
2006-12-26,58.3984
2006-12-27,62.3623
2006-12-28,60.4079
2006-12-29,57.1404
2007-01-03,55.2061
2007-01-04,56.6542
2007-01-05,50.2177
2007-01-08,53.4218
2007-01-09,52.7619
2007-01-10,55.0511
2007-01-11,57.8852
2007-01-12,62.2495
2007-01-16,60.5374
2007-01-17,60.7807
2007-01-18,57.7808
2007-01-19,59.0227
2007-01-22,56.2841
2007-01-23,58.2314
2007-01-24,62.9838
2007-01-25,53.5574
2007-01-26,53.0627
2007-01-29,52.5013
2007-01-30,55.8121
2007-01-31,59.6527
2007-02-01,62.709
2007-02-02,63.3879
2007-02-05,63.5277
2007-02-06,63.6737
2007-02-07,64.8583
2007-02-08,63.5628
2007-02-09,56.7771
2007-02-12,54.0228
2007-02-13,59.1712
2007-02-14,62.6296
2007-02-15,63.2844
2007-02-16,62.8573
2007-02-20,63.9902
2007-02-21,63.595
2007-02-22,62.846
2007-02-23,59.0524
2007-02-26,58.2088
2007-02-27,35.154
2007-02-28,41.3237
2007-03-01,40.1429
2007-03-02,35.4691
2007-03-05,32.6026
2007-03-06,41.4674
2007-03-07,41.1281
2007-03-08,45.112
2007-03-09,45.2442
2007-03-12,45.9635
2007-03-13,38.938
2007-03-14,42.4206
2007-03-15,41.525
2007-03-16,40.5985
2007-03-19,46.1563
2007-03-20,48.4951
2007-03-21,54.7315
2007-03-22,54.4028
2007-03-23,54.9466
2007-03-26,54.3295
2007-03-27,53.2039
2007-03-28,49.8766
2007-03-29,50.348
2007-03-30,50.4461
2007-04-02,50.9899
2007-04-03,55.8645
2007-04-04,56.3425
2007-04-05,57.5228
2007-04-09,58.1338
2007-04-10,58.6658
2007-04-11,56.0633
2007-04-12,58.1816
2007-04-13,60.2613
2007-04-16,64.1819
2007-04-17,65.2032
2007-04-18,65.6786
2007-04-19,65.4694
2007-04-20,69.0735
2007-04-23,66.1457
2007-04-24,66.3067
2007-04-25,69.7416
2007-04-26,70.1421
2007-04-27,69.459
2007-04-30,62.8057
2007-05-01,63.9205
2007-05-02,66.3511
2007-05-03,68.4351
2007-05-04,69.8197
2007-05-07,69.8928
2007-05-08,68.7237
2007-05-09,69.8133
2007-05-10,61.1686
2007-05-11,64.8774
2007-05-14,63.2383
2007-05-15,63.3564
2007-05-16,66.2922
2007-05-17,64.7029
2007-05-18,68.2305
2007-05-21,67.7982
2007-05-22,67.1267
2007-05-23,67.1838
2007-05-24,59.6667
2007-05-25,61.7247
2007-05-29,63.439
2007-05-30,66.9518
2007-05-31,66.0894
2007-06-01,68.1414
2007-06-04,68.1947
2007-06-05,64.7177
2007-06-06,56.5134
2007-06-07,46.2619
2007-06-08,52.6618
2007-06-11,53.444
2007-06-12,48.1313
2007-06-13,54.583
2007-06-14,57.0199
2007-06-15,57.5391
2007-06-18,56.9188
2007-06-19,57.9268
2007-06-20,54.0063
2007-06-21,53.4285
2007-06-22,48.8054
2007-06-25,46.6653
2007-06-26,42.4722
2007-06-27,49.072
2007-06-28,49.0159
2007-06-29,49.1689
2007-07-02,53.1894
2007-07-03,54.7142
2007-07-05,54.1738
2007-07-06,56.4382
2007-07-09,56.4948
2007-07-10,49.4628
2007-07-11,52.654
2007-07-12,58.7968
2007-07-13,59.8479
2007-07-16,59.7781
2007-07-17,59.486
2007-07-18,58.4342
2007-07-19,60.0284
2007-07-20,54.2927
2007-07-23,55.6287
2007-07-24,47.3522
2007-07-25,48.2924
2007-07-26,39.6587
2007-07-27,34.4097
2007-07-30,40.8392
2007-07-31,37.9738
2007-08-01,39.8732
2007-08-02,42.9058
2007-08-03,36.5955
2007-08-06,42.2643
2007-08-07,45.5795
2007-08-08,49.6021
2007-08-09,42.4785
2007-08-10,41.5172
2007-08-13,42.5634
2007-08-14,39.3962
2007-08-15,36.8359
2007-08-16,39.0784
2007-08-17,44.2119
2007-08-20,44.107
2007-08-21,44.6795
2007-08-22,48.0047
2007-08-23,47.7763
2007-08-24,51.1815
2007-08-27,48.6363
2007-08-28,43.3278
2007-08-29,48.4943
2007-08-30,47.8591
2007-08-31,50.3848
2007-09-04,52.8713
2007-09-05,50.562
2007-09-06,51.1539
2007-09-07,47.525
2007-09-10,47.0475
2007-09-11,50.2427
2007-09-12,50.9393
2007-09-13,52.8412
2007-09-14,52.8205
2007-09-17,51.1316
2007-09-18,58.706
2007-09-19,60.0514
2007-09-20,57.6777
2007-09-21,56.9969
2007-09-24,56.3645
2007-09-25,55.6678
2007-09-26,57.1543
2007-09-27,58.7907
2007-09-28,57.4812
2007-10-01,60.597
2007-10-02,60.0316
2007-10-03,59.1737
2007-10-04,59.6437
2007-10-05,63.0571
2007-10-08,60.6096
2007-10-09,63.2508
2007-10-10,62.4656
2007-10-11,60.1968
2007-10-12,61.8685
2007-10-15,57.937
2007-10-16,54.5377
2007-10-17,55.5859
2007-10-18,54.0237
2007-10-19,44.5607
2007-10-22,46.6881
2007-10-23,49.5459
2007-10-24,48.9124
2007-10-25,49.7814
2007-10-26,53.8654
2007-10-29,54.9698
2007-10-30,52.2095
2007-10-31,55.6899
2007-11-01,47.4145
2007-11-02,47.798
2007-11-05,45.4386
2007-11-06,50.0018
2007-11-07,42.3276
2007-11-08,41.1297
2007-11-09,38.0746
2007-11-12,36.0644
2007-11-13,45.3093
2007-11-14,44.6728
2007-11-15,41.4859
2007-11-16,41.9971
2007-11-19,39.0788
2007-11-20,40.9511
2007-11-21,36.9322
2007-11-23,41.9001
2007-11-26,37.8289
2007-11-27,40.9078
2007-11-28,48.4693
2007-11-29,48.5453
2007-11-30,50.8057
2007-12-03,49.2962
2007-12-04,47.3036
2007-12-05,51.1607
2007-12-06,54.2267
2007-12-07,54.1763
2007-12-10,55.8612
2007-12-11,49.0894
2007-12-12,51.2667
2007-12-13,50.7813
2007-12-14,47.8724
2007-12-17,44.8665
2007-12-18,46.2371
2007-12-19,46.2371
2007-12-20,47.8681
2007-12-21,50.1686
2007-12-24,52.0122
2007-12-26,52.5498
2007-12-27,49.1451
2007-12-28,48.4943
2007-12-31,46.5812
2008-01-02,44.4153
2008-01-03,44.2967
2008-01-04,38.7714
2008-01-07,38.6001
2008-01-08,35.4659
2008-01-09,38.8147
2008-01-10,40.8505
2008-01-11,39.1513
2008-01-14,41.6824
2008-01-15,37.1996
2008-01-16,35.6552
2008-01-17,31.5428
2008-01-18,30.131
2008-01-22,28.8037
2008-01-23,35.7814
2008-01-24,38.0803
2008-01-25,35.7553
2008-01-28,40.0986
2008-01-29,41.3693
2008-01-30,40.035
2008-01-31,44.6572
2008-02-01,48.4171
2008-02-04,45.8082
2008-02-05,40.9397
2008-02-06,39.6417
2008-02-07,41.2396
2008-02-08,40.1462
2008-02-11,41.4385
2008-02-12,43.7688
2008-02-13,46.2733
2008-02-14,44.4607
2008-02-15,44.4149
2008-02-19,45.1678
2008-02-20,45.9785
2008-02-21,44.0421
2008-02-22,45.8068
2008-02-25,49.2759
2008-02-26,51.2543
2008-02-27,50.9699
2008-02-28,48.2518
2008-02-29,42.8213
2008-03-03,42.2955
2008-03-04,41.442
2008-03-05,43.4216
2008-03-06,38.8614
2008-03-07,36.8747
2008-03-10,34.5216
2008-03-11,44.5426
2008-03-12,42.6888
2008-03-13,43.27
2008-03-14,40.2475
2008-03-17,38.4329
2008-03-18,48.3976
2008-03-19,43.7669
2008-03-20,46.6253
2008-03-24,50.5907
2008-03-25,50.7803
2008-03-26,48.3045
2008-03-27,47.6816
2008-03-28,45.8017
2008-03-31,46.6044
2008-04-01,53.8596
2008-04-02,53.9873
2008-04-03,54.488
2008-04-04,54.214
2008-04-07,54.3268
2008-04-08,54.0465
2008-04-09,52.0473
2008-04-10,52.4029
2008-04-11,47.2743
2008-04-14,46.4585
2008-04-15,47.1202
2008-04-16,54.0776
2008-04-17,54.4272
2008-04-18,56.8974
2008-04-21,57.0174
2008-04-22,55.597
2008-04-23,55.0762
2008-04-24,56.2528
2008-04-25,58.6828
2008-04-28,58.7394
2008-04-29,57.228
2008-04-30,55.0067
2008-05-01,60.6186
2008-05-02,61.3113
2008-05-05,59.394
2008-05-06,61.6584
2008-05-07,54.9672
2008-05-08,54.2326
2008-05-09,53.4308
2008-05-12,56.7146
2008-05-13,56.7558
2008-05-14,57.3743
2008-05-15,60.9431
2008-05-16,61.1957
2008-05-19,61.9724
2008-05-20,58.3179
2008-05-21,51.6806
2008-05-22,51.7288
2008-05-23,47.105
2008-05-27,49.6871
2008-05-28,51.2587
2008-05-29,52.9506
2008-05-30,53.7948
2008-06-02,49.8911
2008-06-03,47.8493
2008-06-04,47.6719
2008-06-05,54.6526
2008-06-06,44.4893
2008-06-09,45.2766
2008-06-10,43.9253
2008-06-11,40.2099
2008-06-12,41.5373
2008-06-13,45.7622
2008-06-16,45.9556
2008-06-17,44.5748
2008-06-18,41.923
2008-06-19,42.3877
2008-06-20,37.1597
2008-06-23,36.9402
2008-06-24,36.4864
2008-06-25,38.3863
2008-06-26,32.4808
2008-06-27,31.4838
2008-06-30,32.8779
2008-07-01,34.1319
2008-07-02,30.8005
2008-07-03,31.2181
2008-07-07,29.367
2008-07-08,36.218
2008-07-09,32.5503
2008-07-10,34.0145
2008-07-11,31.9261
2008-07-14,30.418
2008-07-15,28.2484
2008-07-16,36.4408
2008-07-17,39.4778
2008-07-18,41.3339
2008-07-21,41.5033
2008-07-22,44.9245
2008-07-23,46.5134
2008-07-24,41.6389
2008-07-25,41.5871
2008-07-28,38.4986
2008-07-29,44.7011
2008-07-30,49.2893
2008-07-31,46.2381
2008-08-01,45.0804
2008-08-04,43.0969
2008-08-05,49.7945
2008-08-06,50.825
2008-08-07,47.377
2008-08-08,51.7059
2008-08-11,53.8293
2008-08-12,51.3063
2008-08-13,50.0534
2008-08-14,51.7259
2008-08-15,52.8517
2008-08-18,49.4778
2008-08-19,46.9024
2008-08-20,48.0956
2008-08-21,48.4816
2008-08-22,51.8346
2008-08-25,46.9956
2008-08-26,48.0015
2008-08-27,50.0949
2008-08-28,53.1577
2008-08-29,50.252
2008-09-02,48.9505
2008-09-03,48.7522
2008-09-04,41.8597
2008-09-05,42.7861
2008-09-08,48.1306
2008-09-09,41.9302
2008-09-10,43.084
2008-09-11,46.6252
2008-09-12,47.7413
2008-09-15,38.8949
2008-09-16,42.495
2008-09-17,36.4808
2008-09-18,42.1503
2008-09-19,48.178
2008-09-22,44.3938
2008-09-23,41.6769
2008-09-24,42.2826
2008-09-25,44.8615
2008-09-26,45.128
2008-09-29,36.007
2008-09-30,42.1245
2008-10-01,42.0975
2008-10-02,38.4041
2008-10-03,37.0499
2008-10-06,33.1672
2008-10-07,30.2668
2008-10-08,28.7521
2008-10-09,25.3815
2008-10-10,24.4336
2008-10-13,38.6694
2008-10-14,37.8404
2008-10-15,32.6502
2008-10-16,36.1377
2008-10-17,35.838
2008-10-20,40.998
2008-10-21,39.2905
2008-10-22,36.2703
2008-10-23,37.2816
2008-10-24,34.8167
2008-10-27,33.2061
2008-10-28,42.0564
2008-10-29,41.5685
2008-10-30,44.0985
2008-10-31,44.6035
2008-11-03,44.878
2008-11-04,47.6426
2008-11-05,44.5446
2008-11-06,41.1577
2008-11-07,43.7451
2008-11-10,42.8576
2008-11-11,41.0651
2008-11-12,38.6417
2008-11-13,43.3104
2008-11-14,40.5396
2008-11-17,39.9274
2008-11-18,41.3443
2008-11-19,38.0474
2008-11-20,34.7331
2008-11-21,38.4324
2008-11-24,43.2236
2008-11-25,43.709
2008-11-26,46.31
2008-11-28,47.1378
2008-12-01,41.9175
2008-12-02,44.4804
2008-12-03,46.1044
2008-12-04,44.7468
2008-12-05,46.8901
2008-12-08,49.3064
2008-12-09,48.1791
2008-12-10,48.6813
2008-12-11,46.9763
2008-12-12,47.9056
2008-12-15,46.8842
2008-12-16,50.5787
2008-12-17,49.793
2008-12-18,48.2851
2008-12-19,47.3092
2008-12-22,46.2974
2008-12-23,45.4819
2008-12-24,46.0377
2008-12-26,46.6107
2008-12-29,46.3517
2008-12-30,48.8189
2008-12-31,50.3021
2009-01-02,53.3499
2009-01-05,53.211
2009-01-06,53.9229
2009-01-07,50.286
2009-01-08,50.7505
2009-01-09,48.2598
2009-01-12,45.6729
2009-01-13,45.9012
2009-01-14,42.67
2009-01-15,42.7165
2009-01-16,43.772
2009-01-20,38.6693
2009-01-21,43.9957
2009-01-22,42.5429
2009-01-23,43.0907
2009-01-26,43.9808
2009-01-27,45.3233
2009-01-28,49.6011
2009-01-29,45.8514
2009-01-30,43.7432
2009-02-02,43.4377
2009-02-03,45.3038
2009-02-04,44.7545
2009-02-05,46.8079
2009-02-06,50.5655
2009-02-09,50.7495
2009-02-10,44.9444
2009-02-11,45.7466
2009-02-12,45.8483
2009-02-13,44.5303
2009-02-17,39.7936
2009-02-18,39.5559
2009-02-19,38.4749
2009-02-20,37.5077
2009-02-23,34.2125
2009-02-24,39.8916
2009-02-25,39.1277
2009-02-26,37.5684
2009-02-27,35.5551
2009-03-02,31.9984
2009-03-03,31.4709
2009-03-04,35.0031
2009-03-05,31.944
2009-03-06,32.1995
2009-03-09,31.363
2009-03-10,39.6364
2009-03-11,40.5102
2009-03-12,45.5582
2009-03-13,46.5432
2009-03-16,46.2002
2009-03-17,50.1045
2009-03-18,52.823
2009-03-19,51.163
2009-03-20,47.6152
2009-03-23,55.6441
2009-03-24,53.2664
2009-03-25,54.2614
2009-03-26,56.4509
2009-03-27,53.9925
2009-03-30,49.7087
2009-03-31,50.773
2009-04-01,52.9825
2009-04-02,56.1694
2009-04-03,57.2379
2009-04-06,56.0933
2009-04-07,52.809
2009-04-08,54.086
2009-04-09,58.4929
2009-04-13,58.5185
2009-04-14,55.8405
2009-04-15,57.0973
2009-04-16,58.8111
2009-04-17,59.5993
2009-04-20,52.8939
2009-04-21,55.2601
2009-04-22,54.3434
2009-04-23,55.5814
2009-04-24,57.4682
2009-04-27,55.88
2009-04-28,55.3498
2009-04-29,58.1661
2009-04-30,58.2118
2009-05-01,58.9519
2009-05-04,63.3037
2009-05-05,62.5796
2009-05-06,64.7315
2009-05-07,61.6867
2009-05-08,64.5884
2009-05-11,60.6218
2009-05-12,60.0197
2009-05-13,55.1313
2009-05-14,56.3726
2009-05-15,54.8387
2009-05-18,58.9023
2009-05-19,58.6598
2009-05-20,57.283
2009-05-21,54.4178
2009-05-22,54.0022
2009-05-26,58.0489
2009-05-27,54.4444
2009-05-28,56.6188
2009-05-29,59.2556
2009-06-01,62.5859
2009-06-02,62.7006
2009-06-03,59.8076
2009-06-04,61.1899
2009-06-05,61.2218
2009-06-08,60.2059
2009-06-09,61.0434
2009-06-10,60.3746
2009-06-11,61.1585
2009-06-12,61.6528
2009-06-15,55.4271
2009-06-16,52.2189
2009-06-17,51.9927
2009-06-18,53.5669
2009-06-19,53.0767
2009-06-22,46.2127
2009-06-23,46.3978
2009-06-24,48.4463
2009-06-25,53.2508
2009-06-26,52.6194
2009-06-29,54.6478
2009-06-30,52.5813
2009-07-01,53.5188
2009-07-02,47.0288
2009-07-06,47.005
2009-07-07,43.0161
2009-07-08,42.8841
2009-07-09,43.4024
2009-07-10,42.8962
2009-07-13,49.2512
2009-07-14,50.623
2009-07-15,57.0049
2009-07-16,56.5692
2009-07-17,58.8217
2009-07-20,60.9158
2009-07-21,61.8123
2009-07-22,61.7443
2009-07-23,65.9064
2009-07-24,66.6288
2009-07-27,67.1611
2009-07-28,65.4188
2009-07-29,64.5073
2009-07-30,66.6023
2009-07-31,66.8853
2009-08-03,70.0003
2009-08-04,70.4668
2009-08-05,69.2034
2009-08-06,66.9383
2009-08-07,69.5788
2009-08-10,68.6535
2009-08-11,63.3344
2009-08-12,65.7093
2009-08-13,67.3131
2009-08-14,64.1156
2009-08-17,55.3207
2009-08-18,57.2616
2009-08-19,59.3356
2009-08-20,61.6546
2009-08-21,65.6218
2009-08-24,65.5857
2009-08-25,65.9794
2009-08-26,65.9999
2009-08-27,66.4881
2009-08-28,66.4008
2009-08-31,62.4325
2009-09-01,54.0759
2009-09-02,52.8244
2009-09-03,55.2077
2009-09-04,58.919
2009-09-08,61.0397
2009-09-09,62.8518
2009-09-10,65.1418
2009-09-11,65.0622
2009-09-14,66.1725
2009-09-15,67.1214
2009-09-16,70.3094
2009-09-17,69.5991
2009-09-18,67.6213
2009-09-21,66.4025
2009-09-22,67.8052
2009-09-23,63.7816
2009-09-24,58.9417
2009-09-25,56.7713
2009-09-28,61.7254
2009-09-29,60.477
2009-09-30,58.8711
2009-10-01,49.9493
2009-10-02,48.5309
2009-10-05,53.0081
2009-10-06,56.8554
2009-10-07,57.5672
2009-10-08,59.53
2009-10-09,61.0519
2009-10-12,62.0233
2009-10-13,61.1819
2009-10-14,65.3432
2009-10-15,66.1686
2009-10-16,62.9341
2009-10-19,64.9155
2009-10-20,62.6439
2009-10-21,58.9735
2009-10-22,61.6298
2009-10-23,57.1998
2009-10-26,53.4167
2009-10-27,51.9034
2009-10-28,46.2462
2009-10-29,52.34
2009-10-30,44.9419
2009-11-02,46.8856
2009-11-03,47.7291
2009-11-04,48.4343
2009-11-05,53.1865
2009-11-06,53.8362
2009-11-09,59.0496
2009-11-10,59.0894
2009-11-11,60.2304
2009-11-12,56.89
2009-11-13,58.1763
2009-11-16,61.4399
2009-11-17,61.6971
2009-11-18,61.4647
2009-11-19,56.7995
2009-11-20,55.6046
2009-11-23,58.8522
2009-11-24,59.236
2009-11-25,60.1342
2009-11-27,54.2904
2009-11-30,55.2267
2009-12-01,58.5144
2009-12-02,58.3486
2009-12-03,55.4697
2009-12-04,57.0837
2009-12-07,56.502
2009-12-08,52.4326
2009-12-09,53.605
2009-12-10,55.3566
2009-12-11,56.6622
2009-12-14,58.7172
2009-12-15,56.7781
2009-12-16,57.2638
2009-12-17,52.3802
2009-12-18,52.4757
2009-12-21,55.948
2009-12-22,57.1257
2009-12-23,57.7791
2009-12-24,59.3503
2009-12-28,60.0587
2009-12-29,59.3331
2009-12-30,59.145
2009-12-31,54.2573
2010-01-04,60.3007
2010-01-05,61.1581
2010-01-06,61.3922
2010-01-07,62.8077
2010-01-08,63.9104
2010-01-11,64.3784
2010-01-12,58.9924
2010-01-13,61.9952
2010-01-14,62.9182
2010-01-15,56.8686
2010-01-19,61.1922
2010-01-20,56.2976
2010-01-21,48.633
2010-01-22,41.819
2010-01-25,43.6869
2010-01-26,42.5069
2010-01-27,44.2972
2010-01-28,41.0379
2010-01-29,38.2625
2010-02-01,43.9132
2010-02-02,47.8822
2010-02-03,46.4408
2010-02-04,38.8526
2010-02-05,39.5276
2010-02-08,37.9829
2010-02-09,42.0971
2010-02-10,41.638
2010-02-11,45.0051
2010-02-12,44.7865
2010-02-16,49.6484
2010-02-17,51.0367
2010-02-18,52.7507
2010-02-19,53.3589
2010-02-22,53.4138
2010-02-23,49.2923
2010-02-24,52.1971
2010-02-25,51.7338
2010-02-26,51.9434
2010-03-01,55.2992
2010-03-02,56.1677
2010-03-03,56.455
2010-03-04,57.4531
2010-03-05,61.8154
2010-03-08,61.8666
2010-03-09,62.3704
2010-03-10,63.7246
2010-03-11,64.9734
2010-03-12,64.9998
2010-03-15,65.083
2010-03-16,67.5709
2010-03-17,69.298
2010-03-18,68.9618
2010-03-19,63.206
2010-03-22,64.9884
2010-03-23,67.2004
2010-03-24,64.2311
2010-03-25,63.2505
2010-03-26,62.8782
2010-03-29,65.1601
2010-03-30,65.4021
2010-03-31,63.0953
2010-04-01,65.6462
2010-04-05,68.4049
2010-04-06,69.1651
2010-04-07,65.1574
2010-04-08,66.3933
2010-04-09,68.6222
2010-04-12,69.1469
2010-04-13,69.402
2010-04-14,72.9587
2010-04-15,73.1998
2010-04-16,61.9735
2010-04-19,63.3529
2010-04-20,66.4033
2010-04-21,65.2282
2010-04-22,66.2568
2010-04-23,68.4149
2010-04-26,65.8341
2010-04-27,52.7627
2010-04-28,55.6682
2010-04-29,59.9341
2010-04-30,52.5599
2010-05-03,56.7663
2010-05-04,48.4554
2010-05-05,46.6761
2010-05-06,38.444
2010-05-07,35.5791
2010-05-10,47.5622
2010-05-11,46.9432
2010-05-12,50.2866
2010-05-13,47.45
2010-05-14,43.7163
2010-05-17,43.8492
2010-05-18,41.2038
2010-05-19,40.151
2010-05-20,34.1031
2010-05-21,37.7738
2010-05-24,35.8969
2010-05-25,36.1592
2010-05-26,35.2616
2010-05-27,43.4267
2010-05-28,41.3035
2010-06-01,38.6692
2010-06-02,44.3542
2010-06-03,45.0814
2010-06-04,39.5165
2010-06-07,37.8356
2010-06-08,40.1138
2010-06-09,39.3481
2010-06-10,45.3229
2010-06-11,46.2754
2010-06-14,46.0048
2010-06-15,50.47
2010-06-16,50.3995
2010-06-17,50.7254
2010-06-18,49.9386
2010-06-21,49.3103
2010-06-22,45.8206
2010-06-23,45.1984
2010-06-24,42.0025
2010-06-25,43.0562
2010-06-28,42.4429
2010-06-29,37.0225
2010-06-30,35.5955
2010-07-01,34.9369
2010-07-02,34.1278
2010-07-06,35.9947
2010-07-07,44.0645
2010-07-08,46.3711
2010-07-09,48.0879
2010-07-12,48.2405
2010-07-13,51.7196
2010-07-14,51.6972
2010-07-15,51.7633
2010-07-16,45.2084
2010-07-19,46.6908
2010-07-20,49.4121
2010-07-21,46.4544
2010-07-22,51.6212
2010-07-23,53.4986
2010-07-26,55.6898
2010-07-27,55.6658
2010-07-28,53.9045
2010-07-29,52.5908
2010-07-30,52.5409
2010-08-02,57.7915
2010-08-03,56.3679
2010-08-04,57.8846
2010-08-05,57.5477
2010-08-06,56.2271
2010-08-09,57.5641
2010-08-10,55.742
2010-08-11,47.7148
2010-08-12,46.1916
2010-08-13,45.462
2010-08-16,45.3442
2010-08-17,49.0414
2010-08-18,49.5813
2010-08-19,44.8091
2010-08-20,43.9923
2010-08-23,43.0253
2010-08-24,39.4825
2010-08-25,40.8055
2010-08-26,39.2417
2010-08-27,44.3918
2010-08-30,40.9199
2010-08-31,40.9199
2010-09-01,49.7667
2010-09-02,52.1834
2010-09-03,55.3615
2010-09-07,52.1497
2010-09-08,53.8845
2010-09-09,55.0214
2010-09-10,56.2675
2010-09-13,58.9203
2010-09-14,58.7087
2010-09-15,59.6459
2010-09-16,59.5466
2010-09-17,57.6612
2010-09-20,61.5928
2010-09-21,60.7981
2010-09-22,58.8521
2010-09-23,55.7652
2010-09-24,61.1713
2010-09-27,59.3609
2010-09-28,60.2613
2010-09-29,59.5667
2010-09-30,58.3629
2010-10-01,59.5769
2010-10-04,56.4717
2010-10-05,62.0202
2010-10-06,61.9839
2010-10-07,61.4536
2010-10-08,63.0007
2010-10-11,63.2633
2010-10-12,64.1403
2010-10-13,66.282
2010-10-14,64.2405
2010-10-15,64.8353
2010-10-18,66.2629
2010-10-19,59.4711
2010-10-20,62.4507
2010-10-21,63.102
2010-10-22,63.6633
2010-10-25,64.5661
2010-10-26,64.6189
2010-10-27,62.9384
2010-10-28,62.998
2010-10-29,63.2777
2010-11-01,63.4071
2010-11-02,66.3408
2010-11-03,67.7313
2010-11-04,73.3159
2010-11-05,74.25
2010-11-08,72.9067
2010-11-09,67.9554
2010-11-10,69.1821
2010-11-11,66.6603
2010-11-12,59.5122
2010-11-15,58.7296
2010-11-16,50.9687
2010-11-17,51.1865
2010-11-18,57.0167
2010-11-19,58.0177
2010-11-22,57.5899
2010-11-23,50.7374
2010-11-24,56.2488
2010-11-26,51.4057
2010-11-29,52.5124
2010-11-30,50.2695
2010-12-01,57.4627
2010-12-02,61.1051
2010-12-03,61.8375
2010-12-06,61.3584
2010-12-07,61.5273
2010-12-08,62.6328
2010-12-09,63.8008
2010-12-10,65.5032
2010-12-13,65.6919
2010-12-14,65.9614
2010-12-15,63.2512
2010-12-16,65.1549
2010-12-17,62.6862
2010-12-20,63.5255
2010-12-21,65.6661
2010-12-22,66.6822
2010-12-23,65.737
2010-12-27,65.8784
2010-12-28,66.4039
2010-12-29,66.674
2010-12-30,65.4432
2010-12-31,65.5437
2011-01-03,69.5768
2011-01-04,69.1182
2011-01-05,71.0142
2011-01-06,69.3173
2011-01-07,67.6166
2011-01-10,66.5171
2011-01-11,68.0549
2011-01-12,71.5677
2011-01-13,70.0863
2011-01-14,72.7188
2011-01-18,73.3038
2011-01-19,64.8532
2011-01-20,63.8166
2011-01-21,64.8262
2011-01-24,67.2476
2011-01-25,67.4736
2011-01-26,69.0779
2011-01-27,70.0724
2011-01-28,56.5032
2011-01-31,59.9552
2011-02-01,66.0426
2011-02-02,64.7845
2011-02-03,65.585
2011-02-04,66.6045
2011-02-07,68.7632
2011-02-08,70.2447
2011-02-09,68.534
2011-02-10,68.6679
2011-02-11,70.7383
2011-02-14,71.5402
2011-02-15,68.9305
2011-02-16,71.1464
2011-02-17,72.1423
2011-02-18,72.8332
2011-02-22,58.1851
2011-02-23,54.7104
2011-02-24,54.3309
2011-02-25,58.9887
2011-02-28,61.415
2011-03-01,52.5544
2011-03-02,53.4461
2011-03-03,59.8564
2011-03-04,56.2489
2011-03-07,52.7674
2011-03-08,55.9415
2011-03-09,55.2953
2011-03-10,47.8001
2011-03-11,50.3998
2011-03-14,48.1826
2011-03-15,44.3123
2011-03-16,39.0397
2011-03-17,43.9644
2011-03-18,43.7638
2011-03-21,49.1373
2011-03-22,48.0391
2011-03-23,49.0251
2011-03-24,52.2233
2011-03-25,53.2199
2011-03-28,52.3011
2011-03-29,54.5713
2011-03-30,56.8088
2011-03-31,56.2321
2011-04-01,57.6403
2011-04-04,57.9202
2011-04-05,57.8471
2011-04-06,58.9922
2011-04-07,57.6575
2011-04-08,55.8578
2011-04-11,54.3061
2011-04-12,50.6413
2011-04-13,50.605
2011-04-14,50.975
2011-04-15,52.7629
2011-04-18,47.1786
2011-04-19,50.0014
2011-04-20,55.9195
2011-04-21,57.9116
2011-04-25,57.3499
2011-04-26,60.65
2011-04-27,62.9586
2011-04-28,64.0682
2011-04-29,64.8736
2011-05-02,63.8844
2011-05-03,61.578
2011-05-04,57.5603
2011-05-05,52.6579
2011-05-06,54.6252
2011-05-09,56.3096
2011-05-10,59.7848
2011-05-11,54.1473
2011-05-12,56.0976
2011-05-13,52.2929
2011-05-16,49.4099
2011-05-17,49.3426
2011-05-18,53.3286
2011-05-19,54.3455
2011-05-20,50.4747
2011-05-23,45.5299
2011-05-24,45.1991
2011-05-25,46.8257
2011-05-26,49.0334
2011-05-27,50.83
2011-05-31,55.346
2011-06-01,45.7124
2011-06-02,45.3286
2011-06-03,41.8669
2011-06-06,38.5982
2011-06-07,38.4152
2011-06-08,37.1632
2011-06-09,40.8462
2011-06-10,36.6886
2011-06-13,37.0632
2011-06-14,42.8318
2011-06-15,37.6716
2011-06-16,38.6192
2011-06-17,38.0751
2011-06-20,40.3741
2011-06-21,46.0503
2011-06-22,44.0815
2011-06-23,43.1601
2011-06-24,39.6472
2011-06-27,43.3294
2011-06-28,48.2419
2011-06-29,51.2015
2011-06-30,54.2992
2011-07-01,58.6134
2011-07-05,58.2867
2011-07-06,58.6397
2011-07-07,61.6105
2011-07-08,58.5529
2011-07-11,51.7147
2011-07-12,50.2652
2011-07-13,51.3727
2011-07-14,48.9974
2011-07-15,50.9895
2011-07-18,48.1749
2011-07-19,53.4809
2011-07-20,53.2642
2011-07-21,57.4379
2011-07-22,57.6328
2011-07-25,55.4082
2011-07-26,53.9469
2011-07-27,46.8462
2011-07-28,45.9598
2011-07-29,43.9115
2011-08-01,42.6743
2011-08-02,36.2444
2011-08-03,38.2681
2011-08-04,29.6563
2011-08-05,29.4438
2011-08-08,22.1787
2011-08-09,33.6775
2011-08-10,29.167
2011-08-11,37.6966
2011-08-12,38.9104
2011-08-15,42.6332
2011-08-16,41.5355
2011-08-17,41.6583
2011-08-18,36.4584
2011-08-19,34.8012
2011-08-22,34.951
2011-08-23,40.8478
2011-08-24,43.242
2011-08-25,41.3103
2011-08-26,43.7919
2011-08-29,48.3988
2011-08-30,48.8157
2011-08-31,49.5398
2011-09-01,47.8507
2011-09-02,44.0356
2011-09-06,43.0305
2011-09-07,47.8394
2011-09-08,46.2817
2011-09-09,42.6343
2011-09-12,43.7559
2011-09-13,45.3602
2011-09-14,47.7501
2011-09-15,50.6231
2011-09-16,50.7477
2011-09-19,48.9986
2011-09-20,48.7937
2011-09-21,43.9084
2011-09-22,39.4774
2011-09-23,40.6152
2011-09-26,44.9414
2011-09-27,46.9019
2011-09-28,43.8665
2011-09-29,45.28
2011-09-30,41.7532
2011-10-03,38.2693
2011-10-04,42.077
2011-10-05,45.1506
2011-10-06,48.0391
2011-10-07,47.0562
2011-10-10,52.1674
2011-10-11,52.3177
2011-10-12,53.6584
2011-10-13,53.2979
2011-10-14,55.9711
2011-10-17,52.3857
2011-10-18,55.4055
2011-10-19,53.2135
2011-10-20,53.915
2011-10-21,56.8812
2011-10-24,58.7214
2011-10-25,54.7716
2011-10-26,56.3547
2011-10-27,61.2947
2011-10-28,61.2441
2011-10-31,56.202
2011-11-01,51.1932
2011-11-02,53.6647
2011-11-03,56.3095
2011-11-04,55.1799
2011-11-07,56.1186
2011-11-08,58.0397
2011-11-09,51.1691
2011-11-10,52.6201
2011-11-11,55.4321
2011-11-14,53.7113
2011-11-15,54.4798
2011-11-16,51.5723
2011-11-17,48.8682
2011-11-18,48.6909
2011-11-21,45.5834
2011-11-22,44.9713
2011-11-23,41.6753
2011-11-25,41.4081
2011-11-28,46.8984
2011-11-29,47.4216
2011-11-30,54.3074
2011-12-01,54.2771
2011-12-02,54.1024
2011-12-05,55.9479
2011-12-06,56.0026
2011-12-07,56.669
2011-12-08,51.7858
2011-12-09,54.8775
2011-12-12,51.8132
2011-12-13,49.9618
2011-12-14,47.9261
2011-12-15,48.6656
2011-12-16,47.7093
2011-12-19,45.6296
2011-12-20,51.8197
2011-12-21,52.1974
2011-12-22,53.9396
2011-12-23,55.6711
2011-12-27,55.8272
2011-12-28,52.5918
2011-12-29,54.7375
2011-12-30,53.5122
2012-01-03,56.7962
2012-01-04,57.1151
2012-01-05,57.6742
2012-01-06,56.9161
2012-01-09,57.4689
2012-01-10,59.4308
2012-01-11,59.5546
2012-01-12,60.1221
2012-01-13,58.2623
2012-01-17,59.2525
2012-01-18,61.9687
2012-01-19,63.2141
2012-01-20,64.0931
2012-01-23,62.9937
2012-01-24,62.4959
2012-01-25,64.6523
2012-01-26,62.3205
2012-01-27,62.1125
2012-01-30,60.5174
2012-01-31,60.3362
2012-02-01,63.0174
2012-02-02,63.4918
2012-02-03,67.3915
2012-02-06,67.0268
2012-02-07,67.7214
2012-02-08,68.542
2012-02-09,68.8958
2012-02-10,64.4107
2012-02-13,66.6931
2012-02-14,65.9364
2012-02-15,63.1418
2012-02-16,66.6597
2012-02-17,67.4499
2012-02-21,67.5846
2012-02-22,65.4914
2012-02-23,66.9603
2012-02-24,67.6842
2012-02-27,68.2458
2012-02-28,69.2247
2012-02-29,66.3193
2012-03-01,68.1683
2012-03-02,65.915
2012-03-05,62.9926
2012-03-06,53.9933
2012-03-07,57.0304
2012-03-08,60.9295
2012-03-09,62.3417
2012-03-12,62.3687
2012-03-13,68.3042
2012-03-14,67.6251
2012-03-15,69.3568
2012-03-16,67.3894
2012-03-19,68.6165
2012-03-20,66.6485
2012-03-21,65.5385
2012-03-22,60.8536
2012-03-23,62.1234
2012-03-26,67.0271
2012-03-27,65.0374
2012-03-28,61.9574
2012-03-29,60.9163
2012-03-30,62.5185
2012-04-02,65.1864
2012-04-03,62.5475
2012-04-04,56.7139
2012-04-05,56.4368
2012-04-09,50.6012
2012-04-10,43.5903
2012-04-11,47.2388
2012-04-12,52.5011
2012-04-13,47.8685
2012-04-16,47.6273
2012-04-17,53.2253
2012-04-18,51.874
2012-04-19,49.3752
2012-04-20,50.03
2012-04-23,46.8154
2012-04-24,48.3805
2012-04-25,53.5791
2012-04-26,55.9865
2012-04-27,56.5489
2012-04-30,54.88
2012-05-01,57.1093
2012-05-02,55.7105
2012-05-03,52.2768
2012-05-04,46.001
2012-05-07,46.3025
2012-05-08,44.8523
2012-05-09,42.7753
2012-05-10,43.7236
2012-05-11,42.6346
2012-05-14,38.9033
2012-05-15,37.1466
2012-05-16,36.0128
2012-05-17,32.037
2012-05-18,30.0516
2012-05-21,38.0927
2012-05-22,38.8558
2012-05-23,39.0963
2012-05-24,40.0188
2012-05-25,38.9907
2012-05-29,44.5685
2012-05-30,39.9113
2012-05-31,39.2657
2012-06-01,32.8761
2012-06-04,32.7744
2012-06-05,36.1383
2012-06-06,44.8268
2012-06-07,45.0439
2012-06-08,47.8776
2012-06-11,44.0311
2012-06-12,47.9631
2012-06-13,46.0463
2012-06-14,49.5424
2012-06-15,51.1375
2012-06-18,51.7604
2012-06-19,54.7935
2012-06-20,54.1866
2012-06-21,46.6677
2012-06-22,49.1593
2012-06-25,44.5617
2012-06-26,46.1953
2012-06-27,49.0451
2012-06-28,48.1872
2012-06-29,55.3486
2012-07-02,56.139
2012-07-03,57.8626
2012-07-05,56.2594
2012-07-06,53.0173
2012-07-09,52.6001
2012-07-10,49.7399
2012-07-11,49.7886
2012-07-12,48.1907
2012-07-13,53.5933
2012-07-16,52.7659
2012-07-17,54.8962
2012-07-18,57.1076
2012-07-19,57.8824
2012-07-20,54.2707
2012-07-23,50.6286
2012-07-24,47.7908
2012-07-25,47.8704
2012-07-26,53.3784
2012-07-27,58.6071
2012-07-30,58.6071
2012-07-31,55.9215
2012-08-01,55.5898
2012-08-02,52.9713
2012-08-03,58.7989
2012-08-06,59.3275
2012-08-07,60.7032
2012-08-08,61.0401
2012-08-09,61.2868
2012-08-10,61.7749
2012-08-13,61.5264
2012-08-14,61.5729
2012-08-15,61.96
2012-08-16,64.4132
2012-08-17,64.8491
2012-08-20,64.873
2012-08-21,62.9408
2012-08-22,63.1023
2012-08-23,57.9644
2012-08-24,60.4483
2012-08-27,60.535
2012-08-28,59.8905
2012-08-29,60.2406
2012-08-30,55.5114
2012-08-31,57.802
2012-09-04,57.2005
2012-09-05,56.6279
2012-09-06,65.3336
2012-09-07,66.7108
2012-09-10,62.8616
2012-09-11,63.9303
2012-09-12,65.1953
2012-09-13,70.2324
2012-09-14,71.5145
2012-09-17,69.1045
2012-09-18,68.5211
2012-09-19,68.7065
2012-09-20,68.7307
2012-09-21,64.3267
2012-09-24,63.21
2012-09-25,56.0007
2012-09-26,52.6947
2012-09-27,57.1343
2012-09-28,54.464
2012-10-01,55.7001
2012-10-02,56.1942
2012-10-03,58.1278
2012-10-04,61.2977
2012-10-05,61.3273
2012-10-08,58.9517
2012-10-09,52.7565
2012-10-10,49.2741
2012-10-11,49.5787
2012-10-12,47.8033
2012-10-15,52.351
2012-10-16,57.1702
2012-10-17,59.1369
2012-10-18,57.5357
2012-10-19,48.6662
2012-10-22,48.7347
2012-10-23,42.7611
2012-10-24,41.6802
2012-10-25,43.2286
2012-10-26,42.9941
2012-10-31,42.9941
2012-11-01,48.6978
2012-11-02,44.6615
2012-11-05,45.7424
2012-11-06,49.701
2012-11-07,40.5998
2012-11-08,36.9106
2012-11-09,37.3387
2012-11-12,37.7463
2012-11-13,36.6512
2012-11-14,32.7728
2012-11-15,32.3276
2012-11-16,35.0341
2012-11-19,44.6358
2012-11-20,44.8224
2012-11-21,45.6579
2012-11-23,51.3272
2012-11-26,50.4524
2012-11-27,48.3697
2012-11-28,51.666
2012-11-29,53.4915
2012-11-30,53.5754
2012-12-03,51.3024
2012-12-04,50.6561
2012-12-05,51.4607
2012-12-06,53.0094
2012-12-07,54.382
2012-12-10,54.5768
2012-12-11,57.6551
2012-12-12,57.872
2012-12-13,54.1987
2012-12-14,52.1021
2012-12-17,57.5488
2012-12-18,61.9162
2012-12-19,57.6985
2012-12-20,59.9078
2012-12-21,51.8981
2012-12-24,50.5545
2012-12-26,48.7431
2012-12-27,48.1678
2012-12-28,43.7873
2012-12-31,51.0732
2013-01-02,59.5391
2013-01-03,58.5745
2013-01-04,59.9007
2013-01-07,58.6651
2013-01-08,57.3574
2013-01-09,58.221
2013-01-10,60.8384
2013-01-11,60.8038
2013-01-14,60.4423
2013-01-15,60.6883
2013-01-16,60.609
2013-01-17,63.0263
2013-01-18,63.8377
2013-01-22,65.7555
2013-01-23,66.3196
2013-01-24,66.4166
2013-01-25,68.4276
2013-01-28,67.5157
2013-01-29,68.9437
2013-01-30,65.8945
2013-01-31,64.0253
2013-02-01,68.0021
2013-02-04,60.2614
2013-02-05,64.0839
2013-02-06,64.3469
2013-02-07,63.4576
2013-02-08,65.5618
2013-02-11,65.4201
2013-02-12,66.0632
2013-02-13,66.4051
2013-02-14,66.7845
2013-02-15,65.7791
2013-02-19,68.9003
2013-02-20,59.3532
2013-02-21,55.4571
2013-02-22,59.8859
2013-02-25,49.6663
2013-02-26,52.6672
2013-02-27,57.598
2013-02-28,56.6126
2013-03-01,57.8769
2013-03-04,59.8709
2013-03-05,62.9901
2013-03-06,63.4485
2013-03-07,64.0731
2013-03-08,65.5343
2013-03-11,66.8048
2013-03-12,65.3016
2013-03-13,65.8106
2013-03-14,67.6927
2013-03-15,63.6909
2013-03-18,60.1162
2013-03-19,58.6653
2013-03-20,61.5925
2013-03-21,56.4138
2013-03-22,59.7362
2013-03-25,57.3251
2013-03-26,60.5247
2013-03-27,60.5247
2013-03-28,61.7546
2013-04-01,59.2449
2013-04-02,61.3009
2013-04-03,55.2432
2013-04-04,57.0148
2013-04-05,54.492
2013-04-08,57.4638
2013-04-09,58.9163
2013-04-10,63.5716
2013-04-11,64.7116
2013-04-12,63.1514
2013-04-15,50.9503
2013-04-16,56.4605
2013-04-17,50.4667
2013-04-18,48.1953
2013-04-19,51.3775
2013-04-22,52.9442
2013-04-23,56.3952
2013-04-24,56.6033
2013-04-25,57.9549
2013-04-26,57.1354
2013-04-29,59.422
2013-04-30,60.2228
2013-05-01,55.9417
2013-05-02,59.1512
2013-05-03,62.3341
2013-05-06,63.1001
2013-05-07,64.6151
2013-05-08,65.9433
2013-05-09,64.3625
2013-05-10,65.3693
2013-05-13,65.6201
2013-05-14,68.72
2013-05-15,70.209
2013-05-16,67.2555
2013-05-17,69.9821
2013-05-20,69.9438
2013-05-21,70.3539
2013-05-22,65.4941
2013-05-23,63.7011
2013-05-24,63.1701
2013-05-28,65.3216
2013-05-29,61.2152
2013-05-30,62.6126
2013-05-31,54.5419
2013-06-03,56.7605
2013-06-04,54.3113
2013-06-05,47.9927
2013-06-06,51.7592
2013-06-07,56.4648
2013-06-10,56.4648
2013-06-11,51.8614
2013-06-12,48.5526
2013-06-13,54.1622
2013-06-14,51.6787
2013-06-17,54.3727
2013-06-18,56.9776
2013-06-19,51.5233
2013-06-20,43.73
2013-06-21,43.17
2013-06-24,39.8942
2013-06-25,43.2967
2013-06-26,46.6049
2013-06-27,48.4985
2013-06-28,47.2598
2013-07-01,49.2049
2013-07-02,48.9019
2013-07-03,49.056
2013-07-05,52.7814
2013-07-08,54.6473
2013-07-09,56.9209
2013-07-10,57.0362
2013-07-11,61.141
2013-07-12,61.2622
2013-07-15,62.3911
2013-07-16,60.5623
2013-07-17,61.3757
2013-07-18,63.0902
2013-07-19,63.6442
2013-07-22,64.2652
2013-07-23,63.0289
2013-07-24,60.9049
2013-07-25,61.8009
2013-07-26,62.2013
2013-07-29,60.28
2013-07-30,60.28
2013-07-31,60.5913
2013-08-01,65.2493
2013-08-02,65.8806
2013-08-05,64.8121
2013-08-06,60.7858
2013-08-07,58.6125
2013-08-08,60.2969
2013-08-09,58.3223
2013-08-12,57.513
2013-08-13,59.0097
2013-08-14,55.4331
2013-08-15,47.2548
2013-08-16,45.6043
2013-08-19,42.5866
2013-08-20,45.4881
2013-08-21,42.6323
2013-08-22,47.7137
2013-08-23,49.4725
2013-08-26,47.6062
2013-08-27,40.6542
2013-08-28,42.5718
2013-08-29,43.4343
2013-08-30,42.1031
2013-09-03,44.6445
2013-09-04,48.9774
2013-09-05,49.6183
2013-09-06,49.8709
2013-09-09,54.6287
2013-09-10,57.9082
2013-09-11,59.234
2013-09-12,57.6122
2013-09-13,58.6193
2013-09-16,61.1266
2013-09-17,62.9587
2013-09-18,67.1983
2013-09-19,66.033
2013-09-20,58.5193
2013-09-23,55.9252
2013-09-24,54.6345
2013-09-25,53.0554
2013-09-26,54.8765
2013-09-27,52.3132
2013-09-30,49.5046
2013-10-01,53.3966
2013-10-02,52.8805
2013-10-03,48.108
2013-10-04,51.8332
2013-10-07,47.6903
2013-10-08,42.8725
2013-10-09,43.2439
2013-10-10,52.8445
2013-10-11,55.2759
2013-10-14,56.7407
2013-10-15,53.3846
2013-10-16,58.3419
2013-10-17,60.488
2013-10-18,62.554
2013-10-21,62.5717
2013-10-22,64.3536
2013-10-23,61.7786
2013-10-24,62.8588
2013-10-25,64.3227
2013-10-28,64.8333
2013-10-29,66.5265
2013-10-30,63.5131
2013-10-31,61.8379
2013-11-01,62.7076
2013-11-04,63.9831
2013-11-05,61.968
2013-11-06,63.8918
2013-11-07,56.4154
2013-11-08,61.4219
2013-11-11,61.4811
2013-11-12,60.3119
2013-11-13,63.2163
2013-11-14,64.9104
2013-11-15,66.3406
2013-11-18,64.1187
2013-11-19,62.7493
2013-11-20,60.787
2013-11-21,63.8472
2013-11-22,65.6127
2013-11-25,64.945
2013-11-26,65.049
2013-11-27,65.9839
2013-11-29,65.4811
2013-12-02,63.4866
2013-12-03,60.2792
2013-12-04,60.1971
2013-12-05,56.9715
2013-12-06,62.3481
2013-12-09,63.4537
2013-12-10,60.7983
2013-12-11,53.4455
2013-12-12,51.5386
2013-12-13,51.4731
2013-12-16,54.8285
2013-12-17,52.8531
2013-12-18,60.8068
2013-12-19,60.0723
2013-12-20,60.2408
2013-12-23,62.5465
2013-12-24,63.4661
2013-12-26,65.5371
2013-12-27,65.4951
2013-12-30,65.3627
2013-12-31,67.3752
2014-01-02,59.9195
2014-01-03,59.8014
2014-01-06,57.6876
2014-01-07,60.772
2014-01-08,60.8792
2014-01-09,61.214
2014-01-10,62.6169
2014-01-13,52.7714
2014-01-14,58.3433
2014-01-15,60.7787
2014-01-16,59.8853
2014-01-17,57.018
2014-01-21,58.4672
2014-01-22,58.7922
2014-01-23,53.2707
2014-01-24,42.4358
2014-01-27,40.4802
2014-01-28,43.766
2014-01-29,39.9948
2014-01-30,45.4071
2014-01-31,43.1205
2014-02-03,35.8608
2014-02-04,39.1421
2014-02-05,38.7657
2014-02-06,44.6494
2014-02-07,49.5126
2014-02-10,50.2034
2014-02-11,54.1461
2014-02-12,54.32
2014-02-13,56.1487
2014-02-14,58.0482
2014-02-18,58.4608
2014-02-19,55.287
2014-02-20,57.44
2014-02-21,56.8794
2014-02-24,58.9288
2014-02-25,58.7272
2014-02-26,58.7484
2014-02-27,60.8064
2014-02-28,61.779
2014-03-03,57.5866
2014-03-04,62.8531
2014-03-05,63.1679
2014-03-06,63.9805
2014-03-07,64.1355
2014-03-10,63.7745
2014-03-11,60.4436
2014-03-12,60.5602
2014-03-13,53.5793
2014-03-14,52.0164
2014-03-17,56.3233
2014-03-18,59.3799
2014-03-19,56.2636
2014-03-20,58.7476
2014-03-21,54.1446
2014-03-24,52.0135
2014-03-25,54.1829
2014-03-26,50.5219
2014-03-27,49.4973
2014-03-28,51.8936
2014-03-31,55.5978
2014-04-01,58.3517
2014-04-02,59.6888
2014-04-03,58.899
2014-04-04,52.3895
2014-04-07,47.3057
2014-04-08,49.2194
2014-04-09,53.8398
2014-04-10,45.276
2014-04-11,42.3023
2014-04-14,45.564
2014-04-15,48.276
2014-04-16,52.1219
2014-04-17,52.6215
2014-04-21,53.8876
2014-04-22,55.5237
2014-04-23,54.4706
2014-04-24,55.2423
2014-04-25,51.5173
2014-04-28,52.8008
2014-04-29,54.6638
2014-04-30,55.8446
2014-05-01,55.8878
2014-05-02,55.1216
2014-05-05,55.9689
2014-05-06,51.3224
2014-05-07,54.0176
2014-05-08,53.4512
2014-05-09,54.1595
2014-05-12,58.5039
2014-05-13,58.8849
2014-05-14,56.0185
2014-05-15,51.1813
2014-05-16,52.8591
2014-05-19,54.6025
2014-05-20,51.1672
2014-05-21,55.114
2014-05-22,56.199
2014-05-23,57.9659
2014-05-27,60.5451
2014-05-28,60.0808
2014-05-29,62.2366
2014-05-30,62.8971
2014-06-02,63.3756
2014-06-03,62.9869
2014-06-04,63.8959
2014-06-05,66.6788
2014-06-06,68.5616
2014-06-09,68.9586
2014-06-10,68.9999
2014-06-11,65.87
2014-06-12,60.0511
2014-06-13,61.5786
2014-06-16,61.9934
2014-06-17,63.3974
2014-06-18,66.8146
2014-06-19,67.3089
2014-06-20,64.8147
2014-06-23,64.535
2014-06-24,59.2426
2014-06-25,61.7078
2014-06-26,61.089
2014-06-27,62.1728
2014-06-30,61.6968
2014-07-01,65.3544
2014-07-02,65.878
2014-07-03,68.3223
2014-07-07,64.8442
2014-07-08,59.0227
2014-07-09,61.5411
2014-07-10,58.2036
2014-07-11,59.0135
2014-07-14,61.8656
2014-07-15,60.2171
2014-07-16,62.3032
2014-07-17,53.2449
2014-07-18,58.8437
2014-07-21,57.5028
2014-07-22,59.7471
2014-07-23,60.8602
2014-07-24,60.8861
2014-07-25,57.1849
2014-07-28,57.4193
2014-07-29,54.1066
2014-07-30,54.2047
2014-07-31,41.9564
2014-08-01,40.4955
2014-08-04,45.2253
2014-08-05,40.6277
2014-08-06,40.8298
2014-08-07,38.4424
2014-08-08,45.5623
2014-08-11,47.1915
2014-08-12,46.4854
2014-08-13,50.2842
2014-08-14,52.7631
2014-08-15,52.643
2014-08-18,56.88
2014-08-19,59.288
2014-08-20,60.4833
2014-08-21,61.7761
2014-08-22,60.6596
2014-08-25,62.9557
2014-08-26,63.2463
2014-08-27,62.9265
2014-08-28,62.4693
2014-08-29,63.9
2014-09-02,63.4533
2014-09-03,62.9438
2014-09-04,61.5719
2014-09-05,64.1262
2014-09-08,61.6346
2014-09-09,56.037
2014-09-10,58.3863
2014-09-11,59.092
2014-09-12,54.1728
2014-09-15,53.571
2014-09-16,58.432
2014-09-17,59.2406
2014-09-18,62.2997
2014-09-19,57.5413
2014-09-22,51.78
2014-09-23,48.0549
2014-09-24,52.904
2014-09-25,43.9353
2014-09-26,48.3966
2014-09-29,47.4789
2014-09-30,46.1483
2014-10-01,40.0777
2014-10-02,40.1707
2014-10-03,46.4204
2014-10-06,45.8782
2014-10-07,39.4833
2014-10-08,47.9951
2014-10-09,40.9923
2014-10-10,37.7239
2014-10-13,33.7
2014-10-14,34.3826
2014-10-15,32.8246
2014-10-16,32.6286
2014-10-17,37.9896
2014-10-20,42.0288
2014-10-21,49.2038
2014-10-22,46.9641
2014-10-23,50.7913
2014-10-24,53.1732
2014-10-27,52.69
2014-10-28,56.183
2014-10-29,55.6068
2014-10-30,57.5471
2014-10-31,60.7859
2014-11-03,60.9373
2014-11-04,59.4015
2014-11-05,61.2658
2014-11-06,62.4242
2014-11-07,62.6997
2014-11-10,63.6446
2014-11-11,63.945
2014-11-12,63.3389
2014-11-13,63.7174
2014-11-14,63.8029
2014-11-17,64.0349
2014-11-18,66.11
2014-11-19,65.0059
2014-11-20,65.6644
2014-11-21,67.624
2014-11-24,68.618
2014-11-25,68.0492
2014-11-26,69.0048
2014-11-28,67.2472
2014-12-01,61.8226
2014-12-02,64.599
2014-12-03,66.1573
2014-12-04,65.2876
2014-12-05,65.9834
2014-12-08,60.7433
2014-12-09,60.2361
2014-12-10,49.8728
2014-12-11,52.547
2014-12-12,44.5345
2014-12-15,41.7333
2014-12-16,38.758
2014-12-17,48.1871
2014-12-18,57.1239
2014-12-19,56.5886
2014-12-22,58.0988
2014-12-23,58.5463
2014-12-24,58.5795
2014-12-26,59.719
2014-12-29,60.2007
2014-12-30,57.315
2014-12-31,52.4476
2015-01-02,52.1985
2015-01-05,44.6651
2015-01-06,41.441
2015-01-07,46.7442
2015-01-08,53.1792
2015-01-09,50.2421
2015-01-12,47.5609
2015-01-13,46.6277
2015-01-14,44.6539
2015-01-15,41.8418
2015-01-16,46.8403
2015-01-20,47.6211
2015-01-21,49.4739
2015-01-22,54.491
2015-01-23,52.4401
2015-01-26,53.2272
2015-01-27,48.4606
2015-01-28,44.4414
2015-01-29,47.6908
2015-01-30,43.9738
2015-02-02,48.1134
2015-02-03,52.4823
2015-02-04,51.2685
2015-02-05,54.2125
2015-02-06,53.2751
2015-02-09,51.7546
2015-02-10,54.9608
2015-02-11,55.1336
2015-02-12,57.9493
2015-02-13,59.1165
2015-02-17,59.5697
2015-02-18,59.5983
2015-02-19,59.2676
2015-02-20,61.1727
2015-02-23,61.1011
2015-02-24,62.0368
2015-02-25,61.5691
2015-02-26,60.8979
2015-02-27,58.9495
2015-03-02,61.3537
2015-03-03,58.9754
2015-03-04,56.6123
2015-03-05,57.0801
2015-03-06,49.8051
2015-03-09,51.6883
2015-03-10,44.7437
2015-03-11,43.8627
2015-03-12,49.5287
2015-03-13,47.0852
2015-03-16,52.434
2015-03-17,51.2056
2015-03-18,55.6188
2015-03-19,53.6571
2015-03-20,55.2326
2015-03-23,54.3562
2015-03-24,51.8632
2015-03-25,46.0926
2015-03-26,45.2441
2015-03-27,46.2433
2015-03-30,51.2447
2015-03-31,47.847
2015-04-01,46.544
2015-04-02,48.0535
2015-04-06,50.8004
2015-04-07,49.7056
2015-04-08,51.1169
2015-04-09,52.9437
2015-04-10,55.1308
2015-04-13,52.9712
2015-04-14,53.7737
2015-04-15,55.6462
2015-04-16,55.4951
2015-04-17,49.761
2015-04-20,53.7136
2015-04-21,53.1346
2015-04-22,55.2276
2015-04-23,56.2851
2015-04-24,57.2674
2015-04-27,54.9339
2015-04-28,56.3591
2015-04-29,54.024
2015-04-30,48.8562
2015-05-01,53.8351
2015-05-04,55.0577
2015-05-05,49.4926
2015-05-06,47.6894
2015-05-07,49.5565
2015-05-08,55.1406
2015-05-11,52.8776
2015-05-12,51.4901
2015-05-13,51.575
2015-05-14,56.013
2015-05-15,56.4542
2015-05-18,57.7346
2015-05-19,57.5457
2015-05-20,57.1241
2015-05-21,58.4487
2015-05-22,56.9259
2015-05-26,50.6847
2015-05-27,55.2002
2015-05-28,54.5691
2015-05-29,51.1811
2015-06-01,52.1988
2015-06-02,51.6453
2015-06-03,53.0429
2015-06-04,48.3419
2015-06-05,47.4516
2015-06-08,44.2358
2015-06-09,44.3241
2015-06-10,51.1355
2015-06-11,52.8062
2015-06-12,48.4587
2015-06-15,46.5135
2015-06-16,49.4717
2015-06-17,50.3267
2015-06-18,55.2919
2015-06-19,50.5272
2015-06-22,52.953
2015-06-23,53.31
2015-06-24,49.504
2015-06-25,47.914
2015-06-26,48.0947
2015-06-29,39.0683
2015-06-30,40.1886
2015-07-01,44.4861
2015-07-02,43.991
2015-07-06,42.6906
2015-07-07,46.1452
2015-07-08,39.6169
2015-07-09,40.3066
2015-07-10,46.671
2015-07-13,51.3189
2015-07-14,53.1295
2015-07-15,52.9352
2015-07-16,56.0201
2015-07-17,56.3871
2015-07-20,56.6725
2015-07-21,54.5192
2015-07-22,53.3531
2015-07-23,50.5673
2015-07-24,45.7563
2015-07-27,43.3862
2015-07-28,49.3058
2015-07-29,52.289
2015-07-30,52.39
2015-07-31,51.5402
2015-08-03,49.8826
2015-08-04,48.9392
2015-08-05,50.8025
2015-08-06,46.7717
2015-08-07,45.8311
2015-08-10,52.207
2015-08-11,47.8934
2015-08-12,48.4847
2015-08-13,47.9996
2015-08-14,49.5924
2015-08-17,52.384
2015-08-18,50.8284
2015-08-19,46.9821
2015-08-20,38.9525
2015-08-21,30.7002
2015-08-24,23.9392
2015-08-25,22.4452
2015-08-26,35.9555
2015-08-27,42.3163
2015-08-28,42.4238
2015-08-31,40.7262
2015-09-01,35.6323
2015-09-02,40.5686
2015-09-03,40.8832
2015-09-04,38.171
2015-09-08,44.3553
2015-09-09,41.9089
2015-09-10,43.2393
2015-09-11,44.3349
2015-09-14,43.5788
2015-09-15,46.6893
2015-09-16,48.7252
2015-09-17,48.2205
2015-09-18,43.5383
2015-09-21,44.9388
2015-09-22,42.339
2015-09-23,42.0366
2015-09-24,41.3425
2015-09-25,41.2783
2015-09-28,36.3613
2015-09-29,36.6336
2015-09-30,42.0254
2015-10-01,42.8134
2015-10-02,46.8547
2015-10-05,51.2401
2015-10-06,50.3825
2015-10-07,52.3812
2015-10-08,54.5236
2015-10-09,54.6668
2015-10-12,54.9033
2015-10-13,52.9589
2015-10-14,51.5074
2015-10-15,55.5913
2015-10-16,56.7441
2015-10-19,56.8722
2015-10-20,56.415
2015-10-21,54.1923
2015-10-22,58.7538
2015-10-23,61.5263
2015-10-26,60.5435
2015-10-27,59.7473
2015-10-28,62.6637
2015-10-29,62.563
2015-10-30,60.5957
2015-11-02,63.6766
2015-11-03,64.4031
2015-11-04,63.0539
2015-11-05,62.5422
2015-11-06,62.2878
2015-11-09,57.8718
2015-11-10,58.6279
2015-11-11,56.7948
2015-11-12,50.8734
2015-11-13,46.7999
2015-11-16,52.1956
2015-11-17,51.9256
2015-11-18,57.0124
2015-11-19,56.6639
2015-11-20,57.81
2015-11-23,57.3062
2015-11-24,57.7583
2015-11-25,57.6894
2015-11-27,58.1102
2015-11-30,55.9857
2015-12-01,59.5467
2015-12-02,54.5294
2015-12-03,48.6671
2015-12-04,55.5716
2015-12-07,53.1867
2015-12-08,50.6637
2015-12-09,47.9124
2015-12-10,48.8744
2015-12-11,42.6341
2015-12-14,44.5396
2015-12-15,48.3135
2015-12-16,53.05
2015-12-17,48.1429
2015-12-18,41.9121
2015-12-21,44.4902
2015-12-22,47.2247
2015-12-23,50.7421
2015-12-24,50.2663
2015-12-28,49.5897
2015-12-29,52.7117
2015-12-30,50.5018
2015-12-31,47.5605
2016-01-04,43.841
2016-01-05,44.3883
2016-01-06,41.2356
2016-01-07,36.1588
2016-01-08,34.1834
2016-01-11,34.5145
2016-01-12,37.2692
2016-01-13,32.7516
2016-01-14,37.8411
2016-01-15,34.2182
2016-01-19,34.618
2016-01-20,32.6069
2016-01-21,34.3396
2016-01-22,40.2907
2016-01-25,37.5937
2016-01-26,41.272
2016-01-27,39.3004
2016-01-28,40.7118
2016-01-29,46.8344
2016-02-01,46.7563
2016-02-02,43.0353
2016-02-03,44.5525
2016-02-04,44.9587
2016-02-05,41.1031
2016-02-08,38.6827
2016-02-09,38.6978
2016-02-10,38.5388
2016-02-11,36.1819
2016-02-12,42.0206
2016-02-16,46.3385
2016-02-17,50.1819
2016-02-18,49.236
2016-02-19,49.1249
2016-02-22,52.601
2016-02-23,49.4536
2016-02-24,50.5674
2016-02-25,53.4391
2016-02-26,52.8168
2016-02-29,50.7086
2016-03-01,56.1861
2016-03-02,57.1662
2016-03-03,58.0268
2016-03-04,58.7638
2016-03-07,58.9492
2016-03-08,55.3636
2016-03-09,56.6069
2016-03-10,56.8136
2016-03-11,60.7725
2016-03-14,60.3026
2016-03-15,59.6861
2016-03-16,61.1678
2016-03-17,62.7564
2016-03-18,62.237
2016-03-21,62.6148
2016-03-22,62.3657
2016-03-23,59.315
2016-03-24,59.114
2016-03-28,59.3093
2016-03-29,62.2812
2016-03-30,63.6184
2016-03-31,62.3251
2016-04-01,64.4549
2016-04-04,62.6702
2016-04-05,57.514
2016-04-06,61.1556
2016-04-07,55.6012
2016-04-08,56.5253
2016-04-11,55.4652
2016-04-12,58.6987
2016-04-13,61.8888
2016-04-14,61.9025
2016-04-15,61.3226
2016-04-18,63.5998
2016-04-19,64.5936
2016-04-20,64.8989
2016-04-21,61.7331
2016-04-22,61.7331
2016-04-25,60.688
2016-04-26,61.2806
2016-04-27,62.1181
2016-04-28,56.443
2016-04-29,53.4271
2016-05-02,56.9789
2016-05-03,52.3376
2016-05-04,49.6365
2016-05-05,49.5428
2016-05-06,51.3548
2016-05-09,51.7662
2016-05-10,57.4926
2016-05-11,52.4968
2016-05-12,52.6302
2016-05-13,48.3455
2016-05-16,52.8773
2016-05-17,48.5916
2016-05-18,48.7258
2016-05-19,47.1708
2016-05-20,50.2097
2016-05-23,49.5584
2016-05-24,55.3505
2016-05-25,58.0389
2016-05-26,58.1518
2016-05-27,59.8567
2016-05-31,58.7372
2016-06-01,59.5924
2016-06-02,60.8632
2016-06-03,58.9424
2016-06-06,61.1352
2016-06-07,61.7976
2016-06-08,63.1789
2016-06-09,62.1842
2016-06-10,55.7774
2016-06-13,51.2918
2016-06-14,50.2186
2016-06-15,49.4467
2016-06-16,51.1368
2016-06-17,46.2773
2016-06-20,49.8816
2016-06-21,51.404
2016-06-22,50.4739
2016-06-23,57.0012
2016-06-24,40.9151
2016-06-27,35.9997
2016-06-28,43.3102
2016-06-29,49.1836
2016-06-30,53.3247
2016-07-01,53.9503
2016-07-05,51.4885
2016-07-06,53.3427
2016-07-07,53.1136
2016-07-08,57.5838
2016-07-11,58.5817
2016-07-12,60.5983
2016-07-13,60.5383
2016-07-14,62.1189
2016-07-15,61.4923
2016-07-18,62.2919
2016-07-19,61.7809
2016-07-20,63.0826
2016-07-21,61.0763
2016-07-22,62.5664
2016-07-25,61.0771
2016-07-26,61.2417
2016-07-27,60.621
2016-07-28,61.0724
2016-07-29,61.7191
2016-08-01,61.169
2016-08-02,57.0344
2016-08-03,58.3776
2016-08-04,58.8704
2016-08-05,62.4751
2016-08-08,62.0547
2016-08-09,62.3216
2016-08-10,60.4622
2016-08-11,62.6558
2016-08-12,61.9749
2016-08-15,63.3645
2016-08-16,59.2748
2016-08-17,60.2545
2016-08-18,61.4221
2016-08-19,60.2063
2016-08-22,60.1671
2016-08-23,61.3324
2016-08-24,56.8741
2016-08-25,56.2972
2016-08-26,54.7007
2016-08-29,57.9769
2016-08-30,56.5269
2016-08-31,54.0803
2016-09-01,54.1141
2016-09-02,57.345
2016-09-06,59.3754
2016-09-07,59.2819
2016-09-08,57.0103
2016-09-09,40.0946
2016-09-12,49.3503
2016-09-13,42.3501
2016-09-14,42.188
2016-09-15,47.787
2016-09-16,43.7844
2016-09-19,43.888
2016-09-20,43.9152
2016-09-21,50.0345
2016-09-22,53.0876
2016-09-23,50.259
2016-09-26,46.4295
2016-09-27,49.5073
2016-09-28,51.8501
2016-09-29,47.5923
2016-09-30,51.0869
2016-10-03,49.9613
2016-10-04,47.6247
2016-10-05,49.7607
2016-10-06,50.0989
2016-10-07,48.4065
2016-10-10,51.0414
2016-10-11,45.128
2016-10-12,45.8058
2016-10-13,44.3636
2016-10-14,44.6519
2016-10-17,43.0716
2016-10-18,46.6441
2016-10-19,48.113
2016-10-20,47.1541
2016-10-21,47.4298
2016-10-24,49.9322
2016-10-25,48.0282
2016-10-26,46.9038
2016-10-27,45.42
2016-10-28,43.8077
2016-10-31,43.841
2016-11-01,39.9977
2016-11-02,37.1692
2016-11-03,35.1891
2016-11-04,34.7226
2016-11-07,48.9657
2016-11-08,51.3
2016-11-09,56.2762
2016-11-10,57.369
2016-11-11,56.0067
2016-11-14,56.3774
2016-11-15,59.9125
2016-11-16,58.6977
2016-11-17,60.973
2016-11-18,59.4644
2016-11-21,62.7327
2016-11-22,63.5392
2016-11-23,63.7695
2016-11-25,65.3441
2016-11-28,61.7606
2016-11-29,62.652
2016-11-30,60.8128
2016-12-01,58.0703
2016-12-02,58.3388
2016-12-05,61.4573
2016-12-06,63.0032
2016-12-07,68.511
2016-12-08,69.4198
2016-12-09,71.5566
2016-12-12,70.5644
2016-12-13,72.8647
2016-12-14,66.0954
2016-12-15,67.6599
2016-12-16,61.9345
2016-12-19,62.8505
2016-12-20,64.4495
2016-12-21,62.4022
2016-12-22,61.1367
2016-12-23,61.8262
2016-12-27,62.9989
2016-12-28,56.8591
2016-12-29,56.7036
2016-12-30,54.1466
2017-01-03,58.2767
2017-01-04,61.1622
2017-01-05,60.5699
2017-01-06,62.2993
2017-01-09,59.7452
2017-01-10,59.7452
2017-01-11,61.2474
2017-01-12,59.1771
2017-01-13,60.4606
2017-01-17,57.5315
2017-01-18,58.8432
2017-01-19,55.7955
2017-01-20,58.0551
2017-01-23,55.9164
2017-01-24,59.7522
2017-01-25,64.2062
2017-01-26,63.3078
2017-01-27,61.9393
2017-01-30,56.8378
2017-01-31,56.7685
2017-02-01,57.0168
2017-02-02,57.4456
2017-02-03,61.6598
2017-02-06,60.0258
2017-02-07,60.0529
2017-02-08,60.8926
2017-02-09,64.4577
2017-02-10,66.6021
2017-02-13,69.3017
2017-02-14,71.1156
2017-02-15,73.2946
2017-02-16,72.3527
2017-02-17,73.0277
2017-02-21,75.418
2017-02-22,74.3773
2017-02-23,74.6577
2017-02-24,75.1937
2017-02-27,75.8565
2017-02-28,72.3371
2017-03-01,77.9153
2017-03-02,71.0366
2017-03-03,71.3016
2017-03-06,68.1936
2017-03-07,65.202
2017-03-08,63.388
2017-03-09,64.1047
2017-03-10,66.0408
2017-03-13,66.3173
2017-03-14,62.2703
2017-03-15,67.0399
2017-03-16,65.0552
2017-03-17,59.3491
2017-03-20,58.3826
2017-03-21,48.6344
2017-03-22,50.2174
2017-03-23,49.4877
2017-03-24,48.9783
2017-03-27,48.2403
2017-03-28,53.468
2017-03-29,54.0995
2017-03-30,56.2311
2017-03-31,54.2851
2017-04-03,52.8498
2017-04-04,53.3251
2017-04-05,50.8094
2017-04-06,53.0096
2017-04-07,52.1173
2017-04-10,52.6071
2017-04-11,51.498
2017-04-12,47.6113
2017-04-13,42.6151
2017-04-17,50.0872
2017-04-18,47.8582
2017-04-19,46.5196
2017-04-20,52.6763
2017-04-21,50.2716
2017-04-24,57.3258
2017-04-25,60.482
2017-04-26,59.9745
2017-04-27,60.4404
2017-04-28,58.5743
2017-05-01,60.0716
2017-05-02,60.2982
2017-05-03,59.1596
2017-05-04,59.9286
2017-05-05,62.4287
2017-05-08,62.2547
2017-05-09,61.2662
2017-05-10,62.4916
2017-05-11,60.2069
2017-05-12,58.3731
2017-05-15,62.356
2017-05-16,61.3265
2017-05-17,45.886
2017-05-18,48.9058
2017-05-19,53.3481
2017-05-22,56.4777
2017-05-23,57.7835
2017-05-24,59.1467
2017-05-25,61.8124
2017-05-26,61.6283
2017-05-30,60.8277
2017-05-31,60.5909
2017-06-01,65.1587
2017-06-02,66.8643
2017-06-05,66.1073
2017-06-06,62.8611
2017-06-07,63.9366
2017-06-08,64.2273
2017-06-09,62.5894
2017-06-12,62.3632
2017-06-13,65.4883
2017-06-14,64.0304
2017-06-15,61.8336
2017-06-16,56.8935
2017-06-19,62.527
2017-06-20,56.2107
2017-06-21,55.9942
2017-06-22,55.5811
2017-06-23,56.4723
2017-06-26,56.9737
2017-06-27,49.6057
2017-06-28,56.1797
2017-06-29,49.452
2017-06-30,50.7573
2017-07-03,51.9473
2017-07-05,53.5609
2017-07-06,46.9781
2017-07-07,51.3966
2017-07-10,52.097
2017-07-11,51.5556
2017-07-12,56.38
2017-07-13,57.3863
2017-07-14,60.0816
2017-07-17,59.9766
2017-07-18,60.2933
2017-07-19,63.412
2017-07-20,63.6605
2017-07-21,62.7631
2017-07-24,62.5102
2017-07-25,64.036
2017-07-26,64.0617
2017-07-27,62.9738
2017-07-28,61.5858
2017-07-31,60.9036
2017-08-01,62.616
2017-08-02,62.9883
2017-08-03,60.4533
2017-08-04,61.964
2017-08-07,63.4656
2017-08-08,60.1508
2017-08-09,60.0966
2017-08-10,45.1578
2017-08-11,46.5992
2017-08-14,54.9728
2017-08-15,54.8606
2017-08-16,56.2097
2017-08-17,43.8559
2017-08-18,42.8768
2017-08-21,43.5402
2017-08-22,51.471
2017-08-23,48.9628
2017-08-24,47.3882
2017-08-25,49.1108
2017-08-28,49.1416
2017-08-29,50.0315
2017-08-30,53.5743
2017-08-31,57.6106
2017-09-01,58.5085
2017-09-05,52.5492
2017-09-06,54.8344
2017-09-07,54.7353
2017-09-08,53.7469
2017-09-11,60.5477
2017-09-12,62.4061
2017-09-13,62.6705
2017-09-14,62.3627
2017-09-15,58.9348
2017-09-18,60.2879
2017-09-19,60.9272
2017-09-20,61.1641
2017-09-21,58.3899
2017-09-22,58.5376
2017-09-25,56.3882
2017-09-26,56.8784
2017-09-27,59.9433
2017-09-28,60.8492
2017-09-29,63.4047
2017-10-02,66.2749
2017-10-03,67.6
2017-10-04,68.3278
2017-10-05,71.6763
2017-10-06,70.1666
2017-10-09,67.9837
2017-10-10,69.5732
2017-10-11,70.4938
2017-10-12,68.4236
2017-10-13,69.2003
2017-10-16,70.0508
2017-10-17,70.5047
2017-10-18,71.1441
2017-10-19,71.3273
2017-10-20,74.5362
2017-10-23,68.4292
2017-10-24,69.6087
2017-10-25,62.6547
2017-10-26,63.648
2017-10-27,69.1231
2017-10-30,64.4311
2017-10-31,65.4594
2017-11-01,66.3304
2017-11-02,66.5912
2017-11-03,68.7804
2017-11-06,69.7509
2017-11-07,68.7387
2017-11-08,69.8639
2017-11-09,64.6324
2017-11-10,64.2017
2017-11-13,64.9395
2017-11-14,61.5987
2017-11-15,55.1748
2017-11-16,62.1891
2017-11-17,58.8119
2017-11-20,60.1313
2017-11-21,64.703
2017-11-22,63.6573
2017-11-24,65.2016
2017-11-27,64.5758
2017-11-28,70.6068
2017-11-29,69.8481
2017-11-30,74.0647
2017-12-01,71.5462
2017-12-04,70.0866
2017-12-05,65.8862
2017-12-06,65.9991
2017-12-07,67.8577
2017-12-08,70.7753
2017-12-11,72.2484
2017-12-12,73.0874
2017-12-13,72.9392
2017-12-14,67.6915
2017-12-15,69.4931
2017-12-18,72.6815
2017-12-19,68.1145
2017-12-20,67.5075
2017-12-21,68.6622
2017-12-22,68.3369
2017-12-26,66.8134
2017-12-27,67.1268
2017-12-28,68.4535
2017-12-29,63.4998
2018-01-02,68.0957
2018-01-03,71.4623
2018-01-04,73.4406
2018-01-05,76.1982
2018-01-08,76.8957
2018-01-09,77.747
2018-01-10,75.7567
2018-01-11,78.5138
2018-01-12,80.6035
2018-01-16,76.4715
2018-01-17,79.5397
2018-01-18,77.6423
2018-01-19,79.0629
2018-01-22,81.3074
2018-01-23,81.8465
2018-01-24,81.3935
2018-01-25,81.511
2018-01-26,84.354
2018-01-29,77.1229
2018-01-30,67.7302
2018-01-31,67.9274
2018-02-01,66.9434
2018-02-02,51.8103
2018-02-05,35.8007
2018-02-06,44.0198
2018-02-07,42.4149
2018-02-08,33.5586
2018-02-09,38.7479
2018-02-12,43.3678
2018-02-13,44.1302
2018-02-14,48.1284
2018-02-15,51.6206
2018-02-16,51.7002
2018-02-20,49.8546
2018-02-21,48.4182
2018-02-22,48.8206
2018-02-23,53.5208
2018-02-26,56.6244
2018-02-27,52.6026
2018-02-28,49.6298
2018-03-01,45.7619
2018-03-02,47.2731
2018-03-05,50.5421
2018-03-06,51.248
2018-03-07,51.1367
2018-03-08,52.5686
2018-03-09,57.3254
2018-03-12,56.8847
2018-03-13,54.6123
2018-03-14,52.8588
2018-03-15,52.484
2018-03-16,51.4599
2018-03-19,46.9844
2018-03-20,47.5794
2018-03-21,46.9524
2018-03-22,39.7785
2018-03-23,35.087
2018-03-26,43.8448
2018-03-27,40.198
2018-03-28,39.6059
2018-03-29,43.39
2018-04-02,38.9904
2018-04-03,42.5528
2018-04-04,45.3905
2018-04-05,47.4284
2018-04-06,42.659
2018-04-09,43.942
2018-04-10,47.919
2018-04-11,46.7497
2018-04-12,48.8027
2018-04-13,48.1011
2018-04-16,50.2073
2018-04-17,52.8498
2018-04-18,53.0333
2018-04-19,51.4526
2018-04-20,49.1106
2018-04-23,49.0693
2018-04-24,45.4621
2018-04-25,46.2156
2018-04-26,49.2585
2018-04-27,49.5388
2018-04-30,47.284
2018-05-01,47.8568
2018-05-02,45.87
2018-05-03,45.2259
2018-05-04,49.5929
2018-05-07,50.6884
2018-05-08,50.6884
2018-05-09,53.8726
2018-05-10,56.7443
2018-05-11,57.6582
2018-05-14,57.8052
2018-05-15,54.9039
2018-05-16,56.3038
2018-05-17,55.935
2018-05-18,54.8177
2018-05-21,57.4987
2018-05-22,56.1912
2018-05-23,57.2021
2018-05-24,56.1831
2018-05-25,54.9863
2018-05-29,49.6276
2018-05-30,54.9305
2018-05-31,52.2377
2018-06-01,55.8652
2018-06-04,57.5248
2018-06-05,57.7819
2018-06-06,60.664
2018-06-07,60.6072
2018-06-08,61.6407
2018-06-11,62.1128
2018-06-12,62.5845
2018-06-13,60.6206
2018-06-14,61.6178
2018-06-15,58.0794
2018-06-18,56.8551
2018-06-19,54.6019
2018-06-20,55.4264
2018-06-21,51.7827
2018-06-22,52.7281
2018-06-25,45.6764
2018-06-26,46.8762
2018-06-27,43.1172
2018-06-28,46.2241
2018-06-29,46.9958
2018-07-02,48.1604
2018-07-03,46.3847
2018-07-05,50.7821
2018-07-06,54.8559
2018-07-09,58.7175
2018-07-10,60.1638
2018-07-11,55.9543
2018-07-12,59.614
2018-07-13,59.9213
2018-07-16,59.3809
2018-07-17,61.052
2018-07-18,61.9133
2018-07-19,59.4281
2018-07-20,58.6797
2018-07-23,59.5511
2018-07-24,61.8476
2018-07-25,65.3703
2018-07-26,63.6435
2018-07-27,58.9464
2018-07-30,55.6371
2018-07-31,57.9689
2018-08-01,56.8967
2018-08-02,59.4656
2018-08-03,61.3816
2018-08-06,62.9655
2018-08-07,64.3563
2018-08-08,64.0331
2018-08-09,62.9518
2018-08-10,57.9102
2018-08-13,55.3219
2018-08-14,58.6272
2018-08-15,53.7018
2018-08-16,57.7227
2018-08-17,59.3525
2018-08-20,60.3344
2018-08-21,61.4121
2018-08-22,60.9696
2018-08-23,59.9534
2018-08-24,62.8998
2018-08-27,66.3402
2018-08-28,66.5417
2018-08-29,68.7361
2018-08-30,65.3247
2018-08-31,65.3401
2018-09-04,63.8528
2018-09-05,61.5522
2018-09-06,59.0541
2018-09-07,57.4737
2018-09-10,58.5171
2018-09-11,60.4575
2018-09-12,60.6005
2018-09-13,63.9514
2018-09-14,64.0455
2018-09-17,59.0473
2018-09-18,62.212
2018-09-19,62.8094
2018-09-20,66.9909
2018-09-21,62.0437
2018-09-24,59.2346
2018-09-25,58.459
2018-09-26,55.9734
2018-09-27,57.7346
2018-09-28,57.8004
2018-10-01,60.0074
2018-10-02,59.4564
2018-10-03,59.8219
2018-10-04,52.6971
2018-10-05,48.387
2018-10-08,48.387
2018-10-09,47.2762
2018-10-10,31.0298
2018-10-11,24.9501
2018-10-12,33.4179
2018-10-15,31.866
2018-10-16,42.7072
2018-10-17,42.7871
2018-10-18,38.2423
2018-10-19,38.0846
2018-10-22,36.7653
2018-10-23,35.3115
2018-10-24,28.329
2018-10-25,35.9803
2018-10-26,32.3524
2018-10-29,31.3235
2018-10-30,36.9386
2018-10-31,40.6734
2018-11-01,44.1777
2018-11-02,42.6848
2018-11-05,44.5124
2018-11-06,46.5804
2018-11-07,52.8746
2018-11-08,52.3128
2018-11-09,49.3476
2018-11-12,44.3368
2018-11-13,43.8759
2018-11-14,42.1924
2018-11-15,45.5281
2018-11-16,46.3486
2018-11-19,42.0054
2018-11-20,37.9763
2018-11-21,39.0878
2018-11-23,37.6896
2018-11-26,42.856
2018-11-27,43.893
2018-11-28,50.3991
2018-11-29,49.8088
2018-11-30,51.4739
2018-12-03,54.915
2018-12-04,46.3387
2018-12-06,45.9962
2018-12-07,41.1046
2018-12-10,41.6257
2018-12-11,41.6909
2018-12-12,43.1712
2018-12-13,43.0933
2018-12-14,39.0532
2018-12-17,35.409
2018-12-18,35.2194
2018-12-19,32.7051
2018-12-20,30.2696
2018-12-21,26.9302
2018-12-24,24.171
2018-12-26,36.8501
2018-12-27,38.5758
2018-12-28,38.3889
2018-12-31,40.4492
2019-01-02,40.6993
2019-01-03,36.9486
2019-01-04,44.346
2019-01-07,45.9693
2019-01-08,47.8908
2019-01-09,48.8521
2019-01-10,49.5944
2019-01-11,49.6789
2019-01-14,48.3317
2019-01-15,50.9461
2019-01-16,51.4978
2019-01-17,53.2377
2019-01-18,56.1638
2019-01-22,52.6002
2019-01-23,53.079
2019-01-24,53.2056
2019-01-25,55.2317
2019-01-28,53.0419
2019-01-29,52.6611
2019-01-30,56.5713
2019-01-31,58.5998
2019-02-01,58.7121
2019-02-04,60.3661
2019-02-05,61.3441
2019-02-06,60.845
2019-02-07,57.3008
2019-02-08,57.6305
2019-02-11,57.7865
2019-02-12,61.2685
2019-02-13,62.1099
2019-02-14,61.1515
2019-02-15,64.0164
2019-02-19,64.4593
2019-02-20,64.9885
2019-02-21,63.2362
2019-02-22,64.9639
2019-02-25,65.3426
2019-02-26,64.9536
2019-02-27,64.7103
2019-02-28,63.6231
2019-03-01,65.6554
2019-03-04,63.4675
2019-03-05,62.6487
2019-03-06,59.0808
2019-03-07,54.5884
2019-03-08,53.5718
2019-03-11,59.3394
2019-03-12,60.6953
2019-03-13,62.9847
2019-03-14,62.6112
2019-03-15,62.8046
2019-03-18,64.1332
2019-03-19,64.2255
2019-03-20,62.18
2019-03-21,66.3948
2019-03-22,55.2299
2019-03-25,54.8577
2019-03-26,57.8207
2019-03-27,55.1288
2019-03-28,56.6603
2019-03-29,59.1132
2019-04-01,63.2563
2019-04-02,63.4193
2019-04-03,63.9605
2019-04-04,64.884
2019-04-05,66.5349
2019-04-08,66.795
2019-04-09,63.3107
2019-04-10,64.5979
2019-04-11,64.4037
2019-04-12,66.9523
2019-04-15,66.4642
2019-04-16,66.7196
2019-04-17,64.7792
2019-04-18,65.6241
2019-04-22,66.0006
2019-04-23,69.6534
2019-04-24,67.7454
2019-04-25,67.2087
2019-04-26,69.1522
2019-04-29,69.7897
2019-04-30,70.0025
2019-05-01,63.1087
2019-05-02,61.2973
2019-05-03,65.9511
2019-05-06,62.5877
2019-05-07,51.4302
2019-05-08,50.6527
2019-05-09,48.9582
2019-05-10,51.7694
2019-05-13,40.0851
2019-05-14,44.6947
2019-05-15,47.4748
2019-05-16,51.5517
2019-05-17,48.7457
2019-05-20,46.0639
2019-05-21,49.987
2019-05-22,48.7051
2019-05-23,43.9952
2019-05-24,45.0215
2019-05-28,41.7149
2019-05-29,39.5303
2019-05-30,40.8485
2019-05-31,36.684
2019-06-03,35.9654
2019-06-04,45.5281
2019-06-05,48.8091
2019-06-06,51.154
2019-06-07,54.5487
2019-06-10,56.0382
2019-06-11,55.9359
2019-06-12,55.1634
2019-06-13,56.6344
2019-06-14,56.1133
2019-06-17,56.2589
2019-06-18,60.0982
2019-06-19,60.8853
2019-06-20,64.0523
2019-06-21,60.6203
2019-06-24,59.9656
2019-06-25,54.9672
2019-06-26,54.4858
2019-06-27,55.9288
2019-06-28,57.9714
2019-07-01,61.3181
2019-07-02,62.2344
2019-07-03,64.9263
2019-07-05,64.2349
2019-07-08,60.9399
2019-07-09,61.41
2019-07-10,63.1993
2019-07-11,64.0639
2019-07-12,65.6883
2019-07-15,65.8097
2019-07-16,63.3556
2019-07-17,58.9708
2019-07-18,60.5606
2019-07-19,57.0189
2019-07-22,58.1518
2019-07-23,61.2859
2019-07-24,63.206
2019-07-25,60.0065
2019-07-26,62.7752
2019-07-29,61.5479
2019-07-30,59.8897
2019-07-31,53.1839
2019-08-01,48.6682
2019-08-02,45.2052
2019-08-05,34.8561
2019-08-06,41.2584
2019-08-07,41.5168
2019-08-08,49.3173
2019-08-09,46.9824
2019-08-12,43.1639
2019-08-13,48.7022
2019-08-14,40.6514
2019-08-15,41.5335
2019-08-16,46.2433
2019-08-19,49.7723
2019-08-20,47.6527
2019-08-21,50.0135
2019-08-22,49.9231
2019-08-23,43.0844
2019-08-26,46.3304
2019-08-27,45.3537
2019-08-28,47.4387
2019-08-29,51.0315
2019-08-30,50.9052
2019-09-03,49.1903
2019-09-04,52.3835
2019-09-05,55.8148
2019-09-06,56.0792
2019-09-09,56.2171
2019-09-10,56.1305
2019-09-11,58.1834
2019-09-12,59.17
2019-09-13,58.8888
2019-09-16,57.5498
2019-09-17,58.3642
2019-09-18,58.5623
2019-09-19,58.5298
2019-09-20,54.0941
2019-09-23,53.9865
2019-09-24,50.453
2019-09-25,52.8808
2019-09-26,51.9318
2019-09-27,49.5178
2019-09-30,51.5478
2019-10-01,46.4786
2019-10-02,40.3495
2019-10-03,43.8975
2019-10-04,49.1946
2019-10-07,47.6638
2019-10-08,42.6577
2019-10-09,46.2371
2019-10-10,48.6623
2019-10-11,52.1673
2019-10-14,51.7635
2019-10-15,55.0178
2019-10-16,54.3851
2019-10-17,55.3755
2019-10-18,53.5535
2019-10-21,55.9082
2019-10-22,54.4972
2019-10-23,55.5456
2019-10-24,56.1447
2019-10-25,57.6526
2019-10-28,59.6699
2019-10-29,59.5119
2019-10-30,60.6454
2019-10-31,59.1278
2019-11-01,62.5499
2019-11-04,63.941
2019-11-05,63.2573
2019-11-06,63.3422
2019-11-07,64.6688
2019-11-08,65.5912
2019-11-11,64.2211
2019-11-12,65.0673
2019-11-13,65.2006
2019-11-14,65.8183
2019-11-15,68.7272
2019-11-18,69.0122
2019-11-19,68.7541
2019-11-20,65.4339
2019-11-21,64.0309
2019-11-22,65.1174
2019-11-25,68.604
2019-11-26,69.5479
2019-11-27,71.3365
2019-11-29,67.8316
2019-12-02,60.6711
2019-12-03,55.8161
2019-12-04,58.9742
2019-12-05,59.8597
2019-12-06,64.0198
2019-12-09,61.6823
2019-12-10,60.8554
2019-12-11,62.2114
2019-12-12,65.9877
2019-12-13,66.2367
2019-12-16,68.9796
2019-12-17,69.0645
2019-12-18,69.09
2019-12-19,70.7495
2019-12-20,70.2344
2019-12-23,70.8777
2019-12-24,70.8913
2019-12-26,73.1353
2019-12-27,72.8587
2019-12-30,66.9299
2019-12-31,68.1263
2020-01-02,72.2101
2020-01-03,65.041
2020-01-06,66.777
2020-01-07,64.2907
2020-01-08,66.7536
2020-01-09,69.5785
2020-01-10,67.0174
2020-01-13,69.8053
2020-01-14,68.4459
2020-01-15,69.375
2020-01-16,72.5175
2020-01-17,73.5937
2020-01-21,71.7279
2020-01-22,71.7743
2020-01-23,72.2296
2020-01-24,63.8174
2020-01-27,52.352
2020-01-28,57.5198
2020-01-29,57.0015
2020-01-30,58.5452
2020-01-31,48.2995
2020-02-03,51.8616
2020-02-04,58.1369
2020-02-05,62.1339
2020-02-06,63.2233
2020-02-07,60.3201
2020-02-10,62.8237
2020-02-11,63.3924
2020-02-12,65.4632
2020-02-13,64.8199
2020-02-14,65.3574
2020-02-18,63.7067
2020-02-19,65.4086
2020-02-20,62.7351
2020-02-21,56.6504
2020-02-24,42.7417
2020-02-25,34.7976
2020-02-26,34.0143
2020-02-27,26.4033
2020-02-28,25.8591
2020-03-02,39.3624
2020-03-03,34.7649
2020-03-04,44.4958
2020-03-05,39.3979
2020-03-06,37.2387
2020-03-09,29.3676
2020-03-10,37.8187
2020-03-11,33.6228
2020-03-12,27.6041
2020-03-13,37.17
2020-03-16,31.1501
2020-03-17,35.9485
2020-03-18,33.518
2020-03-19,33.706
2020-03-20,31.5499
2020-03-23,30.5231
2020-03-24,37.8721
2020-03-25,39.0942
2020-03-26,43.7081
2020-03-27,41.904
2020-03-30,44.4568
2020-03-31,43.5033
2020-04-01,40.7657
2020-04-02,42.6266
2020-04-03,41.742
2020-04-06,47.0402
2020-04-07,47.1222
2020-04-08,49.8178
2020-04-09,51.0486
2020-04-13,50.2583
2020-04-14,52.7242
2020-04-15,50.7596
2020-04-16,51.1851
2020-04-17,53.5619
2020-04-20,51.7843
2020-04-21,48.8924
2020-04-22,50.9366
2020-04-23,50.9295
2020-04-24,52.2867
2020-04-27,53.7005
2020-04-28,53.164
2020-04-29,55.798
2020-04-30,54.6179
2020-05-01,51.395
