date,CCI
2000-05-26,-113.3779
2000-05-30,-6.0138
2000-05-31,47.3001
2000-06-01,93.9074
2000-06-02,177.3327
2000-06-05,134.8797
2000-06-06,102.1094
2000-06-07,99.6748
2000-06-08,84.5526
2000-06-09,73.0638
2000-06-12,42.3746
2000-06-13,62.6518
2000-06-14,88.8181
2000-06-15,81.9059
2000-06-16,56.3056
2000-06-19,71.7886
2000-06-20,67.0311
2000-06-21,59.4004
2000-06-22,11.4424
2000-06-23,-44.6543
2000-06-26,-29.9453
2000-06-27,-59.6091
2000-06-28,-59.022
2000-06-29,-169.2988
2000-06-30,-118.1547
2000-07-03,8.2416
2000-07-05,-85.6268
2000-07-06,-60.8407
2000-07-07,85.8558
2000-07-10,100.0145
2000-07-11,93.0746
2000-07-12,139.1267
2000-07-13,148.6316
2000-07-14,170.4315
2000-07-17,160.3552
2000-07-18,98.6868
2000-07-19,57.6196
2000-07-20,88.5796
2000-07-21,28.621
2000-07-24,-10.0046
2000-07-25,-17.8096
2000-07-26,-63.1248
2000-07-27,-87.9178
2000-07-28,-173.581
2000-07-31,-164.5478
2000-08-01,-119.398
2000-08-02,-95.2481
2000-08-03,-87.5116
2000-08-04,-36.2881
2000-08-07,10.7665
2000-08-08,32.0507
2000-08-09,24.5484
2000-08-10,-5.2266
2000-08-11,2.5388
2000-08-14,72.2346
2000-08-15,96.5579
2000-08-16,82.0222
2000-08-17,117.9139
2000-08-18,115.452
2000-08-21,119.6833
2000-08-22,116.3876
2000-08-23,101.1336
2000-08-24,110.1588
2000-08-25,109.0165
2000-08-28,125.5853
2000-08-29,103.1542
2000-08-30,66.6522
2000-08-31,117.4257
2000-09-01,133.2977
2000-09-05,67.9393
2000-09-06,11.7298
2000-09-07,18.8576
2000-09-08,-34.0107
2000-09-11,-55.2964
2000-09-12,-118.6664
2000-09-13,-146.1477
2000-09-14,-103.2202
2000-09-15,-244.7441
2000-09-18,-259.2562
2000-09-19,-186.8561
2000-09-20,-180.8198
2000-09-21,-175.5841
2000-09-22,-129.514
2000-09-25,-103.6463
2000-09-26,-120.1373
2000-09-27,-109.1303
2000-09-28,-63.706
2000-09-29,-65.0953
2000-10-02,-70.3643
2000-10-03,-76.5819
2000-10-04,-79.7377
2000-10-05,-49.8293
2000-10-06,-124.5818
2000-10-09,-182.9371
2000-10-10,-217.4153
2000-10-11,-251.9875
2000-10-12,-251.5572
2000-10-13,-162.8487
2000-10-16,-102.0689
2000-10-17,-122.453
2000-10-18,-146.0343
2000-10-19,-44.2106
2000-10-20,-12.3899
2000-10-23,-0.7784
2000-10-24,2.99
2000-10-25,-56.1346
2000-10-26,-75.8948
2000-10-27,-16.369
2000-10-30,31.0779
2000-10-31,100.7788
2000-11-01,106.5027
2000-11-02,132.8587
2000-11-03,125.6095
2000-11-06,131.9096
2000-11-07,108.2883
2000-11-08,59.4604
2000-11-09,-3.4159
2000-11-10,-62.8658
2000-11-13,-120.5672
2000-11-14,-32.8435
2000-11-15,-28.3466
2000-11-16,-59.642
2000-11-17,-84.9031
2000-11-20,-128.1133
2000-11-21,-115.4099
2000-11-22,-150.8738
2000-11-24,-109.8598
2000-11-27,-67.1603
2000-11-28,-88.5186
2000-11-29,-89.4212
2000-11-30,-127.5144
2000-12-01,-105.8552
2000-12-04,-87.8842
2000-12-05,11.8989
2000-12-06,9.7403
2000-12-07,-44.0535
2000-12-08,13.4806
2000-12-11,111.2632
2000-12-12,90.4016
2000-12-13,62.9545
2000-12-14,-15.3993
2000-12-15,-147.5465
2000-12-18,-90.5804
2000-12-19,-115.8353
2000-12-20,-231.0065
2000-12-21,-186.9956
2000-12-22,-88.2449
2000-12-26,-47.7315
2000-12-27,-16.7054
2000-12-28,0.9186
2000-12-29,-31.2518
2001-01-02,-94.6425
2001-01-03,-8.5677
2001-01-04,24.5638
2001-01-05,-60.4507
2001-01-08,-87.3085
2001-01-09,-57.7644
2001-01-10,-29.3812
2001-01-11,25.0554
2001-01-12,39.9699
2001-01-16,55.7838
2001-01-17,99.3551
2001-01-18,122.5096
2001-01-19,116.9001
2001-01-22,114.9148
2001-01-23,146.5898
2001-01-24,162.0228
2001-01-25,133.646
2001-01-26,88.9709
2001-01-29,104.7962
2001-01-30,118.73
2001-01-31,118.0836
2001-02-01,104.6375
2001-02-02,51.2805
2001-02-05,35.5199
2001-02-06,39.2516
2001-02-07,-17.7979
2001-02-08,-65.0749
2001-02-09,-151.3529
2001-02-12,-119.5923
2001-02-13,-123.9946
2001-02-14,-159.1329
2001-02-15,-95.4368
2001-02-16,-176.2452
2001-02-20,-176.8991
2001-02-21,-207.811
2001-02-22,-203.6733
2001-02-23,-190.0531
2001-02-26,-116.7132
2001-02-27,-101.8203
2001-02-28,-118.1797
2001-03-01,-119.6875
2001-03-02,-103.6015
2001-03-05,-84.6461
2001-03-06,-44.1154
2001-03-07,-36.1407
2001-03-08,-27.0882
2001-03-09,-77.9718
2001-03-12,-176.7945
2001-03-13,-168.0713
2001-03-14,-183.6135
2001-03-15,-157.2965
2001-03-16,-182.1534
2001-03-19,-134.4864
2001-03-20,-130.1002
2001-03-21,-146.296
2001-03-22,-158.4417
2001-03-23,-100.5778
2001-03-26,-64.5037
2001-03-27,-34.4509
2001-03-28,-57.1763
2001-03-29,-79.9731
2001-03-30,-40.4438
2001-04-02,-50.8998
2001-04-03,-114.1252
2001-04-04,-128.7125
2001-04-05,-38.8857
2001-04-06,-62.2602
2001-04-09,-26.8456
2001-04-10,68.3922
2001-04-11,96.2907
2001-04-12,122.0335
2001-04-16,107.2852
2001-04-17,128.6146
2001-04-18,237.4218
2001-04-19,226.087
2001-04-20,180.527
2001-04-23,119.5373
2001-04-24,95.1997
2001-04-25,92.0756
2001-04-26,104.271
2001-04-27,108.3019
2001-04-30,99.9537
2001-05-01,98.0772
2001-05-02,97.4271
2001-05-03,67.4416
2001-05-04,76.9973
2001-05-07,84.8658
2001-05-08,75.1854
2001-05-09,59.656
2001-05-10,73.0831
2001-05-11,36.119
2001-05-14,17.6736
2001-05-15,45.2554
2001-05-16,144.7655
2001-05-17,206.5855
2001-05-18,172.9942
2001-05-21,222.6368
2001-05-22,209.9222
2001-05-23,117.5568
2001-05-24,84.0174
2001-05-25,45.3961
2001-05-29,-0.6044
2001-05-30,-65.9107
2001-05-31,-53.8786
2001-06-01,-46.9794
2001-06-04,-23.9071
2001-06-05,33.6049
2001-06-06,11.4763
2001-06-07,3.1606
2001-06-08,-37.0037
2001-06-11,-78.368
2001-06-12,-110.1354
2001-06-13,-115.3195
2001-06-14,-194.2086
2001-06-15,-199.6476
2001-06-18,-171.6438
2001-06-19,-143.0676
2001-06-20,-120.9223
2001-06-21,-69.9098
2001-06-22,-76.1737
2001-06-25,-86.1961
2001-06-26,-94.4051
2001-06-27,-84.1751
2001-06-28,-46.7472
2001-06-29,-34.2582
2001-07-02,-9.1913
2001-07-03,1.8268
2001-07-05,-46.7008
2001-07-06,-153.3203
2001-07-09,-155.0889
2001-07-10,-180.7692
2001-07-11,-200.8412
2001-07-12,-59.593
2001-07-13,1.8658
2001-07-16,-31.3985
2001-07-17,-24.2923
2001-07-18,-37.7778
2001-07-19,22.0979
2001-07-20,-6.0979
2001-07-23,-80.6908
2001-07-24,-168.7708
2001-07-25,-110.5691
2001-07-26,-44.2205
2001-07-27,-4.5802
2001-07-30,10.0382
2001-07-31,62.3145
2001-08-01,102.8145
2001-08-02,130.3352
2001-08-03,70.2902
2001-08-06,-0.8749
2001-08-07,-6.7584
2001-08-08,-111.1328
2001-08-09,-143.595
2001-08-10,-111.0402
2001-08-13,-68.108
2001-08-14,-51.8962
2001-08-15,-92.0455
2001-08-16,-107.7958
2001-08-17,-157.2193
2001-08-20,-113.0477
2001-08-21,-140.1593
2001-08-22,-125.9651
2001-08-23,-106.4614
2001-08-24,-42.9554
2001-08-27,-24.8571
2001-08-28,-79.2099
2001-08-29,-131.5322
2001-08-30,-214.8106
2001-08-31,-170.9561
2001-09-04,-140.0207
2001-09-05,-163.3886
2001-09-06,-194.2181
2001-09-07,-209.2144
2001-09-10,-172.4914
2001-09-17,-248.6399
2001-09-18,-192.0722
2001-09-19,-192.9885
2001-09-20,-179.0329
2001-09-21,-177.5847
2001-09-24,-114.8019
2001-09-25,-92.4182
2001-09-26,-80.2522
2001-09-27,-70.1375
2001-09-28,-22.8234
2001-10-01,-37.0233
2001-10-02,-17.7478
2001-10-03,10.3301
2001-10-04,34.3898
2001-10-05,27.4336
2001-10-08,34.4593
2001-10-09,36.8793
2001-10-10,75.8818
2001-10-11,129.3061
2001-10-12,110.4277
2001-10-15,99.5089
2001-10-16,106.2094
2001-10-17,78.8301
2001-10-18,44.8676
2001-10-19,29.7641
2001-10-22,74.0382
2001-10-23,83.851
2001-10-24,63.1115
2001-10-25,80.4653
2001-10-26,127.628
2001-10-29,22.7324
2001-10-30,-98.7114
2001-10-31,-98.2017
2001-11-01,-26.465
2001-11-02,35.1307
2001-11-05,132.8285
2001-11-06,187.2486
2001-11-07,198.1901
2001-11-08,189.2583
2001-11-09,135.8468
2001-11-12,87.1433
2001-11-13,159.4982
2001-11-14,147.4288
2001-11-15,131.2153
2001-11-16,108.2946
2001-11-19,123.5944
2001-11-20,102.3577
2001-11-21,69.0166
2001-11-23,90.1295
2001-11-26,96.3424
2001-11-27,82.193
2001-11-28,34.0136
2001-11-29,38.1429
2001-11-30,34.51
2001-12-03,-16.9972
2001-12-04,44.8653
2001-12-05,192.8336
2001-12-06,191.0364
2001-12-07,116.744
2001-12-10,16.4132
2001-12-11,-33.2979
2001-12-12,-78.0577
2001-12-13,-173.9186
2001-12-14,-134.4002
2001-12-17,-62.0525
2001-12-18,5.987
2001-12-19,33.2519
2001-12-20,16.2805
2001-12-21,-1.3331
2001-12-24,2.4406
2001-12-26,54.0541
2001-12-27,76.0356
2001-12-28,93.4
2001-12-31,0.6139
2002-01-02,-0.133
2002-01-03,96.8935
2002-01-04,162.5841
2002-01-07,146.4277
2002-01-08,101.8451
2002-01-09,71.2817
2002-01-10,45.6807
2002-01-11,-1.5579
2002-01-14,-84.3965
2002-01-15,-58.4491
2002-01-16,-183.6706
2002-01-17,-132.5341
2002-01-18,-151.4983
2002-01-22,-157.3797
2002-01-23,-129.3016
2002-01-24,-75.4701
2002-01-25,-74.5587
2002-01-28,-63.9514
2002-01-29,-154.7593
2002-01-30,-144.327
2002-01-31,-71.4769
2002-02-01,-64.5494
2002-02-04,-160.301
2002-02-05,-193.4724
2002-02-06,-190.9892
2002-02-07,-169.5647
2002-02-08,-105.0387
2002-02-11,-48.8172
2002-02-12,-42.7234
2002-02-13,11.7544
2002-02-14,22.5523
2002-02-15,-18.2091
2002-02-19,-108.1967
2002-02-20,-78.4123
2002-02-21,-96.6443
2002-02-22,-84.9851
2002-02-25,15.0105
2002-02-26,39.3925
2002-02-27,67.5432
2002-02-28,59.3819
2002-03-01,135.5285
2002-03-04,228.7282
2002-03-05,205.9825
2002-03-06,197.1434
2002-03-07,170.4554
2002-03-08,158.9097
2002-03-11,133.0752
2002-03-12,105.3639
2002-03-13,77.4539
2002-03-14,65.4129
2002-03-15,71.2442
2002-03-18,70.4263
2002-03-19,77.0494
2002-03-20,31.4193
2002-03-21,8.2645
2002-03-22,3.5587
2002-03-25,-52.289
2002-03-26,-58.6483
2002-03-27,-63.1681
2002-03-28,-53.9792
2002-04-01,-102.9174
2002-04-02,-106.3127
2002-04-03,-152.6305
2002-04-04,-151.5152
2002-04-05,-130.912
2002-04-08,-140.2299
2002-04-09,-124.3338
2002-04-10,-85.0473
2002-04-11,-152.0
2002-04-12,-147.8534
2002-04-15,-134.2539
2002-04-16,-43.3498
2002-04-17,-17.1621
2002-04-18,-51.9413
2002-04-19,-15.7642
2002-04-22,-111.5134
2002-04-23,-141.7971
2002-04-24,-153.5635
2002-04-25,-179.1134
2002-04-26,-197.9718
2002-04-29,-205.7769
2002-04-30,-159.9852
2002-05-01,-111.3589
2002-05-02,-83.5052
2002-05-03,-107.2872
2002-05-06,-144.3938
2002-05-07,-148.7205
2002-05-08,-45.2787
2002-05-09,-48.2642
2002-05-10,-97.5572
2002-05-13,-65.4762
2002-05-14,32.0604
2002-05-15,47.8368
2002-05-16,60.431
2002-05-17,105.565
2002-05-20,73.8796
2002-05-21,38.6105
2002-05-22,15.8577
2002-05-23,74.0047
2002-05-24,40.5153
2002-05-28,-17.2607
2002-05-29,-62.4043
2002-05-30,-90.843
2002-05-31,-43.6959
2002-06-03,-143.0637
2002-06-04,-170.5921
2002-06-05,-133.4697
2002-06-06,-153.4559
2002-06-07,-165.1104
2002-06-10,-124.1643
2002-06-11,-132.3671
2002-06-12,-130.6009
2002-06-13,-116.7149
2002-06-14,-135.7055
2002-06-17,-57.7795
2002-06-18,-24.2467
2002-06-19,-61.057
2002-06-20,-91.8546
2002-06-21,-148.6666
2002-06-24,-149.0724
2002-06-25,-152.7496
2002-06-26,-180.8674
2002-06-27,-118.3256
2002-06-28,-80.0954
2002-07-01,-113.0712
2002-07-02,-155.566
2002-07-03,-152.3341
2002-07-05,-51.2715
2002-07-08,-47.8196
2002-07-09,-101.8103
2002-07-10,-168.6803
2002-07-11,-177.3799
2002-07-12,-148.4596
2002-07-15,-156.4562
2002-07-16,-135.2938
2002-07-17,-114.6092
2002-07-18,-146.0327
2002-07-19,-183.3208
2002-07-22,-188.4536
2002-07-23,-193.7258
2002-07-24,-144.2354
2002-07-25,-109.8456
2002-07-26,-82.529
2002-07-29,-21.1016
2002-07-30,2.2172
2002-07-31,11.2963
2002-08-01,-3.3908
2002-08-02,-37.0148
2002-08-05,-70.5787
2002-08-06,-29.4724
2002-08-07,-4.1503
2002-08-08,2.922
2002-08-09,87.8058
2002-08-12,79.372
2002-08-13,64.0838
2002-08-14,95.5685
2002-08-15,137.996
2002-08-16,118.2943
2002-08-19,139.7513
2002-08-20,127.7363
2002-08-21,132.7678
2002-08-22,150.6891
2002-08-23,105.4319
2002-08-26,88.6122
2002-08-27,75.266
2002-08-28,23.3475
2002-08-29,10.3611
2002-08-30,9.6033
2002-09-03,-81.6528
2002-09-04,-87.2455
2002-09-05,-113.4414
2002-09-06,-78.136
2002-09-09,-66.4397
2002-09-10,-33.6452
2002-09-11,-21.4415
2002-09-12,-89.6793
2002-09-13,-94.8474
2002-09-16,-81.3226
2002-09-17,-87.6416
2002-09-18,-125.7257
2002-09-19,-162.3764
2002-09-20,-176.093
2002-09-23,-189.3632
2002-09-24,-188.1771
2002-09-25,-132.2377
2002-09-26,-75.0835
2002-09-27,-103.5228
2002-09-30,-131.4285
2002-10-01,-63.8937
2002-10-02,-69.2767
2002-10-03,-79.3961
2002-10-04,-110.8296
2002-10-07,-134.1907
2002-10-08,-119.8385
2002-10-09,-148.7254
2002-10-10,-114.3472
2002-10-11,2.7014
2002-10-14,32.476
2002-10-15,170.3169
2002-10-16,126.1159
2002-10-17,169.2164
2002-10-18,145.0865
2002-10-21,152.9988
2002-10-22,128.8257
2002-10-23,111.3387
2002-10-24,94.1745
2002-10-25,89.7955
2002-10-28,87.3286
2002-10-29,52.752
2002-10-30,62.6874
2002-10-31,54.5087
2002-11-01,63.934
2002-11-04,101.2371
2002-11-05,101.0127
2002-11-06,132.2523
2002-11-07,94.5703
2002-11-08,53.4457
2002-11-11,-63.3951
2002-11-12,-31.5317
2002-11-13,-66.3796
2002-11-14,55.2997
2002-11-15,78.7592
2002-11-18,71.488
2002-11-19,27.2343
2002-11-20,96.5174
2002-11-21,192.7044
2002-11-22,166.8461
2002-11-25,136.3868
2002-11-26,68.5382
2002-11-27,130.0932
2002-11-29,134.6574
2002-12-02,129.0639
2002-12-03,50.7325
2002-12-04,25.2476
2002-12-05,2.0664
2002-12-06,-15.6741
2002-12-09,-70.6238
2002-12-10,-62.3082
2002-12-11,-53.7702
2002-12-12,-65.169
2002-12-13,-119.9444
2002-12-16,-50.3835
2002-12-17,-46.8664
2002-12-18,-109.8147
2002-12-19,-114.4691
2002-12-20,-95.1278
2002-12-23,-77.8178
2002-12-24,-93.4987
2002-12-26,-80.4856
2002-12-27,-154.6844
2002-12-30,-149.3147
2002-12-31,-143.5341
2003-01-02,14.7579
2003-01-03,80.1814
2003-01-06,179.6078
2003-01-07,179.5853
2003-01-08,89.0443
2003-01-09,125.3876
2003-01-10,128.7245
2003-01-13,124.8145
2003-01-14,112.7399
2003-01-15,79.3576
2003-01-16,54.3264
2003-01-17,6.3192
2003-01-21,-51.4013
2003-01-22,-90.9956
2003-01-23,-83.8237
2003-01-24,-132.374
2003-01-27,-162.6018
2003-01-28,-141.0361
2003-01-29,-121.4335
2003-01-30,-134.6217
2003-01-31,-110.1023
2003-02-03,-79.3014
2003-02-04,-95.8795
2003-02-05,-84.1039
2003-02-06,-96.5061
2003-02-07,-98.957
2003-02-10,-96.3008
2003-02-11,-93.2404
2003-02-12,-114.4641
2003-02-13,-130.5732
2003-02-14,-83.8034
2003-02-18,-4.668
2003-02-19,-8.5238
2003-02-20,-19.3867
2003-02-21,3.2371
2003-02-24,-33.1818
2003-02-25,-55.1149
2003-02-26,-56.3733
2003-02-27,-16.7879
2003-02-28,39.6495
2003-03-03,26.1031
2003-03-04,-86.2734
2003-03-05,-79.429
2003-03-06,-90.5949
2003-03-07,-82.5038
2003-03-10,-163.2752
2003-03-11,-187.2876
2003-03-12,-181.5659
2003-03-13,-20.4855
2003-03-14,38.0723
2003-03-17,126.3633
2003-03-18,190.2952
2003-03-19,196.7642
2003-03-20,172.6692
2003-03-21,195.7829
2003-03-24,97.0759
2003-03-25,95.6717
2003-03-26,79.8646
2003-03-27,62.7943
2003-03-28,51.9737
2003-03-31,6.8165
2003-04-01,19.4673
2003-04-02,84.2629
2003-04-03,78.1086
2003-04-04,73.4649
2003-04-07,96.2298
2003-04-08,66.7962
2003-04-09,37.4336
2003-04-10,-16.909
2003-04-11,18.4489
2003-04-14,77.5249
2003-04-15,151.3461
2003-04-16,91.3877
2003-04-17,106.6599
2003-04-21,136.3927
2003-04-22,177.5266
2003-04-23,220.4502
2003-04-24,160.792
2003-04-25,100.4307
2003-04-28,126.2473
2003-04-29,137.3823
2003-04-30,119.766
2003-05-01,94.8064
2003-05-02,121.8194
2003-05-05,121.4386
2003-05-06,130.3384
2003-05-07,110.1452
2003-05-08,72.5351
2003-05-09,94.694
2003-05-12,134.1472
2003-05-13,137.7841
2003-05-14,117.2743
2003-05-15,121.3819
2003-05-16,111.2138
2003-05-19,23.4511
2003-05-20,-37.1909
2003-05-21,-32.4959
2003-05-22,22.9241
2003-05-23,24.5465
2003-05-27,110.5938
2003-05-28,165.9331
2003-05-29,138.3325
2003-05-30,164.7842
2003-06-02,191.8442
2003-06-03,165.3916
2003-06-04,191.8988
2003-06-05,175.2401
2003-06-06,169.6285
2003-06-09,98.1304
2003-06-10,102.8202
2003-06-11,115.0114
2003-06-12,116.5461
2003-06-13,88.0559
2003-06-16,111.4071
2003-06-17,118.7786
2003-06-18,107.6383
2003-06-19,72.7691
2003-06-20,44.0984
2003-06-23,-6.221
2003-06-24,-22.2201
2003-06-25,-50.4547
2003-06-26,-58.3244
2003-06-27,-73.8262
2003-06-30,-90.6655
2003-07-01,-93.109
2003-07-02,-1.4207
2003-07-03,-36.3111
2003-07-07,65.2898
2003-07-08,84.6915
2003-07-09,65.4327
2003-07-10,-16.7205
2003-07-11,28.3212
2003-07-14,72.7763
2003-07-15,62.7197
2003-07-16,31.7069
2003-07-17,-39.0079
2003-07-18,-5.3328
2003-07-21,-54.7374
2003-07-22,-33.7743
2003-07-23,-23.8078
2003-07-24,-22.3513
2003-07-25,10.0167
2003-07-28,58.1632
2003-07-29,-12.4628
2003-07-30,-36.6832
2003-07-31,12.8625
2003-08-01,-93.6734
2003-08-04,-139.8516
2003-08-05,-215.0648
2003-08-06,-188.6384
2003-08-07,-125.9088
2003-08-08,-69.3208
2003-08-11,-36.0162
2003-08-12,36.996
2003-08-13,38.6869
2003-08-14,39.3942
2003-08-15,72.9754
2003-08-18,135.1347
2003-08-19,146.6264
2003-08-20,121.9925
2003-08-21,136.3952
2003-08-22,92.5444
2003-08-25,61.8661
2003-08-26,42.0338
2003-08-27,55.3366
2003-08-28,81.9355
2003-08-29,112.6991
2003-09-02,163.6835
2003-09-03,206.2175
2003-09-04,184.0416
2003-09-05,148.3589
2003-09-08,152.7416
2003-09-09,110.0709
2003-09-10,52.5156
2003-09-11,54.3519
2003-09-12,40.3921
2003-09-15,38.9082
2003-09-16,83.4357
2003-09-17,91.1094
2003-09-18,124.8517
2003-09-19,101.6962
2003-09-22,15.3378
2003-09-23,31.7562
2003-09-24,-58.1487
2003-09-25,-150.1307
2003-09-26,-198.5265
2003-09-29,-155.9703
2003-09-30,-168.5493
2003-10-01,-57.432
2003-10-02,-3.3493
2003-10-03,91.0322
2003-10-06,96.3775
2003-10-07,99.2017
2003-10-08,93.8442
2003-10-09,110.1825
2003-10-10,94.0312
2003-10-13,110.5027
2003-10-14,105.4616
2003-10-15,102.6258
2003-10-16,100.7379
2003-10-17,68.7882
2003-10-20,64.8758
2003-10-21,65.3697
2003-10-22,12.626
2003-10-23,-5.4122
2003-10-24,-31.285
2003-10-27,-6.9612
2003-10-28,55.8683
2003-10-29,63.5175
2003-10-30,116.368
2003-10-31,110.2214
2003-11-03,167.738
2003-11-04,130.7456
2003-11-05,89.3986
2003-11-06,119.484
2003-11-07,105.5238
2003-11-10,40.208
2003-11-11,15.635
2003-11-12,92.6991
2003-11-13,104.0369
2003-11-14,69.356
2003-11-17,-32.4736
2003-11-18,-59.9174
2003-11-19,-48.8055
2003-11-20,-83.7279
2003-11-21,-115.605
2003-11-24,8.1701
2003-11-25,72.6745
2003-11-26,79.3153
2003-11-28,108.3304
2003-12-01,177.9512
2003-12-02,161.1218
2003-12-03,144.3484
2003-12-04,125.7039
2003-12-05,91.2789
2003-12-08,95.8222
2003-12-09,72.8032
2003-12-10,33.7904
2003-12-11,92.6189
2003-12-12,88.6214
2003-12-15,103.5722
2003-12-16,94.46
2003-12-17,101.0419
2003-12-18,158.6016
2003-12-19,135.4232
2003-12-22,165.4908
2003-12-23,166.1511
2003-12-24,138.9773
2003-12-26,132.5307
2003-12-29,169.5008
2003-12-30,159.6485
2003-12-31,141.4754
2004-01-02,131.4557
2004-01-05,150.3649
2004-01-06,144.2676
2004-01-07,135.5667
2004-01-08,139.6538
2004-01-09,106.4472
2004-01-12,104.1532
2004-01-13,79.0923
2004-01-14,103.1156
2004-01-15,103.8321
2004-01-16,119.3324
2004-01-20,115.731
2004-01-21,129.7926
2004-01-22,132.4414
2004-01-23,108.5256
2004-01-26,139.6755
2004-01-27,122.1332
2004-01-28,34.6639
2004-01-29,-7.968
2004-01-30,-7.1233
2004-02-02,22.4293
2004-02-03,4.9577
2004-02-04,-60.6318
2004-02-05,-61.3777
2004-02-06,27.6903
2004-02-09,63.6883
2004-02-10,76.3827
2004-02-11,143.0323
2004-02-12,149.2227
2004-02-13,92.3887
2004-02-17,143.3929
2004-02-18,107.8128
2004-02-19,74.3681
2004-02-20,23.5938
2004-02-23,3.6101
2004-02-24,-34.5719
2004-02-25,17.5981
2004-02-26,23.025
2004-02-27,41.5666
2004-03-01,104.8812
2004-03-02,92.7158
2004-03-03,49.2238
2004-03-04,79.8893
2004-03-05,109.9266
2004-03-08,20.0128
2004-03-09,-94.577
2004-03-10,-226.6019
2004-03-11,-285.2354
2004-03-12,-198.0466
2004-03-15,-201.9884
2004-03-16,-158.0948
2004-03-17,-79.1456
2004-03-18,-71.6177
2004-03-19,-112.4585
2004-03-22,-159.9431
2004-03-23,-137.3337
2004-03-24,-127.9836
2004-03-25,-79.7467
2004-03-26,-57.6234
2004-03-29,-15.4958
2004-03-30,7.7611
2004-03-31,23.4476
2004-04-01,61.0461
2004-04-02,116.3023
2004-04-05,149.785
2004-04-06,140.947
2004-04-07,115.1922
2004-04-08,98.6515
2004-04-12,100.4526
2004-04-13,52.3903
2004-04-14,20.561
2004-04-15,12.5593
2004-04-16,36.6238
2004-04-19,36.4833
2004-04-20,-20.1572
2004-04-21,-41.8075
2004-04-22,27.1626
2004-04-23,54.2924
2004-04-26,48.3074
2004-04-27,61.8224
2004-04-28,-77.1324
2004-04-29,-165.6444
2004-04-30,-190.1353
2004-05-03,-126.4719
2004-05-04,-85.4057
2004-05-05,-55.4525
2004-05-06,-110.1914
2004-05-07,-170.1935
2004-05-10,-247.0731
2004-05-11,-168.0787
2004-05-12,-143.2198
2004-05-13,-103.1612
2004-05-14,-97.0469
2004-05-17,-127.173
2004-05-18,-86.4107
2004-05-19,-68.8138
2004-05-20,-76.0021
2004-05-21,-51.5431
2004-05-24,-32.3174
2004-05-25,27.3481
2004-05-26,88.7265
2004-05-27,124.6608
2004-05-28,115.6688
2004-06-01,98.259
2004-06-02,122.9057
2004-06-03,92.634
2004-06-04,117.0971
2004-06-07,149.8323
2004-06-08,143.0511
2004-06-09,104.9469
2004-06-10,100.2036
2004-06-14,58.3271
2004-06-15,80.3954
2004-06-16,75.348
2004-06-17,60.7153
2004-06-18,52.3085
2004-06-21,35.3349
2004-06-22,24.3887
2004-06-23,92.8743
2004-06-24,106.0067
2004-06-25,61.1383
2004-06-28,18.6822
2004-06-29,14.7294
2004-06-30,77.0657
2004-07-01,-84.221
2004-07-02,-158.0325
2004-07-06,-265.8387
2004-07-07,-192.3183
2004-07-08,-208.0961
2004-07-09,-167.2839
2004-07-12,-145.3432
2004-07-13,-106.94
2004-07-14,-102.27
2004-07-15,-121.6493
2004-07-16,-116.9843
2004-07-19,-130.897
2004-07-20,-73.2835
2004-07-21,-112.4753
2004-07-22,-140.8258
2004-07-23,-162.4119
2004-07-26,-166.4705
2004-07-27,-104.95
2004-07-28,-91.0792
2004-07-29,-35.5061
2004-07-30,-19.4654
2004-08-02,59.31
2004-08-03,-21.3955
2004-08-04,-38.7945
2004-08-05,-128.1864
2004-08-06,-232.5965
2004-08-09,-190.7891
2004-08-10,-116.3302
2004-08-11,-112.7868
2004-08-12,-132.1289
2004-08-13,-121.9751
2004-08-16,-62.2556
2004-08-17,-8.1676
2004-08-18,31.2698
2004-08-19,38.7819
2004-08-20,67.016
2004-08-23,67.7103
2004-08-24,62.4443
2004-08-25,80.7445
2004-08-26,94.4661
2004-08-27,104.6523
2004-08-30,78.5514
2004-08-31,77.7553
2004-09-01,90.5573
2004-09-02,124.5345
2004-09-03,120.9876
2004-09-07,132.2197
2004-09-08,118.2254
2004-09-09,101.2923
2004-09-10,113.2979
2004-09-13,135.0099
2004-09-14,127.369
2004-09-15,84.0232
2004-09-16,84.4772
2004-09-17,75.5018
2004-09-20,39.1747
2004-09-21,63.5011
2004-09-22,-32.2517
2004-09-23,-92.0291
2004-09-24,-74.6136
2004-09-27,-120.7995
2004-09-28,-105.1584
2004-09-29,-68.8761
2004-09-30,-64.3974
2004-10-01,76.0701
2004-10-04,138.5894
2004-10-05,113.1971
2004-10-06,133.1745
2004-10-07,79.4674
2004-10-08,14.2052
2004-10-11,18.2331
2004-10-12,-11.407
2004-10-13,-42.2938
2004-10-14,-99.8443
2004-10-15,-80.2921
2004-10-18,-57.9834
2004-10-19,-68.1328
2004-10-20,-112.3344
2004-10-21,-74.6999
2004-10-22,-102.4593
2004-10-25,-130.1267
2004-10-26,-57.5905
2004-10-27,19.7326
2004-10-28,56.1802
2004-10-29,64.6479
2004-11-01,83.1742
2004-11-02,99.0321
2004-11-03,156.5645
2004-11-04,194.5747
2004-11-05,208.4338
2004-11-08,166.6667
2004-11-09,140.237
2004-11-10,122.723
2004-11-11,122.7112
2004-11-12,125.7785
2004-11-15,111.5448
2004-11-16,87.0624
2004-11-17,92.8306
2004-11-18,84.7463
2004-11-19,58.2239
2004-11-22,52.3486
2004-11-23,55.3529
2004-11-24,68.6984
2004-11-26,75.7811
2004-11-29,49.9633
2004-11-30,33.2349
2004-12-01,113.3296
2004-12-02,157.7543
2004-12-03,154.8442
2004-12-06,112.1407
2004-12-07,34.4635
2004-12-08,22.292
2004-12-09,53.0148
2004-12-10,115.9766
2004-12-13,196.3928
2004-12-14,212.6882
2004-12-15,184.6149
2004-12-16,148.0278
2004-12-17,42.9584
2004-12-20,46.9654
2004-12-21,84.4191
2004-12-22,112.603
2004-12-23,109.9131
2004-12-27,100.8947
2004-12-28,111.3778
2004-12-29,116.6812
2004-12-30,106.4074
2004-12-31,85.7161
2005-01-03,42.6559
2005-01-04,-77.7142
2005-01-05,-149.1077
2005-01-06,-129.1568
2005-01-07,-132.6693
2005-01-10,-100.4118
2005-01-11,-128.9322
2005-01-12,-111.3246
2005-01-13,-119.309
2005-01-14,-94.363
2005-01-18,-38.8717
2005-01-19,-56.0054
2005-01-20,-103.3461
2005-01-21,-122.4637
2005-01-24,-134.0585
2005-01-25,-111.8694
2005-01-26,-91.5869
2005-01-27,-81.0371
2005-01-28,-89.7436
2005-01-31,-12.4311
2005-02-01,66.6096
2005-02-02,126.4642
2005-02-03,87.428
2005-02-04,163.8126
2005-02-07,166.6953
2005-02-08,157.5953
2005-02-09,94.4289
2005-02-10,83.2316
2005-02-11,118.27
2005-02-14,118.8599
2005-02-15,125.4293
2005-02-16,111.6486
2005-02-17,77.5029
2005-02-18,55.3622
2005-02-22,-7.793
2005-02-23,-16.2753
2005-02-24,20.1364
2005-02-25,110.4218
2005-02-28,68.4212
2005-03-01,110.9891
2005-03-02,111.1936
2005-03-03,104.0649
2005-03-04,204.9267
2005-03-07,203.5256
2005-03-08,145.651
2005-03-09,49.3065
2005-03-10,14.3394
2005-03-11,-17.9963
2005-03-14,-10.4088
2005-03-15,-39.8023
2005-03-16,-133.8894
2005-03-17,-118.7875
2005-03-18,-144.8027
2005-03-21,-155.6737
2005-03-22,-174.2693
2005-03-23,-172.5363
2005-03-24,-136.0276
2005-03-28,-111.3013
2005-03-29,-118.5642
2005-03-30,-77.3478
2005-03-31,-57.1127
2005-04-01,-63.7427
2005-04-04,-71.7467
2005-04-05,-38.7453
2005-04-06,-8.1295
2005-04-07,20.7237
2005-04-08,-4.8091
2005-04-11,-18.5368
2005-04-12,6.7707
2005-04-13,-39.981
2005-04-14,-185.8735
2005-04-15,-299.2397
2005-04-18,-255.3246
2005-04-19,-149.485
2005-04-20,-174.5959
2005-04-21,-90.4046
2005-04-22,-80.1461
2005-04-25,-37.7391
2005-04-26,-56.2954
2005-04-27,-64.7585
2005-04-28,-88.5812
2005-04-29,-59.5153
2005-05-02,-13.3597
2005-05-03,4.5625
2005-05-04,54.7879
2005-05-05,78.0695
2005-05-06,84.3495
2005-05-09,106.0433
2005-05-10,60.1355
2005-05-11,66.7685
2005-05-12,27.73
2005-05-13,-23.0376
2005-05-16,29.4139
2005-05-17,83.4095
2005-05-18,189.0006
2005-05-19,190.944
2005-05-20,161.2611
2005-05-23,168.664
2005-05-24,138.46
2005-05-25,114.813
2005-05-26,128.8023
2005-05-27,118.3466
2005-05-31,85.5818
2005-06-01,104.0516
2005-06-02,105.7213
2005-06-03,82.8304
2005-06-06,62.0882
2005-06-07,81.327
2005-06-08,57.8509
2005-06-09,60.8767
2005-06-10,57.04
2005-06-13,82.3525
2005-06-14,116.3107
2005-06-15,127.9796
2005-06-16,184.1332
2005-06-17,155.3929
2005-06-20,155.2055
2005-06-21,132.9008
2005-06-22,134.1091
2005-06-23,-17.684
2005-06-24,-167.5815
2005-06-27,-169.7573
2005-06-28,-71.1969
2005-06-29,-58.1995
2005-06-30,-107.0202
2005-07-01,-93.3022
2005-07-05,-30.1808
2005-07-06,-53.9324
2005-07-07,-94.7081
2005-07-08,43.0919
2005-07-11,123.8503
2005-07-12,136.3717
2005-07-13,129.4682
2005-07-14,151.3652
2005-07-15,124.1663
2005-07-18,90.4488
2005-07-19,108.3454
2005-07-20,111.5725
2005-07-21,91.0593
2005-07-22,93.929
2005-07-25,89.1916
2005-07-26,71.9787
2005-07-27,89.8109
2005-07-28,116.9319
2005-07-29,97.2191
2005-08-01,80.2531
2005-08-02,109.3661
2005-08-03,129.0373
2005-08-04,74.0316
2005-08-05,-4.0591
2005-08-08,-55.7274
2005-08-09,-4.8088
2005-08-10,24.1494
2005-08-11,29.7427
2005-08-12,-40.574
2005-08-15,2.2184
2005-08-16,-144.8675
2005-08-17,-162.156
2005-08-18,-168.2208
2005-08-19,-112.5027
2005-08-22,-95.9768
2005-08-23,-138.8866
2005-08-24,-149.758
2005-08-25,-143.5448
2005-08-26,-164.2688
2005-08-29,-122.5203
2005-08-30,-138.8306
2005-08-31,-43.3845
2005-09-01,-13.1439
2005-09-02,4.3051
2005-09-06,99.4693
2005-09-07,135.6479
2005-09-08,112.9817
2005-09-09,172.8484
2005-09-12,156.6462
2005-09-13,106.1963
2005-09-14,60.9429
2005-09-15,44.8337
2005-09-16,49.2748
2005-09-19,27.2304
2005-09-20,-13.4637
2005-09-21,-98.8113
2005-09-22,-97.2902
2005-09-23,-79.523
2005-09-26,-69.3544
2005-09-27,-78.7034
2005-09-28,-74.3504
2005-09-29,-37.5454
2005-09-30,-9.895
2005-10-03,2.5349
2005-10-04,-64.0937
2005-10-05,-159.0184
2005-10-06,-188.4422
2005-10-07,-147.1683
2005-10-10,-171.7975
2005-10-11,-158.5296
2005-10-12,-165.4351
2005-10-13,-159.0989
2005-10-14,-103.1276
2005-10-17,-68.3615
2005-10-18,-91.132
2005-10-19,-54.7231
2005-10-20,-74.7299
2005-10-21,-73.2823
2005-10-24,-11.8321
2005-10-25,-0.8581
2005-10-26,8.144
2005-10-27,-55.1466
2005-10-28,6.2906
2005-10-31,125.2857
2005-11-01,145.56
2005-11-02,189.6432
2005-11-03,218.2869
2005-11-04,169.7558
2005-11-07,151.2933
2005-11-08,125.0127
2005-11-09,118.2202
2005-11-10,127.4192
2005-11-11,126.7029
2005-11-14,124.1709
2005-11-15,100.4173
2005-11-16,89.2474
2005-11-17,112.0924
2005-11-18,140.9733
2005-11-21,149.7256
2005-11-22,154.1119
2005-11-23,163.7773
2005-11-25,155.5106
2005-11-28,119.3872
2005-11-29,100.2669
2005-11-30,66.0789
2005-12-01,88.8308
2005-12-02,88.7107
2005-12-05,69.4203
2005-12-06,86.6888
2005-12-07,44.2444
2005-12-08,34.0004
2005-12-09,41.031
2005-12-12,43.8419
2005-12-13,88.9504
2005-12-14,139.1077
2005-12-15,130.7506
2005-12-16,75.2123
2005-12-19,-72.4893
2005-12-20,-97.1757
2005-12-21,-63.7556
2005-12-22,-16.629
2005-12-23,18.0408
2005-12-27,-92.4802
2005-12-28,-115.4348
2005-12-29,-159.7273
2005-12-30,-218.0784
2006-01-03,-41.5948
2006-01-04,90.2022
2006-01-05,100.8476
2006-01-06,162.7441
2006-01-09,181.9703
2006-01-10,150.9119
2006-01-11,156.0598
2006-01-12,117.5264
2006-01-13,94.9745
2006-01-17,66.4708
2006-01-18,48.242
2006-01-19,61.4697
2006-01-20,-29.0778
2006-01-23,-47.5177
2006-01-24,-33.7213
2006-01-25,-41.8918
2006-01-26,-4.2128
2006-01-27,49.4596
2006-01-30,63.8341
2006-01-31,6.1071
2006-02-01,28.7729
2006-02-02,-58.1112
2006-02-03,-87.1474
2006-02-06,-107.7135
2006-02-07,-141.5336
2006-02-08,-61.5589
2006-02-09,-54.0818
2006-02-10,-81.3111
2006-02-13,-77.1947
2006-02-14,-63.2447
2006-02-15,81.1701
2006-02-16,163.1475
2006-02-17,137.9951
2006-02-21,110.3922
2006-02-22,126.6672
2006-02-23,100.2266
2006-02-24,102.7531
2006-02-27,116.2624
2006-02-28,61.7327
2006-03-01,76.4537
2006-03-02,71.4731
2006-03-03,66.6045
2006-03-06,20.2692
2006-03-07,-19.5831
2006-03-08,-19.5206
2006-03-09,-35.6978
2006-03-10,-5.3357
2006-03-13,36.1789
2006-03-14,118.7948
2006-03-15,218.2199
2006-03-16,247.3822
2006-03-17,159.9724
2006-03-20,126.32
2006-03-21,70.0565
2006-03-22,70.3676
2006-03-23,58.7091
2006-03-24,61.7678
2006-03-27,46.5017
2006-03-28,-6.743
2006-03-29,36.5424
2006-03-30,45.753
2006-03-31,20.4361
2006-04-03,33.7933
2006-04-04,46.2926
2006-04-05,116.5039
2006-04-06,104.5873
2006-04-07,-8.1047
2006-04-10,-98.4547
2006-04-11,-216.7367
2006-04-12,-202.9263
2006-04-13,-187.3987
2006-04-17,-165.7376
2006-04-18,48.6317
2006-04-19,117.7135
2006-04-20,157.7138
2006-04-21,138.1493
2006-04-24,85.1294
2006-04-25,46.3047
2006-04-26,56.4748
2006-04-27,64.964
2006-04-28,109.9689
2006-05-01,57.808
2006-05-02,83.7916
2006-05-03,50.5194
2006-05-04,69.2298
2006-05-05,166.6169
2006-05-08,156.1607
2006-05-09,148.6967
2006-05-10,126.7469
2006-05-11,31.8774
2006-05-12,-130.7244
2006-05-15,-184.8829
2006-05-16,-155.9355
2006-05-17,-261.4798
2006-05-18,-245.0389
2006-05-19,-185.0645
2006-05-22,-167.4975
2006-05-23,-151.3041
2006-05-24,-125.9429
2006-05-25,-72.1797
2006-05-26,-42.0597
2006-05-30,-77.0685
2006-05-31,-59.1094
2006-06-01,-16.207
2006-06-02,5.3323
2006-06-05,-34.6343
2006-06-06,-64.8457
2006-06-07,-71.8555
2006-06-08,-119.7828
2006-06-09,-81.9664
2006-06-12,-169.6625
2006-06-13,-217.0634
2006-06-14,-196.0996
2006-06-15,-62.3293
2006-06-16,-75.2087
2006-06-19,-99.2727
2006-06-20,-89.6876
2006-06-21,-50.9451
2006-06-22,-62.285
2006-06-23,-53.5732
2006-06-26,-40.4002
2006-06-27,-58.1841
2006-06-28,-40.5334
2006-06-29,83.3843
2006-06-30,143.233
2006-07-03,169.9896
2006-07-05,119.9317
2006-07-06,136.7758
2006-07-07,86.0386
2006-07-10,83.6966
2006-07-11,74.7334
2006-07-12,38.1382
2006-07-13,-69.8352
2006-07-14,-109.0711
2006-07-17,-102.5622
2006-07-18,-99.0977
2006-07-19,-16.2172
2006-07-20,-15.3988
2006-07-21,-62.9649
2006-07-24,2.6724
2006-07-25,45.6222
2006-07-26,53.8179
2006-07-27,51.5326
2006-07-28,89.2974
2006-07-31,77.3874
2006-08-01,59.7719
2006-08-02,105.7418
2006-08-03,102.8471
2006-08-04,110.5598
2006-08-07,78.6585
2006-08-08,65.977
2006-08-09,52.0603
2006-08-10,32.303
2006-08-11,17.6961
2006-08-14,43.4208
2006-08-15,116.8142
2006-08-16,186.1009
2006-08-17,197.5386
2006-08-18,199.8991
2006-08-21,154.2104
2006-08-22,132.6873
2006-08-23,97.1111
2006-08-24,81.0897
2006-08-25,79.8606
2006-08-28,93.101
2006-08-29,89.4397
2006-08-30,98.0477
2006-08-31,88.8466
2006-09-01,108.4913
2006-09-05,117.371
2006-09-06,64.0565
2006-09-07,14.2542
2006-09-08,25.4329
2006-09-11,14.6349
2006-09-12,138.9156
2006-09-13,204.7413
2006-09-14,169.8912
2006-09-15,138.8992
2006-09-18,122.9824
2006-09-19,75.7425
2006-09-20,126.0121
2006-09-21,80.611
2006-09-22,21.7559
2006-09-25,83.9442
2006-09-26,165.9051
2006-09-27,182.2612
2006-09-28,158.1957
2006-09-29,141.4108
2006-10-02,87.2801
2006-10-03,93.8662
2006-10-04,147.1021
2006-10-05,172.5876
2006-10-06,135.6867
2006-10-09,132.7408
2006-10-10,129.6009
2006-10-11,102.1976
2006-10-12,146.1675
2006-10-13,149.8176
2006-10-16,142.877
2006-10-17,105.3243
2006-10-18,114.1417
2006-10-19,102.5654
2006-10-20,100.5397
2006-10-23,118.4892
2006-10-24,126.6109
2006-10-25,131.558
2006-10-26,141.4421
2006-10-27,107.9593
2006-10-30,87.2986
2006-10-31,80.312
2006-11-01,44.9836
2006-11-02,-1.7201
2006-11-03,-25.6797
2006-11-06,70.4305
2006-11-07,123.7003
2006-11-08,93.9605
2006-11-09,96.4546
2006-11-10,60.6061
2006-11-13,98.2026
2006-11-14,149.328
2006-11-15,204.8685
2006-11-16,195.7892
2006-11-17,169.1477
2006-11-20,158.4659
2006-11-21,143.4553
2006-11-22,137.7904
2006-11-24,97.2003
2006-11-27,12.9504
2006-11-28,-6.9252
2006-11-29,63.0877
2006-11-30,80.2984
2006-12-01,42.894
2006-12-04,107.9476
2006-12-05,146.2431
2006-12-06,140.8572
2006-12-07,115.2016
2006-12-08,96.1843
2006-12-11,119.9261
2006-12-12,88.3593
2006-12-13,112.9517
2006-12-14,140.203
2006-12-15,124.9895
2006-12-18,91.6116
2006-12-19,68.9695
2006-12-20,82.4735
2006-12-21,42.698
2006-12-22,-17.9592
2006-12-26,-4.0044
2006-12-27,89.9802
2006-12-28,84.0847
2006-12-29,23.867
2007-01-03,-39.8001
2007-01-04,-77.4545
2007-01-05,-178.9567
2007-01-08,-126.0889
2007-01-09,-103.6728
2007-01-10,-82.7201
2007-01-11,51.8038
2007-01-12,140.7661
2007-01-16,142.8685
2007-01-17,135.8345
2007-01-18,91.2625
2007-01-19,93.2835
2007-01-22,54.1249
2007-01-23,68.365
2007-01-24,142.0322
2007-01-25,56.1452
2007-01-26,-4.9846
2007-01-29,2.3846
2007-01-30,38.4426
2007-01-31,110.3074
2007-02-01,177.3154
2007-02-02,184.3296
2007-02-05,167.3654
2007-02-06,148.0276
2007-02-07,147.1828
2007-02-08,111.619
2007-02-09,59.4626
2007-02-12,6.3178
2007-02-13,67.8087
2007-02-14,123.6872
2007-02-15,126.5992
2007-02-16,104.8476
2007-02-20,88.7596
2007-02-21,106.0501
2007-02-22,98.5677
2007-02-23,57.2293
2007-02-26,53.8656
2007-02-27,-284.7161
2007-02-28,-247.092
2007-03-01,-241.1694
2007-03-02,-200.732
2007-03-05,-190.7969
2007-03-06,-127.2059
2007-03-07,-93.2741
2007-03-08,-62.0498
2007-03-09,-53.0888
2007-03-12,-46.3681
2007-03-13,-83.3907
2007-03-14,-88.5541
2007-03-15,-65.0654
2007-03-16,-73.348
2007-03-19,-44.8005
2007-03-20,-9.3793
2007-03-21,74.7573
2007-03-22,116.633
2007-03-23,139.9359
2007-03-26,134.0616
2007-03-27,111.4707
2007-03-28,60.5701
2007-03-29,58.2016
2007-03-30,47.0235
2007-04-02,42.0088
2007-04-03,110.7771
2007-04-04,105.08
2007-04-05,112.5839
2007-04-09,116.7555
2007-04-10,109.9009
2007-04-11,84.323
2007-04-12,86.6772
2007-04-13,114.3824
2007-04-16,180.4027
2007-04-17,194.6659
2007-04-18,175.5374
2007-04-19,143.5521
2007-04-20,164.4671
2007-04-23,143.4568
2007-04-24,112.8886
2007-04-25,130.4922
2007-04-26,127.0714
2007-04-27,109.8816
2007-04-30,83.1179
2007-05-01,72.9839
2007-05-02,94.7148
2007-05-03,106.5481
2007-05-04,125.9014
2007-05-07,125.3674
2007-05-08,103.9143
2007-05-09,130.9996
2007-05-10,59.3388
2007-05-11,80.6994
2007-05-14,76.2448
2007-05-15,85.4938
2007-05-16,100.7433
2007-05-17,109.3681
2007-05-18,152.9565
2007-05-21,161.7617
2007-05-22,145.7957
2007-05-23,136.5556
2007-05-24,57.0694
2007-05-25,48.3217
2007-05-29,71.3834
2007-05-30,116.2785
2007-05-31,151.5503
2007-06-01,167.4877
2007-06-04,142.3102
2007-06-05,92.4317
2007-06-06,6.9255
2007-06-07,-117.7433
2007-06-08,-107.7407
2007-06-11,-53.8903
2007-06-12,-126.0283
2007-06-13,-61.0175
2007-06-14,36.6418
2007-06-15,69.5573
2007-06-18,48.56
2007-06-19,48.761
2007-06-20,-3.1404
2007-06-21,-52.6672
2007-06-22,-94.5581
2007-06-25,-123.941
2007-06-26,-153.2627
2007-06-27,-104.3633
2007-06-28,-58.1642
2007-06-29,-57.0088
2007-07-02,10.658
2007-07-03,66.3389
2007-07-05,56.6324
2007-07-06,84.798
2007-07-09,93.341
2007-07-10,-5.4202
2007-07-11,-4.191
2007-07-12,129.4058
2007-07-13,170.794
2007-07-16,158.717
2007-07-17,149.0594
2007-07-18,96.6236
2007-07-19,119.7452
2007-07-20,54.2911
2007-07-23,60.4034
2007-07-24,-21.0832
2007-07-25,-60.8601
2007-07-26,-190.1731
2007-07-27,-239.6784
2007-07-30,-193.2733
2007-07-31,-163.6985
2007-08-01,-156.3955
2007-08-02,-109.8893
2007-08-03,-130.917
2007-08-06,-106.442
2007-08-07,-58.2779
2007-08-08,-20.3655
2007-08-09,-58.6496
2007-08-10,-90.7314
2007-08-13,-67.7605
2007-08-14,-99.3785
2007-08-15,-134.2007
2007-08-16,-164.4238
2007-08-17,-54.9699
2007-08-20,-58.6556
2007-08-21,-32.99
2007-08-22,29.4677
2007-08-23,51.5224
2007-08-24,94.912
2007-08-27,78.2328
2007-08-28,-46.201
2007-08-29,11.4602
2007-08-30,35.0599
2007-08-31,90.5719
2007-09-04,125.3474
2007-09-05,78.1103
2007-09-06,94.0888
2007-09-07,16.3795
2007-09-10,-5.5639
2007-09-11,55.9482
2007-09-12,77.6954
2007-09-13,119.4116
2007-09-14,101.7612
2007-09-17,74.3871
2007-09-18,211.2351
2007-09-19,227.8596
2007-09-20,211.7885
2007-09-21,161.7781
2007-09-24,125.5801
2007-09-25,86.3362
2007-09-26,103.2337
2007-09-27,108.5086
2007-09-28,90.3151
2007-10-01,113.8705
2007-10-02,109.6153
2007-10-03,89.2081
2007-10-04,88.7965
2007-10-05,128.1913
2007-10-08,112.8193
2007-10-09,138.3013
2007-10-10,129.169
2007-10-11,109.6417
2007-10-12,105.0186
2007-10-15,64.0515
2007-10-16,34.7367
2007-10-17,-1.5447
2007-10-18,-19.9891
2007-10-19,-111.6821
2007-10-22,-196.3163
2007-10-23,-130.6367
2007-10-24,-160.6505
2007-10-25,-106.9273
2007-10-26,-32.8522
2007-10-29,11.4656
2007-10-30,-22.6919
2007-10-31,21.5375
2007-11-01,-80.8893
2007-11-02,-102.486
2007-11-05,-125.8586
2007-11-06,-58.643
2007-11-07,-125.5595
2007-11-08,-177.9694
2007-11-09,-201.143
2007-11-12,-203.9425
2007-11-13,-108.6747
2007-11-14,-76.2005
2007-11-15,-122.616
2007-11-16,-112.8244
2007-11-19,-130.0644
2007-11-20,-113.8315
2007-11-21,-130.9599
2007-11-23,-93.4742
2007-11-26,-114.9254
2007-11-27,-105.9967
2007-11-28,-13.5753
2007-11-29,15.1579
2007-11-30,69.2334
2007-12-03,53.1167
2007-12-04,25.4392
2007-12-05,102.3833
2007-12-06,156.414
2007-12-07,159.995
2007-12-10,155.2886
2007-12-11,82.7975
2007-12-12,73.5878
2007-12-13,48.4741
2007-12-14,24.4952
2007-12-17,-34.782
2007-12-18,-42.1819
2007-12-19,-33.0991
2007-12-20,-30.3114
2007-12-21,15.0424
2007-12-24,50.4662
2007-12-26,50.1662
2007-12-27,-10.5703
2007-12-28,-32.1955
2007-12-31,-72.6581
2008-01-02,-121.2564
2008-01-03,-129.1926
2008-01-04,-200.7445
2008-01-07,-186.8038
2008-01-08,-189.3187
2008-01-09,-175.9049
2008-01-10,-117.1387
2008-01-11,-118.8276
2008-01-14,-85.5942
2008-01-15,-114.3699
2008-01-16,-129.912
2008-01-17,-155.8207
2008-01-18,-165.1787
2008-01-22,-187.061
2008-01-23,-142.5798
2008-01-24,-88.5282
2008-01-25,-85.5227
2008-01-28,-73.5849
2008-01-29,-43.021
2008-01-30,-32.0421
2008-01-31,-19.3617
2008-02-01,40.5399
2008-02-04,32.2297
2008-02-05,-45.327
2008-02-06,-66.4497
2008-02-07,-62.9147
2008-02-08,-66.3085
2008-02-11,-55.4002
2008-02-12,8.8185
2008-02-13,60.7415
2008-02-14,44.6311
2008-02-15,10.5861
2008-02-19,40.001
2008-02-20,35.4934
2008-02-21,2.2604
2008-02-22,-28.6757
2008-02-25,70.7855
2008-02-26,133.1199
2008-02-27,130.9436
2008-02-28,67.2626
2008-02-29,-53.8844
2008-03-03,-111.1638
2008-03-04,-136.791
2008-03-05,-69.3333
2008-03-06,-155.1375
2008-03-07,-196.1306
2008-03-10,-212.0344
2008-03-11,-110.8302
2008-03-12,-66.9081
2008-03-13,-89.9427
2008-03-14,-103.0284
2008-03-17,-141.3458
2008-03-18,-20.5829
2008-03-19,-36.5232
2008-03-20,-39.353
2008-03-24,50.8543
2008-03-25,60.1525
2008-03-26,43.6122
2008-03-27,36.6325
2008-03-28,-0.5477
2008-03-31,3.5203
2008-04-01,165.8292
2008-04-02,177.3214
2008-04-03,152.8905
2008-04-04,135.5068
2008-04-07,128.6728
2008-04-08,95.0496
2008-04-09,64.3993
2008-04-10,59.1011
2008-04-11,4.2848
2008-04-14,-37.7324
2008-04-15,-50.3693
2008-04-16,58.3261
2008-04-17,74.3715
2008-04-18,146.2527
2008-04-21,107.7038
2008-04-22,81.3702
2008-04-23,84.1789
2008-04-24,97.4712
2008-04-25,123.3675
2008-04-28,148.2559
2008-04-29,104.9691
2008-04-30,89.0795
2008-05-01,121.2817
2008-05-02,150.6945
2008-05-05,115.4924
2008-05-06,114.8578
2008-05-07,73.0197
2008-05-08,44.6486
2008-05-09,17.88
2008-05-12,53.3782
2008-05-13,71.5054
2008-05-14,108.3055
2008-05-15,147.7282
2008-05-16,148.9736
2008-05-19,171.9613
2008-05-20,81.0899
2008-05-21,-15.3325
2008-05-22,-62.1704
2008-05-23,-138.9928
2008-05-27,-120.6935
2008-05-28,-78.0213
2008-05-29,-27.4657
2008-05-30,-6.8237
2008-06-02,-88.81
2008-06-03,-113.6934
2008-06-04,-107.689
2008-06-05,-1.7128
2008-06-06,-136.087
2008-06-09,-162.6593
2008-06-10,-152.0393
2008-06-11,-178.1148
2008-06-12,-158.0769
2008-06-13,-107.3175
2008-06-16,-81.8797
2008-06-17,-79.1869
2008-06-18,-123.3208
2008-06-19,-129.3541
2008-06-20,-171.8989
2008-06-23,-157.267
2008-06-24,-149.1004
2008-06-25,-110.0106
2008-06-26,-167.2148
2008-06-27,-179.5787
2008-06-30,-148.1511
2008-07-01,-136.6699
2008-07-02,-128.4889
2008-07-03,-133.915
2008-07-07,-132.6599
2008-07-08,-101.9831
2008-07-09,-101.4428
2008-07-10,-103.4887
2008-07-11,-107.6191
2008-07-14,-109.3166
2008-07-15,-139.3065
2008-07-16,-100.6602
2008-07-17,-51.7562
2008-07-18,-29.4139
2008-07-21,-18.8797
2008-07-22,11.5199
2008-07-23,80.04
2008-07-24,19.477
2008-07-25,-2.9051
2008-07-28,-64.869
2008-07-29,-1.8612
2008-07-30,133.1574
2008-07-31,105.1303
2008-08-01,45.2517
2008-08-04,-10.8296
2008-08-05,94.698
2008-08-06,140.4076
2008-08-07,81.3644
2008-08-08,117.7253
2008-08-11,180.7411
2008-08-12,130.1057
2008-08-13,78.6708
2008-08-14,96.3441
2008-08-15,120.8463
2008-08-18,60.0464
2008-08-19,-20.6149
2008-08-20,-14.4577
2008-08-21,-2.0721
2008-08-22,61.9229
2008-08-25,-12.3997
2008-08-26,-51.3571
2008-08-27,7.1546
2008-08-28,94.9231
2008-08-29,51.2174
2008-09-02,17.4549
2008-09-03,-67.3526
2008-09-04,-228.6316
2008-09-05,-250.2791
2008-09-08,-82.0543
2008-09-09,-171.107
2008-09-10,-172.4512
2008-09-11,-125.2495
2008-09-12,-68.9136
2008-09-15,-176.2666
2008-09-16,-184.425
2008-09-17,-202.6983
2008-09-18,-161.6805
2008-09-19,-51.059
2008-09-22,-65.7437
2008-09-23,-112.6968
2008-09-24,-114.2588
2008-09-25,-73.2445
2008-09-26,-66.9372
2008-09-29,-182.9791
2008-09-30,-160.6455
2008-10-01,-122.5603
2008-10-02,-165.3952
2008-10-03,-156.6632
2008-10-06,-240.9291
2008-10-07,-213.0185
2008-10-08,-206.9464
2008-10-09,-211.5848
2008-10-10,-206.2225
2008-10-13,-112.1506
2008-10-14,-74.825
2008-10-15,-116.526
2008-10-16,-106.8255
2008-10-17,-79.9494
2008-10-20,-55.5877
2008-10-21,-55.5372
2008-10-22,-86.875
2008-10-23,-91.492
2008-10-24,-110.0118
2008-10-27,-114.894
2008-10-28,-63.4941
2008-10-29,-23.7691
2008-10-30,-0.8001
2008-10-31,35.9466
2008-11-03,52.4811
2008-11-04,105.0795
2008-11-05,67.1596
2008-11-06,-33.2483
2008-11-07,-25.5771
2008-11-10,-17.4745
2008-11-11,-71.8392
2008-11-12,-127.6346
2008-11-13,-91.8199
2008-11-14,-80.4227
2008-11-17,-107.2167
2008-11-18,-109.0978
2008-11-19,-136.4186
2008-11-20,-190.6166
2008-11-21,-159.1051
2008-11-24,-76.0816
2008-11-25,-50.5789
2008-11-26,-23.9459
2008-11-28,8.0444
2008-12-01,-68.1272
2008-12-02,-55.9093
2008-12-03,-18.2639
2008-12-04,-17.3808
2008-12-05,0.1002
2008-12-08,112.2632
2008-12-09,114.0119
2008-12-10,112.7954
2008-12-11,71.0968
2008-12-12,45.8401
2008-12-15,46.586
2008-12-16,110.4657
2008-12-17,106.455
2008-12-18,67.3076
2008-12-19,43.9958
2008-12-22,-24.3069
2008-12-23,-46.0915
2008-12-24,-52.8549
2008-12-26,-34.0108
2008-12-29,-43.2692
2008-12-30,12.0848
2008-12-31,74.2764
2009-01-02,142.1676
2009-01-05,162.1708
2009-01-06,156.5971
2009-01-07,61.9481
2009-01-08,44.5143
2009-01-09,-25.6343
2009-01-12,-63.5495
2009-01-13,-73.8075
2009-01-14,-148.0438
2009-01-15,-147.5939
2009-01-16,-108.7564
2009-01-20,-165.0671
2009-01-21,-121.8914
2009-01-22,-115.2156
2009-01-23,-105.7304
2009-01-26,-68.7083
2009-01-27,-55.3258
2009-01-28,2.7438
2009-01-29,-28.4389
2009-01-30,-64.2718
2009-02-02,-81.9295
2009-02-03,-53.7593
2009-02-04,-36.0271
2009-02-05,-77.362
2009-02-06,80.4806
2009-02-09,121.9191
2009-02-10,-0.7483
2009-02-11,-39.2504
2009-02-12,-63.2297
2009-02-13,-37.8423
2009-02-17,-170.1783
2009-02-18,-215.2481
2009-02-19,-193.8005
2009-02-20,-208.3784
2009-02-23,-200.1105
2009-02-24,-143.8263
2009-02-25,-115.498
2009-02-26,-101.1509
2009-02-27,-134.2255
2009-03-02,-163.2203
2009-03-03,-156.4407
2009-03-04,-122.949
2009-03-05,-137.0339
2009-03-06,-131.5481
2009-03-09,-124.4884
2009-03-10,-75.0221
2009-03-11,-45.8141
2009-03-12,-12.083
2009-03-13,23.6362
2009-03-16,46.8954
2009-03-17,70.2993
2009-03-18,114.6035
2009-03-19,118.0466
2009-03-20,69.0499
2009-03-23,133.0209
2009-03-24,124.7534
2009-03-25,111.6886
2009-03-26,124.5132
2009-03-27,98.9597
2009-03-30,47.2055
2009-03-31,58.6135
2009-04-01,60.1015
2009-04-02,103.8768
2009-04-03,111.4904
2009-04-06,102.9269
2009-04-07,64.1672
2009-04-08,70.1259
2009-04-09,152.5154
2009-04-13,151.9168
2009-04-14,110.5388
2009-04-15,102.887
2009-04-16,134.4205
2009-04-17,142.8457
2009-04-20,58.5423
2009-04-21,43.0966
2009-04-22,61.385
2009-04-23,49.7211
2009-04-24,104.9615
2009-04-27,82.2927
2009-04-28,60.4871
2009-04-29,134.9481
2009-04-30,148.7918
2009-05-01,123.755
2009-05-04,209.7001
2009-05-05,190.5909
2009-05-06,202.8375
2009-05-07,164.972
2009-05-08,163.268
2009-05-11,115.6632
2009-05-12,86.7004
2009-05-13,30.1031
2009-05-14,33.9608
2009-05-15,19.7653
2009-05-18,55.3995
2009-05-19,77.9604
2009-05-20,70.291
2009-05-21,-13.7617
2009-05-22,-14.5494
2009-05-26,28.99
2009-05-27,16.9478
2009-05-28,18.1852
2009-05-29,132.9889
2009-06-01,237.7301
2009-06-02,103.9602
2009-06-03,137.3424
2009-06-04,150.7381
2009-06-05,148.9648
2009-06-08,112.0226
2009-06-09,113.0738
2009-06-10,91.3487
2009-06-11,106.4939
2009-06-12,84.0293
2009-06-15,22.3076
2009-06-16,-16.8943
2009-06-17,-41.4276
2009-06-18,-24.682
2009-06-19,-32.0819
2009-06-22,-134.421
2009-06-23,-151.7417
2009-06-24,-111.2896
2009-06-25,-70.4522
2009-06-26,-45.2712
2009-06-29,-14.9753
2009-06-30,-26.5621
2009-07-01,-1.5081
2009-07-02,-87.1966
2009-07-06,-133.846
2009-07-07,-153.0446
2009-07-08,-160.3001
2009-07-09,-125.3613
2009-07-10,-126.0193
2009-07-13,-61.5424
2009-07-14,-7.8735
2009-07-15,95.2179
2009-07-16,129.9005
2009-07-17,139.0371
2009-07-20,155.0567
2009-07-21,146.2914
2009-07-22,135.1383
2009-07-23,160.4462
2009-07-24,151.072
2009-07-27,139.0818
2009-07-28,114.7143
2009-07-29,96.9851
2009-07-30,111.8785
2009-07-31,98.5328
2009-08-03,110.5228
2009-08-04,108.5654
2009-08-05,99.022
2009-08-06,88.6266
2009-08-07,107.6265
2009-08-10,95.7835
2009-08-11,68.0386
2009-08-12,82.5868
2009-08-13,92.8008
2009-08-14,72.1183
2009-08-17,-25.5432
2009-08-18,-12.9202
2009-08-19,4.4753
2009-08-20,69.6738
2009-08-21,172.9775
2009-08-24,191.4418
2009-08-25,186.0648
2009-08-26,148.8346
2009-08-27,123.6064
2009-08-28,127.555
2009-08-31,56.746
2009-09-01,-4.717
2009-09-02,-67.4825
2009-09-03,-47.5007
2009-09-04,16.9902
2009-09-08,72.5377
2009-09-09,97.8031
2009-09-10,117.8388
2009-09-11,122.9776
2009-09-14,105.5424
2009-09-15,136.6053
2009-09-16,180.5453
2009-09-17,182.3811
2009-09-18,139.5558
2009-09-21,106.0044
2009-09-22,113.3318
2009-09-23,91.2191
2009-09-24,41.5246
2009-09-25,12.9799
2009-09-28,52.6602
2009-09-29,60.7187
2009-09-30,29.9778
2009-10-01,-51.1975
2009-10-02,-129.0006
2009-10-05,-85.6194
2009-10-06,5.8884
2009-10-07,9.7117
2009-10-08,68.1024
2009-10-09,86.9648
2009-10-12,121.4071
2009-10-13,87.5151
2009-10-14,156.9076
2009-10-15,174.8978
2009-10-16,128.4964
2009-10-19,141.7784
2009-10-20,116.3277
2009-10-21,89.0633
2009-10-22,77.7297
2009-10-23,58.7496
2009-10-26,21.9559
2009-10-27,-16.3466
2009-10-28,-76.7353
2009-10-29,-42.4785
2009-10-30,-123.1626
2009-11-02,-140.0673
2009-11-03,-129.1994
2009-11-04,-84.4895
2009-11-05,-35.9822
2009-11-06,-15.1391
2009-11-09,73.3826
2009-11-10,83.484
2009-11-11,104.1063
2009-11-12,75.4723
2009-11-13,74.2425
2009-11-16,125.7379
2009-11-17,117.2674
2009-11-18,107.8689
2009-11-19,71.0708
2009-11-20,46.9723
2009-11-23,87.5034
2009-11-24,71.4986
2009-11-25,80.6051
2009-11-27,21.5982
2009-11-30,17.027
2009-12-01,86.9282
2009-12-02,92.1432
2009-12-03,62.5036
2009-12-04,69.9638
2009-12-07,49.0874
2009-12-08,-51.8486
2009-12-09,-67.678
2009-12-10,24.9696
2009-12-11,48.5369
2009-12-14,110.2557
2009-12-15,80.1802
2009-12-16,97.8762
2009-12-17,-28.9825
2009-12-18,-75.531
2009-12-21,57.2964
2009-12-22,99.9636
2009-12-23,103.8477
2009-12-24,141.7548
2009-12-28,162.5075
2009-12-29,155.1359
2009-12-30,110.7584
2009-12-31,51.7933
2010-01-04,116.8912
2010-01-05,149.1312
2010-01-06,153.75
2010-01-07,149.8898
2010-01-08,155.1705
2010-01-11,159.9117
2010-01-12,84.6107
2010-01-13,110.5247
2010-01-14,127.0128
2010-01-15,63.033
2010-01-19,95.0759
2010-01-20,37.7845
2010-01-21,-59.7562
2010-01-22,-219.3059
2010-01-25,-200.2382
2010-01-26,-182.09
2010-01-27,-160.3865
2010-01-28,-151.4521
2010-01-29,-149.5979
2010-02-01,-116.2782
2010-02-02,-64.101
2010-02-03,-57.6904
2010-02-04,-117.7603
2010-02-05,-134.4889
2010-02-08,-115.8023
2010-02-09,-87.9054
2010-02-10,-91.5555
2010-02-11,-69.0076
2010-02-12,-63.1974
2010-02-16,-1.0668
2010-02-17,53.375
2010-02-18,94.181
2010-02-19,119.8981
2010-02-22,120.5264
2010-02-23,68.5131
2010-02-24,82.4529
2010-02-25,58.3964
2010-02-26,75.2521
2010-03-01,108.6944
2010-03-02,120.329
2010-03-03,113.2505
2010-03-04,104.6086
2010-03-05,143.0128
2010-03-08,149.2001
2010-03-09,143.6429
2010-03-10,142.6837
2010-03-11,133.3781
2010-03-12,132.7106
2010-03-15,110.686
2010-03-16,127.201
2010-03-17,136.6002
2010-03-18,119.4553
2010-03-19,87.6997
2010-03-22,79.3269
2010-03-23,102.1902
2010-03-24,80.177
2010-03-25,93.6632
2010-03-26,72.8024
2010-03-29,88.3576
2010-03-30,92.0715
2010-03-31,69.5347
2010-04-01,109.3349
2010-04-05,153.8831
2010-04-06,167.4314
2010-04-07,133.1827
2010-04-08,121.0434
2010-04-09,168.6696
2010-04-12,170.3041
2010-04-13,136.3864
2010-04-14,179.4367
2010-04-15,170.6452
2010-04-16,82.6132
2010-04-19,56.1435
2010-04-20,109.0288
2010-04-21,99.8436
2010-04-22,81.5999
2010-04-23,123.5904
2010-04-26,121.7006
2010-04-27,-10.417
2010-04-28,-33.9209
2010-04-29,65.1824
2010-04-30,-27.9309
2010-05-03,9.8016
2010-05-04,-167.5837
2010-05-05,-218.568
2010-05-06,-405.4557
2010-05-07,-273.4266
2010-05-10,-96.0508
2010-05-11,-79.3907
2010-05-12,-43.0455
2010-05-13,-51.3915
2010-05-14,-107.3063
2010-05-17,-108.3457
2010-05-18,-100.9239
2010-05-19,-124.5185
2010-05-20,-172.2706
2010-05-21,-153.7645
2010-05-24,-129.2795
2010-05-25,-139.1612
2010-05-26,-106.408
2010-05-27,-58.9902
2010-05-28,-60.8465
2010-06-01,-81.0712
2010-06-02,-52.6789
2010-06-03,-23.2235
2010-06-04,-85.0216
2010-06-07,-104.0266
2010-06-08,-101.2204
2010-06-09,-82.5198
2010-06-10,-39.4224
2010-06-11,1.3498
2010-06-14,42.9073
2010-06-15,110.1797
2010-06-16,139.8569
2010-06-17,137.3945
2010-06-18,115.6561
2010-06-21,105.2666
2010-06-22,41.3641
2010-06-23,-5.8559
2010-06-24,-68.6758
2010-06-25,-66.1198
2010-06-28,-60.5766
2010-06-29,-143.0514
2010-06-30,-162.7899
2010-07-01,-173.0384
2010-07-02,-150.768
2010-07-06,-122.1852
2010-07-07,-67.5151
2010-07-08,-26.7344
2010-07-09,-5.35
2010-07-12,1.0207
2010-07-13,46.7366
2010-07-14,50.0777
2010-07-15,49.2669
2010-07-16,4.0501
2010-07-19,-0.6849
2010-07-20,26.0861
2010-07-21,31.1108
2010-07-22,90.5172
2010-07-23,108.6157
2010-07-26,135.6426
2010-07-27,134.462
2010-07-28,105.3388
2010-07-29,83.2415
2010-07-30,61.296
2010-08-02,133.5407
2010-08-03,125.5322
2010-08-04,135.324
2010-08-05,116.266
2010-08-06,80.2849
2010-08-09,104.9834
2010-08-10,72.7512
2010-08-11,-31.3463
2010-08-12,-79.8991
2010-08-13,-82.1368
2010-08-16,-106.7859
2010-08-17,-45.6779
2010-08-18,-50.7699
2010-08-19,-114.2023
2010-08-20,-136.4198
2010-08-23,-112.5838
2010-08-24,-165.1531
2010-08-25,-146.6183
2010-08-26,-126.1831
2010-08-27,-97.5865
2010-08-30,-94.4161
2010-08-31,-103.2683
2010-09-01,-17.6187
2010-09-02,33.4426
2010-09-03,94.2551
2010-09-07,79.0757
2010-09-08,108.6233
2010-09-09,132.3372
2010-09-10,124.9497
2010-09-13,148.4262
2010-09-14,129.3775
2010-09-15,118.2065
2010-09-16,108.4519
2010-09-17,91.0831
2010-09-20,107.5825
2010-09-21,105.9514
2010-09-22,88.4235
2010-09-23,61.6022
2010-09-24,101.5567
2010-09-27,96.3628
2010-09-28,86.4198
2010-09-29,92.5081
2010-09-30,94.3091
2010-10-01,90.6225
2010-10-04,50.0239
2010-10-05,140.4802
2010-10-06,151.5523
2010-10-07,136.3829
2010-10-08,156.5575
2010-10-11,157.3433
2010-10-12,142.2786
2010-10-13,181.2991
2010-10-14,127.9372
2010-10-15,122.1824
2010-10-18,129.3691
2010-10-19,62.7833
2010-10-20,96.9108
2010-10-21,109.1422
2010-10-22,106.0612
2010-10-25,130.5337
2010-10-26,94.437
2010-10-27,65.2632
2010-10-28,80.6013
2010-10-29,74.4462
2010-11-01,91.1001
2010-11-02,139.2144
2010-11-03,133.5234
2010-11-04,268.0896
2010-11-05,277.8123
2010-11-08,203.0682
2010-11-09,145.3819
2010-11-10,111.9273
2010-11-11,87.3009
2010-11-12,37.9146
2010-11-15,31.0001
2010-11-16,-62.0409
2010-11-17,-71.3901
2010-11-18,2.2924
2010-11-19,1.191
2010-11-22,-12.8965
2010-11-23,-80.079
2010-11-24,-11.1219
2010-11-26,-56.4023
2010-11-29,-78.6171
2010-11-30,-95.2311
2010-12-01,37.3288
2010-12-02,100.1802
2010-12-03,122.1915
2010-12-06,125.649
2010-12-07,141.0192
2010-12-08,122.8898
2010-12-09,136.1019
2010-12-10,141.1927
2010-12-13,134.3633
2010-12-14,114.5979
2010-12-15,90.6948
2010-12-16,88.3327
2010-12-17,72.2036
2010-12-20,75.8463
2010-12-21,94.0458
2010-12-22,104.9392
2010-12-23,94.8491
2010-12-27,87.5571
2010-12-28,97.2004
2010-12-29,113.0743
2010-12-30,97.2183
2010-12-31,80.6393
2011-01-03,150.4434
2011-01-04,139.579
2011-01-05,155.7328
2011-01-06,153.7868
2011-01-07,114.5217
2011-01-10,86.1539
2011-01-11,116.6209
2011-01-12,155.3963
2011-01-13,141.6641
2011-01-14,155.3596
2011-01-18,168.1786
2011-01-19,106.2972
2011-01-20,55.005
2011-01-21,92.1572
2011-01-24,100.2474
2011-01-25,88.8733
2011-01-26,126.6209
2011-01-27,128.6294
2011-01-28,34.2533
2011-01-31,18.235
2011-02-01,165.6328
2011-02-02,163.5499
2011-02-03,134.9687
2011-02-04,146.0758
2011-02-07,185.377
2011-02-08,179.6888
2011-02-09,147.6985
2011-02-10,121.2814
2011-02-11,137.4025
2011-02-14,143.4886
2011-02-15,108.7917
2011-02-16,127.735
2011-02-17,125.3465
2011-02-18,126.6606
2011-02-22,48.2422
2011-02-23,-22.5403
2011-02-24,-45.5269
2011-02-25,15.0735
2011-02-28,57.0135
2011-03-01,-21.3797
2011-03-02,-76.3707
2011-03-03,63.5665
2011-03-04,12.2112
2011-03-07,-60.1647
2011-03-08,-23.3512
2011-03-09,-18.9059
2011-03-10,-163.8543
2011-03-11,-128.03
2011-03-14,-150.5292
2011-03-15,-213.5379
2011-03-16,-228.6336
2011-03-17,-151.4162
2011-03-18,-123.1398
2011-03-21,-48.9857
2011-03-22,-51.4345
2011-03-23,-51.5254
2011-03-24,1.7039
2011-03-25,38.6452
2011-03-28,41.1456
2011-03-29,48.4099
2011-03-30,103.4811
2011-03-31,101.7721
2011-04-01,124.1658
2011-04-04,116.4924
2011-04-05,112.6502
2011-04-06,115.268
2011-04-07,92.3219
2011-04-08,74.3475
2011-04-11,56.2274
2011-04-12,9.0159
2011-04-13,1.9976
2011-04-14,-23.8007
2011-04-15,5.0029
2011-04-18,-74.5255
2011-04-19,-63.1974
2011-04-20,65.9722
2011-04-21,92.2175
2011-04-25,84.3598
2011-04-26,148.1537
2011-04-27,184.6429
2011-04-28,190.3788
2011-04-29,183.7867
2011-05-02,161.1566
2011-05-03,104.4622
2011-05-04,63.7116
2011-05-05,15.3144
2011-05-06,40.1899
2011-05-09,40.4926
2011-05-10,77.2113
2011-05-11,30.5526
2011-05-12,23.8905
2011-05-13,2.5617
2011-05-16,-45.7512
2011-05-17,-107.8465
2011-05-18,-54.6686
2011-05-19,-11.1273
2011-05-20,-72.2472
2011-05-23,-208.1318
2011-05-24,-170.6263
2011-05-25,-138.6295
2011-05-26,-97.4651
2011-05-27,-40.858
2011-05-31,47.4168
2011-06-01,-74.7362
2011-06-02,-145.215
2011-06-03,-177.498
2011-06-06,-204.4282
2011-06-07,-178.7735
2011-06-08,-181.2982
2011-06-09,-130.8039
2011-06-10,-157.7196
2011-06-13,-141.3975
2011-06-14,-73.4439
2011-06-15,-112.2232
2011-06-16,-113.0905
2011-06-17,-102.6503
2011-06-20,-87.8772
2011-06-21,-34.372
2011-06-22,-28.8413
2011-06-23,-70.5926
2011-06-24,-84.5989
2011-06-27,-64.2781
2011-06-28,21.5088
2011-06-29,112.192
2011-06-30,188.8515
2011-07-01,253.8947
2011-07-05,226.6431
2011-07-06,179.747
2011-07-07,185.1003
2011-07-08,128.1295
2011-07-11,60.6919
2011-07-12,43.5425
2011-07-13,48.128
2011-07-14,24.2086
2011-07-15,18.9054
2011-07-18,-15.0872
2011-07-19,38.3333
2011-07-20,49.2103
2011-07-21,88.5087
2011-07-22,95.801
2011-07-25,69.3033
2011-07-26,43.6332
2011-07-27,-84.2429
2011-07-28,-117.4949
2011-07-29,-172.7052
2011-08-01,-157.0161
2011-08-02,-227.151
2011-08-03,-220.364
2011-08-04,-263.7408
2011-08-05,-236.7854
2011-08-08,-248.8212
2011-08-09,-186.1763
2011-08-10,-166.4256
2011-08-11,-114.8494
2011-08-12,-81.8557
2011-08-15,-55.5271
2011-08-16,-54.9842
2011-08-17,-46.0293
2011-08-18,-79.807
2011-08-19,-96.1852
2011-08-22,-93.5789
2011-08-23,-69.1715
2011-08-24,-35.1554
2011-08-25,-32.2322
2011-08-26,-32.8705
2011-08-29,52.1099
2011-08-30,86.4014
2011-08-31,129.6673
2011-09-01,112.033
2011-09-02,32.4208
2011-09-06,-41.4206
2011-09-07,52.4398
2011-09-08,44.4417
2011-09-09,-45.0563
2011-09-12,-66.846
2011-09-13,-16.9465
2011-09-14,33.5627
2011-09-15,86.8959
2011-09-16,91.4293
2011-09-19,47.2055
2011-09-20,65.634
2011-09-21,-44.0888
2011-09-22,-203.5913
2011-09-23,-162.7237
2011-09-26,-96.4736
2011-09-27,-12.6355
2011-09-28,-58.9682
2011-09-29,-62.1671
2011-09-30,-112.2588
2011-10-03,-165.5774
2011-10-04,-153.0429
2011-10-05,-73.9466
2011-10-06,-19.6924
2011-10-07,-6.6868
2011-10-10,64.8012
2011-10-11,72.5402
2011-10-12,103.9708
2011-10-13,84.4599
2011-10-14,127.7869
2011-10-17,96.4252
2011-10-18,112.6152
2011-10-19,98.868
2011-10-20,80.5256
2011-10-21,118.0162
2011-10-24,132.0699
2011-10-25,91.7982
2011-10-26,87.2438
2011-10-27,152.379
2011-10-28,144.7759
2011-10-31,106.3847
2011-11-01,15.0936
2011-11-02,39.8869
2011-11-03,76.179
2011-11-04,58.1454
2011-11-07,68.6261
2011-11-08,107.8701
2011-11-09,-2.6242
2011-11-10,-4.4596
2011-11-11,75.1881
2011-11-14,48.9726
2011-11-15,39.9226
2011-11-16,-12.5319
2011-11-17,-127.0351
2011-11-18,-136.4252
2011-11-21,-201.4891
2011-11-22,-179.3115
2011-11-23,-196.1283
2011-11-25,-179.5943
2011-11-28,-92.6577
2011-11-29,-67.6771
2011-11-30,11.6542
2011-12-01,50.0029
2011-12-02,59.3028
2011-12-05,78.8292
2011-12-06,79.3805
2011-12-07,80.1073
2011-12-08,36.5127
2011-12-09,58.0564
2011-12-12,26.1925
2011-12-13,19.1731
2011-12-14,-17.6435
2011-12-15,-4.833
2011-12-16,-17.7895
2011-12-19,-43.9074
2011-12-20,2.9014
2011-12-21,24.7291
2011-12-22,55.8272
2011-12-23,90.4181
2011-12-27,98.1918
2011-12-28,46.0063
2011-12-29,58.4583
2011-12-30,57.0083
2012-01-03,133.6278
2012-01-04,111.982
2012-01-05,112.4059
2012-01-06,112.1967
2012-01-09,104.2263
2012-01-10,135.4657
2012-01-11,114.6105
2012-01-12,110.2238
2012-01-13,81.0855
2012-01-17,103.716
2012-01-18,118.0926
2012-01-19,149.863
2012-01-20,153.2278
2012-01-23,136.2356
2012-01-24,107.6801
2012-01-25,126.3958
2012-01-26,119.1512
2012-01-27,90.0254
2012-01-30,54.815
2012-01-31,65.4483
2012-02-01,106.9228
2012-02-02,101.0491
2012-02-03,163.2762
2012-02-06,152.562
2012-02-07,153.1469
2012-02-08,153.7592
2012-02-09,144.23
2012-02-10,90.2411
2012-02-13,120.1405
2012-02-14,93.3043
2012-02-15,82.5631
2012-02-16,99.1135
2012-02-17,121.3477
2012-02-21,118.5552
2012-02-22,96.0048
2012-02-23,98.4213
2012-02-24,119.5905
2012-02-27,108.5747
2012-02-28,132.5464
2012-02-29,114.38
2012-03-01,119.6425
2012-03-02,99.9356
2012-03-05,53.5139
2012-03-06,-78.1549
2012-03-07,-37.9743
2012-03-08,56.7839
2012-03-09,99.4901
2012-03-12,88.9969
2012-03-13,217.6447
2012-03-14,226.0572
2012-03-15,216.3793
2012-03-16,174.8795
2012-03-19,163.9188
2012-03-20,113.83
2012-03-21,98.5313
2012-03-22,44.5231
2012-03-23,46.4688
2012-03-26,114.5485
2012-03-27,105.4301
2012-03-28,64.8743
2012-03-29,39.8071
2012-03-30,64.0651
2012-04-02,95.2553
2012-04-03,81.2912
2012-04-04,-3.243
2012-04-05,-24.2284
2012-04-09,-133.0051
2012-04-10,-290.912
2012-04-11,-209.0468
2012-04-12,-106.6287
2012-04-13,-122.4518
2012-04-16,-124.9978
2012-04-17,-40.0617
2012-04-18,-37.1805
2012-04-19,-68.0592
2012-04-20,-51.1213
2012-04-23,-118.7889
2012-04-24,-79.3558
2012-04-25,12.5125
2012-04-26,58.7431
2012-04-27,87.7719
2012-04-30,66.4032
2012-05-01,120.2912
2012-05-02,92.3241
2012-05-03,61.4925
2012-05-04,-48.7556
2012-05-07,-84.0574
2012-05-08,-137.5756
2012-05-09,-151.9125
2012-05-10,-105.2714
2012-05-11,-110.087
2012-05-14,-152.9351
2012-05-15,-158.3272
2012-05-16,-147.4423
2012-05-17,-178.1704
2012-05-18,-181.5465
2012-05-21,-131.1567
2012-05-22,-95.5529
2012-05-23,-100.348
2012-05-24,-75.5968
2012-05-25,-68.5083
2012-05-29,-46.3681
2012-05-30,-56.6657
2012-05-31,-77.0067
2012-06-01,-138.5632
2012-06-04,-168.8783
2012-06-05,-135.7394
2012-06-06,-37.0979
2012-06-07,16.138
2012-06-08,29.7105
2012-06-11,32.7736
2012-06-12,45.2556
2012-06-13,51.4288
2012-06-14,103.9355
2012-06-15,129.6494
2012-06-18,136.2701
2012-06-19,189.1892
2012-06-20,159.9182
2012-06-21,63.7726
2012-06-22,46.8103
2012-06-25,-42.7029
2012-06-26,-23.0568
2012-06-27,28.0737
2012-06-28,1.9374
2012-06-29,153.4176
2012-07-02,161.1306
2012-07-03,178.4722
2012-07-05,145.5461
2012-07-06,65.1757
2012-07-09,51.2527
2012-07-10,24.2972
2012-07-11,-8.9973
2012-07-12,-41.939
2012-07-13,38.7659
2012-07-16,45.7671
2012-07-17,62.8949
2012-07-18,109.4695
2012-07-19,127.8645
2012-07-20,75.2776
2012-07-23,4.7751
2012-07-24,-55.6108
2012-07-25,-75.9297
2012-07-26,35.6608
2012-07-27,146.9665
2012-07-30,164.6663
2012-07-31,112.5116
2012-08-01,97.1676
2012-08-02,33.1211
2012-08-03,114.3661
2012-08-06,146.6327
2012-08-07,152.3428
2012-08-08,131.3218
2012-08-09,126.5322
2012-08-10,112.8816
2012-08-13,104.4069
2012-08-14,104.4474
2012-08-15,94.4892
2012-08-16,107.3621
2012-08-17,110.675
2012-08-20,98.3763
2012-08-21,97.0071
2012-08-22,77.9505
2012-08-23,38.3962
2012-08-24,51.4594
2012-08-27,73.7549
2012-08-28,55.0316
2012-08-29,56.9279
2012-08-30,-41.4844
2012-08-31,3.6859
2012-09-04,-34.9993
2012-09-05,-22.7842
2012-09-06,220.5292
2012-09-07,274.8098
2012-09-10,193.6878
2012-09-11,166.4675
2012-09-12,158.8829
2012-09-13,206.042
2012-09-14,217.0126
2012-09-17,154.8015
2012-09-18,125.3129
2012-09-19,114.7159
2012-09-20,91.1182
2012-09-21,75.6176
2012-09-24,52.6594
2012-09-25,23.9098
2012-09-26,-27.0769
2012-09-27,1.1746
2012-09-28,-22.2852
2012-10-01,-0.5344
2012-10-02,-20.5864
2012-10-03,-11.4663
2012-10-04,48.3722
2012-10-05,64.4416
2012-10-08,18.7385
2012-10-09,-55.418
2012-10-10,-125.6826
2012-10-11,-100.9852
2012-10-12,-126.9038
2012-10-15,-84.6615
2012-10-16,29.5801
2012-10-17,88.0794
2012-10-18,85.6661
2012-10-19,-58.9913
2012-10-22,-117.6628
2012-10-23,-205.2544
2012-10-24,-185.1532
2012-10-25,-149.2141
2012-10-26,-138.4277
2012-10-31,-114.2336
2012-11-01,-58.2733
2012-11-02,-61.8825
2012-11-05,-79.3615
2012-11-06,-18.1001
2012-11-07,-138.5046
2012-11-08,-176.2946
2012-11-09,-166.3495
2012-11-12,-145.9296
2012-11-13,-134.7849
2012-11-14,-165.1053
2012-11-15,-166.0717
2012-11-16,-139.2156
2012-11-19,-61.1982
2012-11-20,-33.8054
2012-11-21,-13.409
2012-11-23,44.1328
2012-11-26,43.1587
2012-11-27,37.596
2012-11-28,39.6529
2012-11-29,87.1434
2012-11-30,91.6409
2012-12-03,86.5564
2012-12-04,66.0946
2012-12-05,72.688
2012-12-06,81.0245
2012-12-07,90.7138
2012-12-10,90.0489
2012-12-11,116.9628
2012-12-12,119.3294
2012-12-13,84.9158
2012-12-14,50.3948
2012-12-17,106.4891
2012-12-18,184.7439
2012-12-19,158.4567
2012-12-20,140.6234
2012-12-21,26.3737
2012-12-24,-14.8158
2012-12-26,-49.9398
2012-12-27,-106.1521
2012-12-28,-144.0605
2012-12-31,-69.75
2013-01-02,165.3768
2013-01-03,150.054
2013-01-04,146.4331
2013-01-07,112.4588
2013-01-08,85.1213
2013-01-09,94.9407
2013-01-10,111.1067
2013-01-11,105.8878
2013-01-14,92.1952
2013-01-15,86.1129
2013-01-16,85.4309
2013-01-17,105.946
2013-01-18,102.3545
2013-01-22,112.5631
2013-01-23,122.1376
2013-01-24,125.7284
2013-01-25,132.0588
2013-01-28,127.5725
2013-01-29,132.2782
2013-01-30,116.9669
2013-01-31,88.2915
2013-02-01,121.3936
2013-02-04,73.6923
2013-02-05,100.4504
2013-02-06,93.7846
2013-02-07,78.4266
2013-02-08,115.3059
2013-02-11,111.6119
2013-02-12,122.6379
2013-02-13,127.6173
2013-02-14,115.9857
2013-02-15,105.6547
2013-02-19,149.3725
2013-02-20,73.1401
2013-02-21,-36.6063
2013-02-22,25.0274
2013-02-25,-76.7276
2013-02-26,-129.2848
2013-02-27,13.5619
2013-02-28,64.0552
2013-03-01,27.0882
2013-03-04,100.3623
2013-03-05,240.2695
2013-03-06,220.9528
2013-03-07,200.397
2013-03-08,187.7264
2013-03-11,171.8429
2013-03-12,138.2312
2013-03-13,120.335
2013-03-14,126.9344
2013-03-15,87.3803
2013-03-18,54.0831
2013-03-19,38.0737
2013-03-20,67.8499
2013-03-21,31.9074
2013-03-22,50.6976
2013-03-25,42.4301
2013-03-26,79.1988
2013-03-27,68.6848
2013-03-28,108.9065
2013-04-01,92.9909
2013-04-02,149.4856
2013-04-03,17.6428
2013-04-04,13.374
2013-04-05,-124.2429
2013-04-08,13.4518
2013-04-09,140.7272
2013-04-10,264.6746
2013-04-11,260.9652
2013-04-12,176.206
2013-04-15,0.5722
2013-04-16,51.9592
2013-04-17,-73.6023
2013-04-18,-126.0873
2013-04-19,-80.9383
2013-04-22,-28.9542
2013-04-23,67.9772
2013-04-24,97.0612
2013-04-25,123.816
2013-04-26,86.3677
2013-04-29,120.6543
2013-04-30,113.8941
2013-05-01,71.0133
2013-05-02,97.394
2013-05-03,154.1217
2013-05-06,166.904
2013-05-07,168.1976
2013-05-08,166.0093
2013-05-09,145.339
2013-05-10,127.1002
2013-05-13,118.1362
2013-05-14,133.6548
2013-05-15,139.687
2013-05-16,120.8991
2013-05-17,131.5908
2013-05-20,130.8309
2013-05-21,121.7254
2013-05-22,101.5183
2013-05-23,55.0768
2013-05-24,43.241
2013-05-28,84.3666
2013-05-29,34.1886
2013-05-30,53.3593
2013-05-31,-15.8127
2013-06-03,-47.5409
2013-06-04,-58.6233
2013-06-05,-153.6202
2013-06-06,-145.4879
2013-06-07,-31.3864
2013-06-10,-6.9114
2013-06-11,-85.9481
2013-06-12,-118.4518
2013-06-13,-70.7728
2013-06-14,-52.596
2013-06-17,-12.8467
2013-06-18,54.9049
2013-06-19,-4.5113
2013-06-20,-205.564
2013-06-21,-246.6165
2013-06-24,-245.5846
2013-06-25,-149.7083
2013-06-26,-91.1473
2013-06-27,-39.4906
2013-06-28,-57.7548
2013-07-01,-16.9443
2013-07-02,-24.1104
2013-07-03,-30.9631
2013-07-05,17.3717
2013-07-08,66.7507
2013-07-09,106.2434
2013-07-10,108.1558
2013-07-11,139.4212
2013-07-12,143.179
2013-07-15,137.9833
2013-07-16,114.7122
2013-07-17,115.2116
2013-07-18,116.6388
2013-07-19,105.4144
2013-07-22,104.1423
2013-07-23,94.888
2013-07-24,78.0088
2013-07-25,67.1856
2013-07-26,60.7358
2013-07-29,56.3368
2013-07-30,55.4546
2013-07-31,62.8401
2013-08-01,119.1569
2013-08-02,133.3611
2013-08-05,136.2552
2013-08-06,91.223
2013-08-07,15.1633
2013-08-08,58.4428
2013-08-09,26.2021
2013-08-12,-24.7146
2013-08-13,7.2762
2013-08-14,-28.2166
2013-08-15,-279.7017
2013-08-16,-273.5291
2013-08-19,-252.8833
2013-08-20,-183.1993
2013-08-21,-168.8718
2013-08-22,-108.2161
2013-08-23,-70.6764
2013-08-26,-63.2839
2013-08-27,-124.7458
2013-08-28,-119.48
2013-08-29,-97.5918
2013-08-30,-103.0398
2013-09-03,-73.5687
2013-09-04,-42.8019
2013-09-05,-9.5359
2013-09-06,-11.2821
2013-09-09,70.4125
2013-09-10,148.3696
2013-09-11,171.3286
2013-09-12,172.83
2013-09-13,152.4287
2013-09-16,173.7172
2013-09-17,153.8938
2013-09-18,167.7087
2013-09-19,155.9002
2013-09-20,94.0439
2013-09-23,56.3803
2013-09-24,45.9554
2013-09-25,29.9967
2013-09-26,34.3878
2013-09-27,4.3157
2013-09-30,-40.1044
2013-10-01,-9.2934
2013-10-02,-27.3994
2013-10-03,-87.7409
2013-10-04,-62.4962
2013-10-07,-112.6539
2013-10-08,-183.0456
2013-10-09,-188.9396
2013-10-10,-32.6792
2013-10-11,25.3721
2013-10-14,54.0141
2013-10-15,44.5986
2013-10-16,125.1742
2013-10-17,179.6993
2013-10-18,224.7011
2013-10-21,193.5826
2013-10-22,182.5267
2013-10-23,130.625
2013-10-24,123.4755
2013-10-25,120.4433
2013-10-28,113.6157
2013-10-29,115.3097
2013-10-30,94.7613
2013-10-31,78.5764
2013-11-01,71.2817
2013-11-04,77.1064
2013-11-05,65.11
2013-11-06,87.6144
2013-11-07,44.0221
2013-11-08,65.6226
2013-11-11,96.0438
2013-11-12,78.6555
2013-11-13,125.1467
2013-11-14,213.4068
2013-11-15,235.461
2013-11-18,186.194
2013-11-19,136.1356
2013-11-20,96.9639
2013-11-21,123.0395
2013-11-22,143.196
2013-11-25,131.9882
2013-11-26,115.7624
2013-11-27,111.017
2013-11-29,107.1809
2013-12-02,82.8488
2013-12-03,38.3116
2013-12-04,22.0741
2013-12-05,-1.1731
2013-12-06,79.9019
2013-12-09,116.5775
2013-12-10,76.489
2013-12-11,-50.0579
2013-12-12,-147.5651
2013-12-13,-143.5646
2013-12-16,-49.0758
2013-12-17,-84.0286
2013-12-18,23.2387
2013-12-19,93.9859
2013-12-20,90.3243
2013-12-23,147.5503
2013-12-24,153.5264
2013-12-26,177.8154
2013-12-27,162.3682
2013-12-30,138.0465
2013-12-31,140.5137
2014-01-02,79.3994
2014-01-03,67.9664
2014-01-06,47.4151
2014-01-07,69.4182
2014-01-08,63.2378
2014-01-09,61.6618
2014-01-10,66.8278
2014-01-13,5.4948
2014-01-14,33.5533
2014-01-15,106.3721
2014-01-16,100.2157
2014-01-17,54.4894
2014-01-21,69.1485
2014-01-22,94.05
2014-01-23,-112.7937
2014-01-24,-350.9758
2014-01-27,-330.8306
2014-01-28,-213.8442
2014-01-29,-207.8007
2014-01-30,-118.6437
2014-01-31,-126.7468
2014-02-03,-169.0865
2014-02-04,-146.9965
2014-02-05,-131.6899
2014-02-06,-80.5372
2014-02-07,-26.2238
2014-02-10,-7.4892
2014-02-11,34.7857
2014-02-12,54.1649
2014-02-13,63.1348
2014-02-14,99.64
2014-02-18,109.9231
2014-02-19,98.0464
2014-02-20,103.2845
2014-02-21,109.2822
2014-02-24,113.1714
2014-02-25,96.2979
2014-02-26,87.3943
2014-02-27,88.5147
2014-02-28,96.8764
2014-03-03,61.9767
2014-03-04,117.123
2014-03-05,122.4852
2014-03-06,138.0509
2014-03-07,133.9453
2014-03-10,112.6232
2014-03-11,93.6623
2014-03-12,56.6722
2014-03-13,13.6025
2014-03-14,-37.6763
2014-03-17,15.802
2014-03-18,66.8027
2014-03-19,26.8524
2014-03-20,47.7172
2014-03-21,35.9195
2014-03-24,-55.8482
2014-03-25,-31.4799
2014-03-26,-68.1886
2014-03-27,-143.6044
2014-03-28,-66.2078
2014-03-31,-6.0332
2014-04-01,87.7671
2014-04-02,140.5176
2014-04-03,129.8541
2014-04-04,48.3928
2014-04-07,-122.1562
2014-04-08,-117.4358
2014-04-09,0.5255
2014-04-10,-122.6442
2014-04-11,-230.4884
2014-04-14,-165.1369
2014-04-15,-113.3951
2014-04-16,-6.1643
2014-04-17,27.303
2014-04-21,52.7983
2014-04-22,91.1895
2014-04-23,73.095
2014-04-24,72.2413
2014-04-25,18.145
2014-04-28,16.9796
2014-04-29,62.0394
2014-04-30,77.5141
2014-05-01,92.1982
2014-05-02,94.6622
2014-05-05,72.8063
2014-05-06,41.6155
2014-05-07,41.2026
2014-05-08,66.2185
2014-05-09,47.1579
2014-05-12,129.7908
2014-05-13,188.1633
2014-05-14,135.4328
2014-05-15,-22.9324
2014-05-16,-21.5661
2014-05-19,50.8223
2014-05-20,-16.2729
2014-05-21,84.6115
2014-05-22,129.0966
2014-05-23,163.2899
2014-05-27,215.0909
2014-05-28,177.7627
2014-05-29,176.6859
2014-05-30,166.9418
2014-06-02,145.826
2014-06-03,126.1439
2014-06-04,119.6277
2014-06-05,138.6306
2014-06-06,156.4668
2014-06-09,148.5323
2014-06-10,125.549
2014-06-11,97.7723
2014-06-12,61.8909
2014-06-13,59.7078
2014-06-16,64.1387
2014-06-17,70.4241
2014-06-18,105.4044
2014-06-19,121.5577
2014-06-20,100.5978
2014-06-23,90.4316
2014-06-24,54.5636
2014-06-25,47.2409
2014-06-26,33.3778
2014-06-27,59.2657
2014-06-30,75.6601
2014-07-01,163.7864
2014-07-02,179.6891
2014-07-03,218.7842
2014-07-07,150.3825
2014-07-08,54.6761
2014-07-09,82.1065
2014-07-10,20.309
2014-07-11,35.0877
2014-07-14,121.5867
2014-07-15,80.8829
2014-07-16,121.5706
2014-07-17,-5.6911
2014-07-18,63.5845
2014-07-21,42.3147
2014-07-22,121.7002
2014-07-23,136.8625
2014-07-24,141.2248
2014-07-25,55.2486
2014-07-28,23.3798
2014-07-29,9.0704
2014-07-30,-41.5161
2014-07-31,-294.3214
2014-08-01,-294.944
2014-08-04,-186.8729
2014-08-05,-193.9951
2014-08-06,-164.4982
2014-08-07,-146.1376
2014-08-08,-98.3557
2014-08-11,-47.0
2014-08-12,-55.4896
2014-08-13,-20.8251
2014-08-14,6.5013
2014-08-15,11.3286
2014-08-18,61.2175
2014-08-19,91.3261
2014-08-20,109.161
2014-08-21,127.1254
2014-08-22,115.3184
2014-08-25,127.5338
2014-08-26,128.3872
2014-08-27,109.8698
2014-08-28,89.863
2014-08-29,90.6201
2014-09-02,83.705
2014-09-03,82.1833
2014-09-04,71.468
2014-09-05,70.0384
2014-09-08,67.4047
2014-09-09,30.3623
2014-09-10,27.373
2014-09-11,32.755
2014-09-12,-18.5602
2014-09-15,-74.177
2014-09-16,12.3621
2014-09-17,100.2187
2014-09-18,188.2017
2014-09-19,98.854
2014-09-22,-100.7241
2014-09-23,-190.0766
2014-09-24,-115.9609
2014-09-25,-231.1525
2014-09-26,-163.8725
2014-09-29,-163.0835
2014-09-30,-131.2939
2014-10-01,-216.1773
2014-10-02,-214.6087
2014-10-03,-100.6184
2014-10-06,-77.9861
2014-10-07,-148.4456
2014-10-08,-91.9767
2014-10-09,-124.1043
2014-10-10,-176.5054
2014-10-13,-213.1561
2014-10-14,-186.5314
2014-10-15,-206.9963
2014-10-16,-169.9723
2014-10-17,-99.3474
2014-10-20,-69.9505
2014-10-21,1.0489
2014-10-22,9.8047
2014-10-23,47.9524
2014-10-24,64.9752
2014-10-27,68.9237
2014-10-28,109.9396
2014-10-29,106.51
2014-10-30,113.7917
2014-10-31,149.2135
2014-11-03,142.8183
2014-11-04,111.7117
2014-11-05,116.2649
2014-11-06,109.3152
2014-11-07,104.6142
2014-11-10,102.0697
2014-11-11,97.3477
2014-11-12,89.4691
2014-11-13,87.4268
2014-11-14,82.6359
2014-11-17,79.0986
2014-11-18,97.0173
2014-11-19,88.2281
2014-11-20,87.9898
2014-11-21,128.4181
2014-11-24,135.8347
2014-11-25,132.2703
2014-11-26,137.1672
2014-11-28,119.1702
2014-12-01,53.6584
2014-12-02,80.3101
2014-12-03,112.3166
2014-12-04,93.895
2014-12-05,103.6573
2014-12-08,46.9297
2014-12-09,-18.4659
2014-12-10,-103.5649
2014-12-11,-73.2185
2014-12-12,-202.1907
2014-12-15,-234.5235
2014-12-16,-222.1718
2014-12-17,-141.7645
2014-12-18,75.2313
2014-12-19,30.1188
2014-12-22,49.1183
2014-12-23,67.6215
2014-12-24,70.3841
2014-12-26,84.6203
2014-12-29,84.0294
2014-12-30,57.0155
2014-12-31,16.9423
2015-01-02,-4.727
2015-01-05,-80.2178
2015-01-06,-115.8925
2015-01-07,-69.2358
2015-01-08,14.3714
2015-01-09,-1.9402
2015-01-12,-40.4021
2015-01-13,-51.1783
2015-01-14,-112.8612
2015-01-15,-120.0808
2015-01-16,-102.2487
2015-01-20,-69.3626
2015-01-21,-42.2255
2015-01-22,18.9245
2015-01-23,33.9796
2015-01-26,30.6918
2015-01-27,-23.3068
2015-01-28,-63.2952
2015-01-29,-75.4375
2015-01-30,-98.1361
2015-02-02,-76.0384
2015-02-03,68.0158
2015-02-04,70.576
2015-02-05,113.476
2015-02-06,117.2506
2015-02-09,74.8177
2015-02-10,111.3866
2015-02-11,112.8291
2015-02-12,145.2485
2015-02-13,165.4826
2015-02-17,159.6233
2015-02-18,144.7526
2015-02-19,126.3614
2015-02-20,122.1289
2015-02-23,117.729
2015-02-24,114.0601
2015-02-25,104.3775
2015-02-26,85.9627
2015-02-27,73.0904
2015-03-02,82.6025
2015-03-03,65.8681
2015-03-04,28.3767
2015-03-05,37.9885
2015-03-06,-44.7721
2015-03-09,-59.8652
2015-03-10,-186.5042
2015-03-11,-205.9548
2015-03-12,-130.56
2015-03-13,-130.0145
2015-03-16,-59.9553
2015-03-17,-51.273
2015-03-18,8.6076
2015-03-19,16.8268
2015-03-20,40.1919
2015-03-23,44.1232
2015-03-24,10.3034
2015-03-25,-72.1213
2015-03-26,-121.543
2015-03-27,-100.4907
2015-03-30,-4.8978
2015-03-31,-38.6337
2015-04-01,-89.802
2015-04-02,-52.0667
2015-04-06,-9.6195
2015-04-07,19.3727
2015-04-08,19.4168
2015-04-09,41.5557
2015-04-10,98.614
2015-04-13,82.3718
2015-04-14,52.0318
2015-04-15,104.812
2015-04-16,95.3773
2015-04-17,-3.9004
2015-04-20,74.8508
2015-04-21,87.7602
2015-04-22,93.7777
2015-04-23,119.722
2015-04-24,129.7233
2015-04-27,106.9663
2015-04-28,76.4812
2015-04-29,61.2465
2015-04-30,-34.2549
2015-05-01,41.3677
2015-05-04,114.4218
2015-05-05,-18.6292
2015-05-06,-136.7566
2015-05-07,-110.8241
2015-05-08,104.2467
2015-05-11,66.6191
2015-05-12,-32.037
2015-05-13,14.3412
2015-05-14,117.1006
2015-05-15,140.3194
2015-05-18,158.6469
2015-05-19,150.4295
2015-05-20,129.7156
2015-05-21,123.9306
2015-05-22,106.7961
2015-05-26,9.6027
2015-05-27,50.226
2015-05-28,49.7767
2015-05-29,5.1913
2015-06-01,4.5443
2015-06-02,-8.9055
2015-06-03,27.6124
2015-06-04,-76.5212
2015-06-05,-147.3157
2015-06-08,-179.9845
2015-06-09,-178.0768
2015-06-10,-57.3263
2015-06-11,5.3677
2015-06-12,-69.3153
2015-06-15,-141.4987
2015-06-16,-76.0186
2015-06-17,-34.347
2015-06-18,73.2316
2015-06-19,2.5999
2015-06-22,83.9368
2015-06-23,77.3341
2015-06-24,17.7728
2015-06-25,-30.155
2015-06-26,-54.1149
2015-06-29,-223.8666
2015-06-30,-211.5145
2015-07-01,-127.1507
2015-07-02,-106.5734
2015-07-06,-122.8632
2015-07-07,-104.229
2015-07-08,-142.8038
2015-07-09,-110.0977
2015-07-10,-65.5149
2015-07-13,24.4741
2015-07-14,50.7753
2015-07-15,53.981
2015-07-16,91.9584
2015-07-17,98.5291
2015-07-20,104.0906
2015-07-21,83.7757
2015-07-22,66.8892
2015-07-23,44.4298
2015-07-24,-9.3223
2015-07-27,-53.8883
2015-07-28,-10.6994
2015-07-29,40.8743
2015-07-30,38.1459
2015-07-31,42.5874
2015-08-03,2.9299
2015-08-04,-9.2898
2015-08-05,19.9291
2015-08-06,-69.6696
2015-08-07,-136.7306
2015-08-10,0.347
2015-08-11,-79.1041
2015-08-12,-107.1265
2015-08-13,-53.4452
2015-08-14,-32.7164
2015-08-17,18.418
2015-08-18,49.7609
2015-08-19,-51.9284
2015-08-20,-236.8308
2015-08-21,-389.8402
2015-08-24,-423.2973
2015-08-25,-266.5029
2015-08-26,-170.0867
2015-08-27,-86.5924
2015-08-28,-63.8954
2015-08-31,-66.7608
2015-09-01,-108.196
2015-09-02,-78.1974
2015-09-03,-54.5972
2015-09-04,-80.8572
2015-09-08,-37.0862
2015-09-09,-38.7087
2015-09-10,-39.2286
2015-09-11,-31.7802
2015-09-14,-25.2928
2015-09-15,9.3228
2015-09-16,60.6719
2015-09-17,103.2118
2015-09-18,12.4094
2015-09-21,21.0721
2015-09-22,-75.9881
2015-09-23,-90.4843
2015-09-24,-142.0089
2015-09-25,-94.059
2015-09-28,-193.9247
2015-09-29,-183.2094
2015-09-30,-103.1443
2015-10-01,-79.9512
2015-10-02,-36.5734
2015-10-05,75.6424
2015-10-06,74.624
2015-10-07,91.0385
2015-10-08,113.0328
2015-10-09,116.1963
2015-10-12,105.9556
2015-10-13,88.982
2015-10-14,68.7556
2015-10-15,98.4842
2015-10-16,108.7263
2015-10-19,98.3563
2015-10-20,92.3719
2015-10-21,75.1545
2015-10-22,95.5244
2015-10-23,132.2544
2015-10-26,124.1554
2015-10-27,114.2866
2015-10-28,140.1904
2015-10-29,143.6788
2015-10-30,123.0844
2015-11-02,132.439
2015-11-03,135.1152
2015-11-04,114.1572
2015-11-05,94.0652
2015-11-06,77.2146
2015-11-09,43.686
2015-11-10,38.0225
2015-11-11,32.5154
2015-11-12,-45.8918
2015-11-13,-118.1878
2015-11-16,-85.4098
2015-11-17,-52.2587
2015-11-18,10.4549
2015-11-19,34.204
2015-11-20,65.5627
2015-11-23,51.1442
2015-11-24,32.7998
2015-11-25,51.5494
2015-11-27,51.5536
2015-11-30,33.1589
2015-12-01,82.3553
2015-12-02,45.96
2015-12-03,-69.3919
2015-12-04,20.4576
2015-12-07,25.0701
2015-12-08,-38.5661
2015-12-09,-71.8909
2015-12-10,-61.0581
2015-12-11,-182.6663
2015-12-14,-192.366
2015-12-15,-97.975
2015-12-16,-15.7429
2015-12-17,-48.1502
2015-12-18,-190.2445
2015-12-21,-153.439
2015-12-22,-91.9065
2015-12-23,-16.6295
2015-12-24,-4.5521
2015-12-28,-29.1141
2015-12-29,51.4092
2015-12-30,29.9542
2015-12-31,-24.5431
2016-01-04,-154.2353
2016-01-05,-109.779
2016-01-06,-153.6015
2016-01-07,-213.5368
2016-01-08,-212.9497
2016-01-11,-198.6274
2016-01-12,-144.4902
2016-01-13,-154.4922
2016-01-14,-127.578
2016-01-15,-147.8977
2016-01-19,-119.7062
2016-01-20,-134.5637
2016-01-21,-100.3532
2016-01-22,-61.5822
2016-01-25,-71.965
2016-01-26,-55.2211
2016-01-27,-58.2274
2016-01-28,-55.8491
2016-01-29,4.3441
2016-02-01,33.0713
2016-02-02,-14.325
2016-02-03,-16.2016
2016-02-04,39.2992
2016-02-05,-37.724
2016-02-08,-166.3337
2016-02-09,-133.1305
2016-02-10,-90.0181
2016-02-11,-175.4024
2016-02-12,-73.6258
2016-02-16,23.4093
2016-02-17,110.0826
2016-02-18,102.613
2016-02-19,71.3619
2016-02-22,138.7593
2016-02-23,86.6397
2016-02-24,57.2528
2016-02-25,109.0186
2016-02-26,116.6357
2016-02-29,85.9932
2016-03-01,131.3191
2016-03-02,140.883
2016-03-03,138.1772
2016-03-04,136.4094
2016-03-07,122.8196
2016-03-08,91.3642
2016-03-09,89.4361
2016-03-10,85.4346
2016-03-11,118.2884
2016-03-14,121.5812
2016-03-15,102.9209
2016-03-16,111.8425
2016-03-17,128.014
2016-03-18,123.9
2016-03-21,117.5848
2016-03-22,106.7221
2016-03-23,78.849
2016-03-24,51.0741
2016-03-28,60.833
2016-03-29,85.2229
2016-03-30,138.0818
2016-03-31,116.0262
2016-04-01,115.6306
2016-04-04,117.8236
2016-04-05,54.6315
2016-04-06,81.2479
2016-04-07,13.7281
2016-04-08,33.5556
2016-04-11,22.5832
2016-04-12,59.2072
2016-04-13,201.2896
2016-04-14,188.6295
2016-04-15,144.4029
2016-04-18,155.703
2016-04-19,178.6653
2016-04-20,166.0716
2016-04-21,115.658
2016-04-22,83.091
2016-04-25,57.9621
2016-04-26,75.8085
2016-04-27,73.5483
2016-04-28,30.5159
2016-04-29,-45.8813
2016-05-02,6.741
2016-05-03,-58.9459
2016-05-04,-98.7915
2016-05-05,-102.85
2016-05-06,-106.2252
2016-05-09,-78.7051
2016-05-10,11.234
2016-05-11,-23.2697
2016-05-12,-53.9747
2016-05-13,-97.1247
2016-05-16,-45.507
2016-05-17,-85.5555
2016-05-18,-94.4219
2016-05-19,-138.8745
2016-05-20,-50.595
2016-05-23,-53.5277
2016-05-24,78.6927
2016-05-25,179.1982
2016-05-26,184.906
2016-05-27,178.2506
2016-05-31,150.9634
2016-06-01,125.9652
2016-06-02,125.2478
2016-06-03,97.4435
2016-06-06,125.056
2016-06-07,127.8106
2016-06-08,119.7417
2016-06-09,97.3476
2016-06-10,45.9066
2016-06-13,11.8678
2016-06-14,-26.7953
2016-06-15,-23.6119
2016-06-16,-57.5612
2016-06-17,-111.1012
2016-06-20,-41.4473
2016-06-21,-55.6323
2016-06-22,-54.0145
2016-06-23,40.4385
2016-06-24,-176.6666
2016-06-27,-313.5088
2016-06-28,-184.4853
2016-06-29,-66.2379
2016-06-30,9.1486
2016-07-01,51.7382
2016-07-05,10.1718
2016-07-06,30.8714
2016-07-07,63.9862
2016-07-08,152.6021
2016-07-11,183.8517
2016-07-12,191.9774
2016-07-13,169.1027
2016-07-14,164.4394
2016-07-15,137.1583
2016-07-18,122.0986
2016-07-19,102.7018
2016-07-20,103.2434
2016-07-21,84.7986
2016-07-22,82.7773
2016-07-25,71.9636
2016-07-26,67.7153
2016-07-27,62.5671
2016-07-28,60.282
2016-07-29,66.7669
2016-08-01,65.7621
2016-08-02,17.2713
2016-08-03,15.7648
2016-08-04,-3.1325
2016-08-05,165.7465
2016-08-08,189.1485
2016-08-09,187.6416
2016-08-10,116.6221
2016-08-11,166.0701
2016-08-12,132.691
2016-08-15,164.1299
2016-08-16,77.6622
2016-08-17,54.261
2016-08-18,93.5661
2016-08-19,64.5244
2016-08-22,62.0379
2016-08-23,108.3522
2016-08-24,24.3596
2016-08-25,-6.9655
2016-08-26,-23.7053
2016-08-29,25.7709
2016-08-30,-1.1693
2016-08-31,-122.6712
2016-09-01,-178.072
2016-09-02,28.8872
2016-09-06,80.2397
2016-09-07,96.9677
2016-09-08,45.2637
2016-09-09,-372.2562
2016-09-12,-224.4806
2016-09-13,-252.1398
2016-09-14,-197.8638
2016-09-15,-117.6237
2016-09-16,-145.6815
2016-09-19,-105.0314
2016-09-20,-90.744
2016-09-21,-40.5802
2016-09-22,32.8345
2016-09-23,3.8941
2016-09-26,-54.8518
2016-09-27,-33.3692
2016-09-28,13.0128
2016-09-29,-18.5658
2016-09-30,28.9247
2016-10-03,7.7154
2016-10-04,-18.6177
2016-10-05,39.1812
2016-10-06,44.175
2016-10-07,14.4093
2016-10-10,94.1945
2016-10-11,-90.4373
2016-10-12,-111.5352
2016-10-13,-167.4729
2016-10-14,-100.1717
2016-10-17,-155.2092
2016-10-18,-79.5943
2016-10-19,-46.9737
2016-10-20,-60.3546
2016-10-21,-68.5249
2016-10-24,18.7288
2016-10-25,-14.8796
2016-10-26,-55.7474
2016-10-27,-55.917
2016-10-28,-113.7645
2016-10-31,-108.117
2016-11-01,-200.3156
2016-11-02,-245.5557
2016-11-03,-230.3949
2016-11-04,-195.0301
2016-11-07,-12.766
2016-11-08,52.1587
2016-11-09,122.1809
2016-11-10,171.0499
2016-11-11,125.9528
2016-11-14,127.2968
2016-11-15,156.8201
2016-11-16,137.8884
2016-11-17,139.6295
2016-11-18,121.2281
2016-11-21,130.5994
2016-11-22,124.5502
2016-11-23,110.7636
2016-11-25,116.109
2016-11-28,95.1747
2016-11-29,88.98
2016-11-30,82.9877
2016-12-01,56.8491
2016-12-02,50.3687
2016-12-05,79.7412
2016-12-06,89.5734
2016-12-07,161.0933
2016-12-08,204.5963
2016-12-09,215.0102
2016-12-12,193.8753
2016-12-13,193.0658
2016-12-14,128.1132
2016-12-15,116.3355
2016-12-16,66.8452
2016-12-19,65.6438
2016-12-20,75.9427
2016-12-21,62.4475
2016-12-22,40.9084
2016-12-23,41.9573
2016-12-27,59.0777
2016-12-28,18.5283
2016-12-29,-11.7955
2016-12-30,-50.4234
2017-01-03,-8.6281
2017-01-04,60.2516
2017-01-05,41.6149
2017-01-06,100.6765
2017-01-09,67.7271
2017-01-10,62.9362
2017-01-11,57.094
2017-01-12,20.915
2017-01-13,106.6999
2017-01-17,39.7498
2017-01-18,54.8645
2017-01-19,16.0283
2017-01-20,69.6483
2017-01-23,10.2924
2017-01-24,124.7865
2017-01-25,264.4031
2017-01-26,220.8227
2017-01-27,175.3035
2017-01-30,46.3108
2017-01-31,18.2742
2017-02-01,55.8002
2017-02-02,37.3395
2017-02-03,143.2166
2017-02-06,110.5373
2017-02-07,105.823
2017-02-08,85.8157
2017-02-09,144.9674
2017-02-10,167.3482
2017-02-13,194.8211
2017-02-14,190.9532
2017-02-15,211.87
2017-02-16,173.404
2017-02-17,146.1679
2017-02-21,160.248
2017-02-22,135.1051
2017-02-23,118.2079
2017-02-24,103.6408
2017-02-27,103.4975
2017-02-28,86.0374
2017-03-01,136.4046
2017-03-02,109.6621
2017-03-03,94.2231
2017-03-06,75.0303
2017-03-07,58.8377
2017-03-08,45.3125
2017-03-09,31.6807
2017-03-10,58.2503
2017-03-13,64.5375
2017-03-14,10.9447
2017-03-15,113.2155
2017-03-16,103.5735
2017-03-17,10.1776
2017-03-20,-42.8792
2017-03-21,-182.4915
2017-03-22,-224.9166
2017-03-23,-174.9997
2017-03-24,-171.6521
2017-03-27,-178.5439
2017-03-28,-84.6865
2017-03-29,-49.0631
2017-03-30,-13.2466
2017-03-31,-10.7447
2017-04-03,-49.3891
2017-04-04,-39.0298
2017-04-05,-17.3394
2017-04-06,-28.2018
2017-04-07,-25.1279
2017-04-10,-10.9753
2017-04-11,-63.1493
2017-04-12,-78.5278
2017-04-13,-150.5429
2017-04-17,-73.6871
2017-04-18,-81.8063
2017-04-19,-69.9101
2017-04-20,26.4828
2017-04-21,-3.5925
2017-04-24,138.8006
2017-04-25,280.3892
2017-04-26,242.3062
2017-04-27,177.9038
2017-04-28,141.2541
2017-05-01,133.6834
2017-05-02,112.6373
2017-05-03,86.6332
2017-05-04,81.0782
2017-05-05,98.9222
2017-05-08,94.1137
2017-05-09,84.0331
2017-05-10,79.3714
2017-05-11,56.2278
2017-05-12,52.7923
2017-05-15,90.6859
2017-05-16,97.5136
2017-05-17,-101.0855
2017-05-18,-124.9056
2017-05-19,-36.0297
2017-05-22,56.6852
2017-05-23,100.9723
2017-05-24,127.2931
2017-05-25,191.6801
2017-05-26,170.9105
2017-05-30,137.6454
2017-05-31,112.888
2017-06-01,173.9497
2017-06-02,194.6964
2017-06-05,165.5135
2017-06-06,119.8746
2017-06-07,105.3684
2017-06-08,102.4545
2017-06-09,83.2295
2017-06-12,63.5776
2017-06-13,96.5548
2017-06-14,84.1581
2017-06-15,50.9941
2017-06-16,3.2325
2017-06-19,88.9789
2017-06-20,37.8302
2017-06-21,1.8906
2017-06-22,-7.4233
2017-06-23,-12.1302
2017-06-26,35.5396
2017-06-27,-149.6682
2017-06-28,-32.6713
2017-06-29,-208.4345
2017-06-30,-139.6078
2017-07-03,-65.4744
2017-07-05,-70.2848
2017-07-06,-199.2572
2017-07-07,-113.2539
2017-07-10,-46.6337
2017-07-11,-78.381
2017-07-12,99.1051
2017-07-13,134.2549
2017-07-14,193.2655
2017-07-17,183.3721
2017-07-18,152.9438
2017-07-19,191.2509
2017-07-20,168.0272
2017-07-21,128.7813
2017-07-24,112.3418
2017-07-25,121.271
2017-07-26,107.211
2017-07-27,81.1387
2017-07-28,66.2934
2017-07-31,68.0568
2017-08-01,71.531
2017-08-02,65.6991
2017-08-03,55.3925
2017-08-04,69.9226
2017-08-07,85.1431
2017-08-08,88.9857
2017-08-09,18.6075
2017-08-10,-225.729
2017-08-11,-237.1267
2017-08-14,-42.2937
2017-08-15,-23.7335
2017-08-16,25.1523
2017-08-17,-219.5674
2017-08-18,-232.0033
2017-08-21,-192.9585
2017-08-22,-63.8952
2017-08-23,-68.1076
2017-08-24,-72.2385
2017-08-25,-41.8024
2017-08-28,-47.3309
2017-08-29,-56.0271
2017-08-30,11.4198
2017-08-31,83.5307
2017-09-01,121.4182
2017-09-05,41.3891
2017-09-06,79.1082
2017-09-07,81.6143
2017-09-08,64.5951
2017-09-11,156.3323
2017-09-12,174.3718
2017-09-13,155.4338
2017-09-14,137.8505
2017-09-15,91.5563
2017-09-18,105.6847
2017-09-19,100.5095
2017-09-20,84.074
2017-09-21,69.2388
2017-09-22,57.6735
2017-09-25,33.1701
2017-09-26,41.9694
2017-09-27,66.2526
2017-09-28,82.2563
2017-09-29,121.5792
2017-10-02,171.554
2017-10-03,205.2236
2017-10-04,211.436
2017-10-05,224.2458
2017-10-06,181.8204
2017-10-09,141.5263
2017-10-10,133.4476
2017-10-11,120.7575
2017-10-12,102.4729
2017-10-13,99.1544
2017-10-16,96.278
2017-10-17,90.4746
2017-10-18,94.5581
2017-10-19,76.13
2017-10-20,111.8971
2017-10-23,104.0747
2017-10-24,102.4754
2017-10-25,42.7542
2017-10-26,69.6615
2017-10-27,141.7453
2017-10-30,124.3245
2017-10-31,125.8974
2017-11-01,144.7529
2017-11-02,98.2605
2017-11-03,140.2233
2017-11-06,158.5936
2017-11-07,143.2318
2017-11-08,136.3282
2017-11-09,56.8953
2017-11-10,68.3153
2017-11-13,71.6875
2017-11-14,16.6215
2017-11-15,-61.0703
2017-11-16,87.1515
2017-11-17,55.7189
2017-11-20,62.3865
2017-11-21,152.6554
2017-11-22,170.0075
2017-11-24,194.2608
2017-11-27,162.5702
2017-11-28,237.7852
2017-11-29,222.1366
2017-11-30,244.2326
2017-12-01,153.4333
2017-12-04,170.4387
2017-12-05,111.479
2017-12-06,83.463
2017-12-07,87.5804
2017-12-08,105.3392
2017-12-11,116.8205
2017-12-12,121.8148
2017-12-13,116.1666
2017-12-14,90.3476
2017-12-15,88.4514
2017-12-18,133.7999
2017-12-19,105.7296
2017-12-20,90.8091
2017-12-21,98.2876
2017-12-22,77.2189
2017-12-26,64.6784
2017-12-27,67.0723
2017-12-28,80.5644
2017-12-29,56.1696
2018-01-02,99.7274
2018-01-03,173.4521
2018-01-04,231.8433
2018-01-05,268.2947
2018-01-08,230.0262
2018-01-09,202.9627
2018-01-10,142.1421
2018-01-11,156.7763
2018-01-12,164.5375
2018-01-16,145.2211
2018-01-17,143.4987
2018-01-18,129.5643
2018-01-19,125.1409
2018-01-22,137.9105
2018-01-23,139.9046
2018-01-24,125.9873
2018-01-25,113.9077
2018-01-26,132.4805
2018-01-29,114.5849
2018-01-30,70.7155
2018-01-31,55.3739
2018-02-01,46.6925
2018-02-02,-48.2449
2018-02-05,-210.2454
2018-02-06,-211.7052
2018-02-07,-141.264
2018-02-08,-216.3073
2018-02-09,-189.7843
2018-02-12,-110.9023
2018-02-13,-90.3721
2018-02-14,-60.2197
2018-02-15,-27.0747
2018-02-16,-8.6806
2018-02-20,-19.4815
2018-02-21,-17.9886
2018-02-22,-18.5759
2018-02-23,12.1175
2018-02-26,59.4427
2018-02-27,56.468
2018-02-28,28.002
2018-03-01,-22.1912
2018-03-02,-31.3152
2018-03-05,27.5993
2018-03-06,51.8717
2018-03-07,39.7804
2018-03-08,63.2736
2018-03-09,139.4341
2018-03-12,163.2326
2018-03-13,124.3034
2018-03-14,74.2293
2018-03-15,50.5267
2018-03-16,25.2301
2018-03-19,-64.5853
2018-03-20,-68.4617
2018-03-21,-58.1448
2018-03-22,-187.5355
2018-03-23,-240.8733
2018-03-26,-154.608
2018-03-27,-152.2245
2018-03-28,-148.4953
2018-03-29,-100.121
2018-04-02,-135.0975
2018-04-03,-103.4878
2018-04-04,-74.001
2018-04-05,-28.8881
2018-04-06,-69.6268
2018-04-09,-54.4402
2018-04-10,-18.1038
2018-04-11,-17.9627
2018-04-12,16.4099
2018-04-13,20.2557
2018-04-16,66.7031
2018-04-17,130.5967
2018-04-18,145.095
2018-04-19,114.6216
2018-04-20,69.5565
2018-04-23,52.6559
2018-04-24,-7.5607
2018-04-25,-37.8361
2018-04-26,31.5247
2018-04-27,40.4561
2018-04-30,10.4436
2018-05-01,-48.5838
2018-05-02,-63.1827
2018-05-03,-122.8272
2018-05-04,-34.4139
2018-05-07,45.4486
2018-05-08,21.048
2018-05-09,102.2924
2018-05-10,173.2294
2018-05-11,170.9251
2018-05-14,156.939
2018-05-15,95.5997
2018-05-16,117.7064
2018-05-17,107.3906
2018-05-18,80.4669
2018-05-21,103.977
2018-05-22,88.4268
2018-05-23,72.8731
2018-05-24,60.6656
2018-05-25,54.3349
2018-05-29,-7.0885
2018-05-30,46.7194
2018-05-31,22.1027
2018-06-01,81.3425
2018-06-04,142.6397
2018-06-05,149.1594
2018-06-06,225.7607
2018-06-07,216.9925
2018-06-08,189.6824
2018-06-11,181.4758
2018-06-12,148.3024
2018-06-13,117.5975
2018-06-14,108.8044
2018-06-15,50.9161
2018-06-18,31.0211
2018-06-19,-1.6631
2018-06-20,26.6676
2018-06-21,-17.8203
2018-06-22,-11.608
2018-06-25,-124.5094
2018-06-26,-122.0847
2018-06-27,-143.0993
2018-06-28,-151.9425
2018-06-29,-96.6454
2018-07-02,-111.0715
2018-07-03,-88.8912
2018-07-05,-57.1034
2018-07-06,2.1974
2018-07-09,75.6823
2018-07-10,107.5825
2018-07-11,71.7622
2018-07-12,115.2502
2018-07-13,128.7803
2018-07-16,118.3706
2018-07-17,119.9685
2018-07-18,119.8556
2018-07-19,94.1273
2018-07-20,80.6839
2018-07-23,72.9606
2018-07-24,95.5249
2018-07-25,116.6667
2018-07-26,116.0051
2018-07-27,80.1748
2018-07-30,43.0745
2018-07-31,62.6824
2018-08-01,52.9027
2018-08-02,61.0157
2018-08-03,132.3489
2018-08-06,162.6294
2018-08-07,189.3875
2018-08-08,158.3123
2018-08-09,131.4261
2018-08-10,43.7928
2018-08-13,18.406
2018-08-14,46.6172
2018-08-15,-40.4566
2018-08-16,66.9451
2018-08-17,82.475
2018-08-20,116.9923
2018-08-21,140.686
2018-08-22,111.3667
2018-08-23,93.6414
2018-08-24,123.6463
2018-08-27,188.3377
2018-08-28,180.1059
2018-08-29,194.7824
2018-08-30,151.8076
2018-08-31,122.9683
2018-09-04,91.8851
2018-09-05,63.4239
2018-09-06,41.2489
2018-09-07,23.3519
2018-09-10,36.6726
2018-09-11,36.5918
2018-09-12,48.1418
2018-09-13,99.3639
2018-09-14,97.9023
2018-09-17,50.4362
2018-09-18,89.1863
2018-09-19,109.6661
2018-09-20,184.1791
2018-09-21,142.654
2018-09-24,57.7206
2018-09-25,52.3708
2018-09-26,23.147
2018-09-27,47.3331
2018-09-28,31.2513
2018-10-01,94.0991
2018-10-02,76.5626
2018-10-03,93.7353
2018-10-04,-69.5791
2018-10-05,-160.1876
2018-10-08,-201.6011
2018-10-09,-160.3109
2018-10-10,-349.8239
2018-10-11,-362.7586
2018-10-12,-235.0836
2018-10-15,-179.8124
2018-10-16,-104.3734
2018-10-17,-82.4513
2018-10-18,-97.1023
2018-10-19,-86.2143
2018-10-22,-89.5402
2018-10-23,-108.9823
2018-10-24,-135.8844
2018-10-25,-112.0068
2018-10-26,-130.2737
2018-10-29,-133.4308
2018-10-30,-109.8354
2018-10-31,-53.9674
2018-11-01,-34.8607
2018-11-02,-31.8671
2018-11-05,-14.7884
2018-11-06,24.7573
2018-11-07,123.3563
2018-11-08,117.4592
2018-11-09,68.544
2018-11-12,7.8943
2018-11-13,-6.3133
2018-11-14,-33.6085
2018-11-15,-27.0198
2018-11-16,20.1494
2018-11-19,-41.1459
2018-11-20,-137.1587
2018-11-21,-112.024
2018-11-23,-134.1266
2018-11-26,-79.5333
2018-11-27,-73.7624
2018-11-28,14.936
2018-11-29,41.2277
2018-11-30,59.2193
2018-12-03,118.4398
2018-12-04,11.3356
2018-12-06,-77.2063
2018-12-07,-94.4363
2018-12-10,-132.6961
2018-12-11,-85.1108
2018-12-12,-48.7381
2018-12-13,-59.3669
2018-12-14,-119.1194
2018-12-17,-178.2901
2018-12-18,-177.2005
2018-12-19,-180.1961
2018-12-20,-206.5356
2018-12-21,-200.496
2018-12-24,-206.0203
2018-12-26,-135.758
2018-12-27,-98.9638
2018-12-28,-68.3352
2018-12-31,-57.4925
2019-01-02,-52.2977
2019-01-03,-70.9428
2019-01-04,-24.5885
2019-01-07,7.0877
2019-01-08,31.7666
2019-01-09,52.0214
2019-01-10,60.2244
2019-01-11,74.6691
2019-01-14,73.562
2019-01-15,103.6973
2019-01-16,115.1297
2019-01-17,116.9538
2019-01-18,132.4173
2019-01-22,96.2803
2019-01-23,88.6577
2019-01-24,87.596
2019-01-25,106.4369
2019-01-28,74.9505
2019-01-29,73.727
2019-01-30,111.0483
2019-01-31,136.3049
2019-02-01,146.9086
2019-02-04,155.1631
2019-02-05,167.7078
2019-02-06,140.963
2019-02-07,85.7143
2019-02-08,71.8067
2019-02-11,80.4278
2019-02-12,118.1748
2019-02-13,128.9128
2019-02-14,104.3864
2019-02-15,138.2659
2019-02-19,135.2982
2019-02-20,131.841
2019-02-21,106.1581
2019-02-22,116.4736
2019-02-25,128.2862
2019-02-26,108.7741
2019-02-27,87.7565
2019-02-28,80.8775
2019-03-01,96.0184
2019-03-04,75.3906
2019-03-05,63.5981
2019-03-06,32.5443
2019-03-07,-29.3935
2019-03-08,-78.7315
2019-03-11,9.9802
2019-03-12,76.5281
2019-03-13,143.0165
2019-03-14,127.7518
2019-03-15,124.6798
2019-03-18,145.1526
2019-03-19,150.5549
2019-03-20,99.7419
2019-03-21,147.3107
2019-03-22,38.8146
2019-03-25,-26.1647
2019-03-26,44.3539
2019-03-27,0.0
2019-03-28,17.9559
2019-03-29,78.7271
2019-04-01,169.7809
2019-04-02,157.7152
2019-04-03,165.8413
2019-04-04,156.3413
2019-04-05,172.8064
2019-04-08,147.8079
2019-04-09,104.7052
2019-04-10,105.0036
2019-04-11,96.6985
2019-04-12,113.7251
2019-04-15,105.0267
2019-04-16,102.9489
2019-04-17,90.3946
2019-04-18,77.639
2019-04-22,78.116
2019-04-23,123.8474
2019-04-24,126.3335
2019-04-25,108.8187
2019-04-26,127.1299
2019-04-29,156.8986
2019-04-30,129.7637
2019-05-01,97.6622
2019-05-02,29.7033
2019-05-03,95.9377
2019-05-06,33.0093
2019-05-07,-101.96
2019-05-08,-114.2895
2019-05-09,-183.5733
2019-05-10,-147.8751
2019-05-13,-254.9207
2019-05-14,-162.3907
2019-05-15,-123.2703
2019-05-16,-41.4881
2019-05-17,-57.4585
2019-05-20,-90.117
2019-05-21,-47.2066
2019-05-22,-52.4785
2019-05-23,-118.2286
2019-05-24,-89.9375
2019-05-28,-113.8663
2019-05-29,-169.8419
2019-05-30,-135.6496
2019-05-31,-174.4227
2019-06-03,-174.8376
2019-06-04,-77.1843
2019-06-05,-14.4303
2019-06-06,39.4051
2019-06-07,105.6214
2019-06-10,143.052
2019-06-11,125.1149
2019-06-12,93.7284
2019-06-13,98.9706
2019-06-14,92.3579
2019-06-17,93.1056
2019-06-18,120.7708
2019-06-19,113.7955
2019-06-20,128.1734
2019-06-21,106.4836
2019-06-24,90.5963
2019-06-25,59.676
2019-06-26,47.7739
2019-06-27,50.1004
2019-06-28,69.4556
2019-07-01,120.4623
2019-07-02,120.2042
2019-07-03,166.1478
2019-07-05,140.0876
2019-07-08,111.8442
2019-07-09,90.6625
2019-07-10,124.0535
2019-07-11,120.2481
2019-07-12,135.8782
2019-07-15,132.239
2019-07-16,106.2628
2019-07-17,60.9792
2019-07-18,50.2126
2019-07-19,41.3031
2019-07-22,31.2124
2019-07-23,70.5674
2019-07-24,102.848
2019-07-25,82.6644
2019-07-26,141.7709
2019-07-29,124.1752
2019-07-30,71.4546
2019-07-31,-63.7069
2019-08-01,-126.0758
2019-08-02,-264.5338
2019-08-05,-395.1623
2019-08-06,-241.3878
2019-08-07,-186.2112
2019-08-08,-74.2365
2019-08-09,-72.2804
2019-08-12,-95.8451
2019-08-13,-53.9888
2019-08-14,-103.4549
2019-08-15,-118.7527
2019-08-16,-70.034
2019-08-19,-10.8596
2019-08-20,-25.6879
2019-08-21,0.6667
2019-08-22,5.3064
2019-08-23,-73.3272
2019-08-26,-62.4467
2019-08-27,-46.9191
2019-08-28,-37.7724
2019-08-29,79.2901
2019-08-30,94.1711
2019-09-03,31.5654
2019-09-04,101.7489
2019-09-05,175.3285
2019-09-06,182.0662
2019-09-09,158.9528
2019-09-10,125.4311
2019-09-11,142.4831
2019-09-12,157.2047
2019-09-13,134.5494
2019-09-16,101.5194
2019-09-17,93.3901
2019-09-18,78.6389
2019-09-19,87.7064
2019-09-20,45.3715
2019-09-23,31.6177
2019-09-24,3.4195
2019-09-25,-9.4198
2019-09-26,-21.3964
2019-09-27,-60.5099
2019-09-30,-38.9009
2019-10-01,-119.7073
2019-10-02,-296.3216
2019-10-03,-236.3551
2019-10-04,-97.972
2019-10-07,-78.0068
2019-10-08,-145.9819
2019-10-09,-105.7165
2019-10-10,-58.1634
2019-10-11,30.5272
2019-10-14,15.1509
2019-10-15,72.7885
2019-10-16,75.8881
2019-10-17,100.7878
2019-10-18,73.3191
2019-10-21,107.0602
2019-10-22,97.611
2019-10-23,87.5036
2019-10-24,97.8466
2019-10-25,102.9669
2019-10-28,128.7479
2019-10-29,115.867
2019-10-30,112.2677
2019-10-31,100.2689
2019-11-01,141.0984
2019-11-04,159.9732
2019-11-05,141.0374
2019-11-06,119.8349
2019-11-07,136.4289
2019-11-08,118.2684
2019-11-11,103.8193
2019-11-12,111.7838
2019-11-13,94.016
2019-11-14,90.3534
2019-11-15,122.7592
2019-11-18,122.3062
2019-11-19,117.698
2019-11-20,84.3418
2019-11-21,72.2149
2019-11-22,79.6119
2019-11-25,134.946
2019-11-26,147.8985
2019-11-27,164.608
2019-11-29,134.1818
2019-12-02,66.0998
2019-12-03,-57.1129
2019-12-04,21.229
2019-12-05,26.0344
2019-12-06,131.9408
2019-12-09,103.0565
2019-12-10,70.7151
2019-12-11,83.8921
2019-12-12,151.3979
2019-12-13,163.507
2019-12-16,186.4625
2019-12-17,180.5465
2019-12-18,155.4088
2019-12-19,150.4695
2019-12-20,134.0496
2019-12-23,127.1273
2019-12-24,108.9711
2019-12-26,118.8836
2019-12-27,111.8616
2019-12-30,78.0061
2019-12-31,68.1047
2020-01-02,112.1712
2020-01-03,74.5309
2020-01-06,75.4861
2020-01-07,77.8331
2020-01-08,113.2171
2020-01-09,168.1867
2020-01-10,154.9554
2020-01-13,174.31
2020-01-14,165.3217
2020-01-15,153.1752
2020-01-16,181.5639
2020-01-17,178.4334
2020-01-21,145.139
2020-01-22,132.7621
2020-01-23,105.1144
2020-01-24,66.9927
2020-01-27,-54.7898
2020-01-28,-9.0372
2020-01-29,9.6627
2020-01-30,-17.6593
2020-01-31,-96.9543
2020-02-03,-69.5836
2020-02-04,41.8421
2020-02-05,118.7752
2020-02-06,138.4989
2020-02-07,98.334
2020-02-10,108.9905
2020-02-11,140.0764
2020-02-12,151.346
2020-02-13,129.8723
2020-02-14,118.8198
2020-02-18,97.2756
2020-02-19,113.3116
2020-02-20,75.3371
2020-02-21,34.4643
2020-02-24,-83.1935
2020-02-25,-195.0934
2020-02-26,-195.3231
2020-02-27,-246.2354
2020-02-28,-242.453
2020-03-02,-139.827
2020-03-03,-120.3436
2020-03-04,-76.6403
2020-03-05,-93.843
2020-03-06,-115.0683
2020-03-09,-165.7221
2020-03-10,-124.9256
2020-03-11,-137.0659
2020-03-12,-186.5701
2020-03-13,-139.7589
2020-03-16,-171.2967
2020-03-17,-137.8037
2020-03-18,-143.3493
2020-03-19,-122.8462
2020-03-20,-123.5615
2020-03-23,-133.0574
2020-03-24,-80.8459
2020-03-25,-55.9539
2020-03-26,-25.3786
2020-03-27,-28.5318
2020-03-30,-11.467
2020-03-31,-5.3273
2020-04-01,-35.339
2020-04-02,-25.911
2020-04-03,-21.4705
2020-04-06,54.253
2020-04-07,123.3399
2020-04-08,152.3788
2020-04-09,166.8423
2020-04-13,133.2599
2020-04-14,147.3942
2020-04-15,117.8975
2020-04-16,103.3361
2020-04-17,123.6413
2020-04-20,100.1708
2020-04-21,49.7941
2020-04-22,68.3762
2020-04-23,71.6397
2020-04-24,72.1251
2020-04-27,95.7805
2020-04-28,94.6732
2020-04-29,122.3047
2020-04-30,106.6301
2020-05-01,60.6446
