,Actual Mixture,Fructose,HMF,Levulinic Acid,Formic Acid,Sum
Wavenumber,Concentration,0.399854589,0.392690111,0.401500266,0.399458279,
850.4673,3.335449E-04,3.888708E-04,1.850406E-03,-7.562805E-04,-2.857056E-04,1.197291E-03
852.3958,5.126133E-04,4.558179E-04,1.361822E-03,-7.628922E-04,-1.248884E-04,9.298590E-04
854.3243,4.881828E-04,4.856929E-04,1.214864E-03,-9.310208E-04,1.866347E-04,9.561710E-04
856.2528,5.491787E-04,6.288780E-04,1.316079E-03,-1.007126E-03,1.515826E-04,1.089413E-03
858.1813,8.980095E-04,8.546141E-04,1.439564E-03,-9.711022E-04,-1.614440E-04,1.161631E-03
860.1098,1.041736E-03,1.090056E-03,1.415233E-03,-1.094759E-03,-2.495808E-04,1.160950E-03
862.0383,1.142242E-03,1.421941E-03,1.143325E-03,-1.121319E-03,-1.678687E-04,1.276078E-03
863.9668,1.570037E-03,1.695557E-03,9.749876E-04,-8.584682E-04,-7.770037E-05,1.734376E-03
865.8953,1.883803E-03,2.055631E-03,1.029636E-03,-1.003470E-03,1.375080E-04,2.219306E-03
867.8238,1.932956E-03,2.065184E-03,1.010800E-03,-9.251835E-04,1.181649E-04,2.268966E-03
869.7523,1.266525E-03,1.742476E-03,9.472967E-04,-5.298935E-04,2.049988E-04,2.364878E-03
871.6808,6.903773E-04,1.591094E-03,1.089330E-03,-5.652362E-04,1.294086E-04,2.244597E-03
873.6093,8.465991E-04,1.382308E-03,1.263981E-03,-5.849706E-04,-1.341734E-04,1.927145E-03
875.5378,7.052130E-04,1.104542E-03,1.221436E-03,-3.178246E-04,-3.463461E-05,1.973518E-03
877.4662,3.590569E-04,8.123289E-04,9.012349E-04,-1.700727E-04,-5.726371E-05,1.486227E-03
879.3948,1.306776E-04,3.717997E-04,7.277151E-04,-3.394340E-04,-3.479185E-05,7.252890E-04
881.3232,1.567936E-04,2.465397E-05,8.917593E-04,-3.745246E-04,7.067204E-05,6.125610E-04
883.2518,1.049913E-04,-2.402820E-05,9.914045E-04,-5.267546E-04,3.096780E-05,4.715890E-04
885.1802,2.217762E-04,-3.813912E-06,1.115030E-03,-5.862784E-04,1.809081E-04,7.058450E-04
887.1088,1.506519E-04,3.296091E-05,1.092795E-03,-5.290485E-04,2.308829E-04,8.275900E-04
889.0372,-1.184811E-04,8.253620E-05,8.945470E-04,-5.491480E-04,1.236612E-04,5.515960E-04
890.9658,-5.810641E-05,8.726102E-05,8.085122E-04,-5.124519E-04,2.924851E-04,6.758060E-04
892.8942,7.770655E-05,1.172143E-04,7.796534E-04,-3.436524E-04,3.358304E-04,8.890460E-04
894.8227,2.441614E-04,2.338271E-04,5.858470E-04,-1.138854E-04,5.865644E-05,7.644450E-04
896.7512,9.314221E-05,2.617971E-04,4.663327E-04,9.809315E-05,1.123445E-04,9.385670E-04
898.6797,-2.591650E-04,1.150011E-04,2.766214E-04,4.375916E-05,3.882216E-04,8.236030E-04
900.6082,-3.896341E-04,2.391611E-04,3.973561E-04,-1.409299E-04,1.467707E-04,6.423580E-04
902.5367,-3.247563E-04,1.733661E-04,6.894528E-04,-4.503264E-04,-1.086193E-04,3.038730E-04
904.4652,-4.154535E-04,-6.351347E-06,7.141825E-04,-4.428305E-04,-6.038421E-05,2.046160E-04
906.3937,-5.635316E-04,-1.138081E-05,6.769882E-04,-1.678416E-04,1.828489E-04,6.806150E-04
908.3222,-5.827258E-04,1.806257E-04,4.641078E-04,-1.209530E-04,1.876679E-04,7.114480E-04
910.2507,-4.565070E-04,4.247313E-04,2.957875E-04,-3.432771E-04,0.000000E+00,3.772420E-04
912.1792,-3.535222E-04,6.306638E-04,1.788512E-04,-1.690207E-04,-1.130276E-04,5.274670E-04
914.1077,-2.266953E-04,6.880763E-04,7.275289E-05,-6.700656E-05,-1.312919E-05,6.806930E-04
916.0362,4.557751E-05,8.326029E-04,1.624357E-05,-1.576386E-04,-8.218879E-05,6.090190E-04
917.9647,2.762653E-04,9.130054E-04,6.293726E-05,1.234082E-05,-2.141724E-04,7.741110E-04
919.8932,3.559282E-04,1.155321E-03,2.437689E-04,6.973744E-05,-2.597380E-04,1.209089E-03
921.8217,3.592060E-04,1.306170E-03,1.858306E-04,2.513383E-05,-1.688676E-04,1.348267E-03
923.7502,2.295448E-04,1.118081E-03,-5.503269E-05,-3.325179E-05,1.706368E-04,1.200433E-03
925.6786,1.202728E-04,9.115852E-04,-7.547528E-06,-8.977664E-05,2.701646E-04,1.084426E-03
927.6072,4.574649E-05,6.653251E-04,-4.912899E-05,-1.186687E-04,2.179106E-04,7.154380E-04
929.5356,2.885144E-05,6.148103E-04,-1.652976E-04,-5.216967E-05,2.266374E-04,6.239800E-04
931.4642,8.523000E-05,4.464502E-04,1.866583E-04,1.238719E-05,1.043544E-04,7.498500E-04
933.3926,1.290532E-04,3.660284E-04,5.320553E-04,4.537010E-05,1.157062E-04,1.059160E-03
935.3212,4.542979E-04,4.957913E-04,7.652320E-04,1.070980E-04,2.442662E-04,1.612387E-03
937.2496,7.310471E-04,4.228634E-04,9.896980E-04,2.277313E-04,3.949120E-04,2.035205E-03
939.1782,7.229168E-04,3.930883E-04,1.262560E-03,2.567600E-04,1.819541E-04,2.094362E-03
941.1066,6.879650E-04,2.860525E-04,1.491200E-03,1.886887E-04,1.613418E-04,2.127283E-03
943.0352,8.659288E-04,1.610864E-04,1.765032E-03,1.168356E-04,9.895586E-05,2.141910E-03
944.9636,8.739730E-04,1.598876E-04,1.911117E-03,1.032818E-04,3.660961E-05,2.210896E-03
946.8922,6.735937E-04,2.058483E-06,1.732809E-03,9.131887E-05,1.433417E-04,1.969528E-03
948.8206,4.641759E-04,-2.674947E-05,1.461482E-03,1.285936E-04,1.715074E-04,1.734834E-03
950.7491,1.089893E-04,4.360023E-05,1.364003E-03,1.873224E-04,1.719548E-04,1.766880E-03
952.6776,-7.776193E-06,1.035669E-04,1.285889E-03,1.152304E-04,-1.317388E-04,1.372947E-03
954.6061,1.922574E-04,3.308476E-04,1.194732E-03,-1.689981E-04,-2.156874E-04,1.140894E-03
956.5346,5.061022E-04,5.269963E-04,1.207659E-03,-2.727536E-04,-5.279997E-05,1.409101E-03
958.4631,1.130933E-03,6.998100E-04,1.335247E-03,-1.140496E-04,-2.413896E-05,1.896868E-03
960.3916,1.886565E-03,1.273888E-03,1.660055E-03,1.030259E-04,2.252597E-05,3.059495E-03
962.3201,3.148380E-03,2.212910E-03,2.092018E-03,-1.511113E-05,1.993789E-04,4.489196E-03
964.2486,5.016452E-03,3.018811E-03,2.709864E-03,-1.815954E-04,1.639748E-04,5.711055E-03
966.1771,6.598753E-03,3.494903E-03,3.567196E-03,-6.096278E-05,1.118078E-04,7.112943E-03
968.1056,7.177225E-03,3.649318E-03,4.039322E-03,-1.872456E-05,1.171007E-04,7.787017E-03
970.0341,6.298617E-03,3.343666E-03,3.639554E-03,-4.976604E-05,6.013761E-05,6.993592E-03
971.9626,4.735549E-03,2.986137E-03,2.479874E-03,6.095918E-05,-6.079546E-05,5.466174E-03
973.8911,4.161021E-03,3.107440E-03,1.650938E-03,7.555370E-05,-1.502555E-04,4.683676E-03
975.8196,4.511862E-03,3.478850E-03,1.116077E-03,-2.300660E-05,-2.512586E-04,4.320662E-03
977.7481,5.024874E-03,4.015231E-03,1.017498E-03,1.267695E-04,-2.140027E-04,4.945496E-03
979.6766,5.740526E-03,4.570591E-03,1.216870E-03,2.864188E-04,-1.464875E-05,6.059231E-03
981.6051,6.219228E-03,4.517222E-03,1.326173E-03,3.570544E-04,8.723118E-05,6.287680E-03
983.5336,5.936940E-03,3.859753E-03,1.739417E-03,5.880530E-04,5.912551E-06,6.193136E-03
985.4621,5.739122E-03,2.928737E-03,2.456277E-03,7.783646E-04,3.172169E-05,6.195100E-03
987.3906,6.189263E-03,2.281285E-03,2.944895E-03,7.915382E-04,9.422584E-05,6.111944E-03
989.3191,6.695485E-03,1.969389E-03,3.372250E-03,8.805558E-04,7.140898E-05,6.293604E-03
991.2476,6.908197E-03,1.887840E-03,3.921303E-03,1.025463E-03,1.440111E-04,6.978618E-03
993.1761,6.817979E-03,1.874611E-03,4.285165E-03,1.044259E-03,1.868533E-04,7.390888E-03
995.1046,6.354991E-03,1.909695E-03,4.152914E-03,9.592846E-04,1.614004E-04,7.183294E-03
997.0331,5.859653E-03,1.931908E-03,3.720560E-03,8.288512E-04,1.969086E-04,6.678228E-03
998.9615,5.538183E-03,1.862809E-03,3.565145E-03,6.551631E-04,3.057485E-04,6.388866E-03
1000.89,5.277315E-03,1.849650E-03,3.490245E-03,5.581587E-04,-2.836035E-05,5.869693E-03
1002.819,5.461664E-03,2.044433E-03,3.309497E-03,4.288378E-04,-9.996427E-05,5.682803E-03
1004.747,6.103028E-03,2.435234E-03,3.414549E-03,4.577840E-04,2.758494E-05,6.335152E-03
1006.676,6.875758E-03,2.818772E-03,3.791761E-03,4.288843E-04,-1.574699E-05,7.023670E-03
1008.604,7.796402E-03,3.304109E-03,4.254702E-03,3.637555E-04,-5.788277E-05,7.864684E-03
1010.533,9.067661E-03,4.008812E-03,4.928726E-03,3.716541E-04,7.243730E-05,9.381629E-03
1012.461,1.052368E-02,4.532603E-03,5.489181E-03,3.615507E-04,1.401755E-04,1.052351E-02
1014.39,1.185489E-02,4.896655E-03,6.216738E-03,5.083154E-04,1.018356E-04,1.172354E-02
1016.318,1.289888E-02,5.002548E-03,7.309825E-03,5.932946E-04,9.777371E-05,1.300344E-02
1018.247,1.397033E-02,4.942277E-03,8.304295E-03,5.630606E-04,1.547627E-04,1.396440E-02
1020.175,1.571374E-02,5.011882E-03,9.404462E-03,6.512328E-04,1.503245E-04,1.521790E-02
1022.104,1.795397E-02,5.172223E-03,1.115581E-02,7.687969E-04,1.623184E-04,1.725915E-02
1024.032,2.034506E-02,5.307311E-03,1.311778E-02,8.981440E-04,9.963924E-05,1.942287E-02
1025.961,2.207786E-02,5.840002E-03,1.434956E-02,8.436591E-04,1.471982E-04,2.118042E-02
1027.889,2.210326E-02,6.934414E-03,1.394510E-02,9.443352E-04,2.520640E-04,2.207591E-02
1029.818,2.035774E-02,7.967488E-03,1.164712E-02,1.026983E-03,3.221096E-05,2.067380E-02
1031.746,1.785001E-02,8.676408E-03,8.665512E-03,8.340664E-04,-1.110592E-04,1.806493E-02
1033.675,1.578161E-02,9.281973E-03,6.395622E-03,6.591555E-04,2.853573E-05,1.636529E-02
1035.603,1.443308E-02,9.876453E-03,4.597750E-03,4.878717E-04,2.311755E-05,1.498519E-02
1037.531,1.344779E-02,1.016783E-02,3.121080E-03,3.595419E-04,-2.031586E-04,1.344530E-02
1039.46,1.300720E-02,1.051470E-02,2.289871E-03,4.781688E-04,-2.387827E-04,1.304396E-02
1041.389,1.271964E-02,1.092327E-02,1.747232E-03,3.953231E-04,-9.492074E-05,1.297091E-02
1043.317,1.289389E-02,1.114160E-02,1.306943E-03,3.278215E-04,3.518809E-05,1.281156E-02
1045.245,1.337697E-02,1.169807E-02,1.074213E-03,3.956798E-04,6.794391E-05,1.323591E-02
1047.174,1.411005E-02,1.263783E-02,8.563667E-04,4.284710E-04,1.151855E-06,1.392382E-02
1049.103,1.524197E-02,1.370500E-02,7.056450E-04,3.435911E-04,1.723488E-04,1.492659E-02
1051.031,1.678084E-02,1.511535E-02,7.189595E-04,3.987036E-04,1.269769E-04,1.635999E-02
1052.959,1.879273E-02,1.684328E-02,6.351820E-04,5.554488E-04,-1.588948E-05,1.801802E-02
1054.888,2.104624E-02,1.881894E-02,5.834472E-04,6.783138E-04,4.146120E-05,2.012216E-02
1056.817,2.324942E-02,2.078973E-02,7.659484E-04,8.595287E-04,1.455319E-04,2.256073E-02
1058.745,2.538887E-02,2.259192E-02,7.760799E-04,9.179748E-04,7.289054E-05,2.435886E-02
1060.673,2.713974E-02,2.390536E-02,9.446704E-04,9.458280E-04,7.817220E-05,2.587403E-02
1062.602,2.806641E-02,2.470717E-02,1.328362E-03,8.112692E-04,2.690409E-04,2.711584E-02
1064.531,2.823226E-02,2.500423E-02,1.636934E-03,7.311741E-04,3.316896E-04,2.770402E-02
1066.459,2.773232E-02,2.439085E-02,1.865757E-03,7.812002E-04,3.921472E-04,2.742995E-02
1068.387,2.657963E-02,2.278022E-02,1.983972E-03,8.452097E-04,4.844559E-04,2.609386E-02
1070.316,2.467714E-02,2.107608E-02,1.957863E-03,6.319674E-04,4.288136E-04,2.409473E-02
1072.245,2.256315E-02,1.936570E-02,1.847880E-03,4.514540E-04,2.979593E-04,2.196299E-02
1074.173,2.088886E-02,1.782200E-02,1.698238E-03,4.877494E-04,2.550359E-04,2.026302E-02
1076.101,1.951310E-02,1.696031E-02,1.576712E-03,4.437922E-04,1.765286E-04,1.915734E-02
1078.03,1.867252E-02,1.677583E-02,1.199007E-03,3.550074E-04,2.308503E-04,1.856070E-02
1079.958,1.859280E-02,1.714400E-02,5.610391E-04,3.079541E-04,1.546369E-04,1.816763E-02
1081.887,1.891136E-02,1.762380E-02,3.604614E-04,1.887409E-04,1.154359E-05,1.818454E-02
1083.815,1.893027E-02,1.792746E-02,3.596449E-04,1.990280E-04,4.648026E-05,1.853261E-02
1085.744,1.837610E-02,1.771221E-02,2.457571E-04,1.569146E-04,1.669877E-04,1.828187E-02
1087.672,1.739160E-02,1.670786E-02,7.236062E-05,4.149718E-05,6.267061E-05,1.688439E-02
1089.601,1.582259E-02,1.522866E-02,-3.442213E-05,1.362096E-06,-2.839935E-05,1.516720E-02
1091.529,1.403137E-02,1.374336E-02,8.574364E-06,-2.496278E-06,-1.550214E-04,1.359442E-02
1093.458,1.244918E-02,1.255708E-02,4.147661E-05,2.569064E-05,-1.413494E-04,1.248290E-02
1095.386,1.153562E-02,1.173148E-02,2.063610E-05,7.646868E-05,-4.146748E-05,1.178712E-02
1097.315,1.127800E-02,1.124973E-02,-1.805365E-05,1.093251E-04,-4.081544E-05,1.130019E-02
1099.243,1.132960E-02,1.127554E-02,-1.192563E-05,2.581544E-05,-6.847853E-05,1.122095E-02
1101.172,1.136962E-02,1.166986E-02,-1.726627E-06,-1.395832E-05,-6.879449E-05,1.158538E-02
1103.1,1.158109E-02,1.180283E-02,3.087537E-05,-5.696649E-05,-1.159426E-04,1.166079E-02
1105.029,1.160028E-02,1.159899E-02,5.805753E-05,-4.541849E-05,-1.944275E-04,1.141720E-02
1106.957,1.100978E-02,1.107445E-02,6.468909E-05,6.385941E-05,-1.948416E-04,1.100816E-02
1108.886,9.836127E-03,1.016895E-02,-1.102325E-05,1.601381E-05,-1.706786E-04,1.000326E-02
1110.814,8.534061E-03,9.059316E-03,-3.602769E-05,3.355331E-05,-1.968037E-04,8.860038E-03
1112.743,7.458011E-03,7.894901E-03,-9.026403E-05,1.055421E-04,-2.774086E-04,7.632771E-03
1114.671,6.564425E-03,6.911538E-03,-6.865647E-05,2.181419E-04,-3.012307E-04,6.759793E-03
1116.6,5.899524E-03,6.269760E-03,2.564428E-05,1.402310E-04,-1.668077E-04,6.268827E-03
1118.528,5.469049E-03,5.845785E-03,7.381639E-05,9.761651E-05,-1.520998E-04,5.865118E-03
1120.457,5.129921E-03,5.430223E-03,1.218187E-05,1.880766E-05,-2.021087E-04,5.259104E-03
1122.385,4.999922E-03,5.109120E-03,-5.692602E-05,-4.816626E-05,-1.318438E-04,4.872184E-03
1124.314,5.016552E-03,5.098619E-03,7.324046E-05,2.413396E-06,-9.901276E-05,5.075261E-03
1126.242,5.044927E-03,5.212427E-03,8.650957E-05,9.981108E-05,4.604619E-05,5.444794E-03
1128.171,5.209818E-03,5.148833E-03,-6.723948E-06,-2.116437E-05,2.202334E-05,5.142968E-03
1130.099,5.275284E-03,5.028269E-03,-2.862684E-05,-1.994692E-04,-2.442069E-04,4.555966E-03
1132.028,5.256548E-03,5.028737E-03,8.109142E-06,-2.033347E-04,-1.682328E-04,4.665279E-03
1133.956,5.430383E-03,5.270605E-03,-8.082154E-05,3.668656E-05,-9.661108E-05,5.129859E-03
1135.885,5.747672E-03,5.396263E-03,-1.268437E-04,1.081149E-04,4.949706E-05,5.427031E-03
1137.813,6.037527E-03,5.315376E-03,-1.051903E-04,-1.938313E-06,1.843868E-04,5.392634E-03
1139.742,6.051996E-03,5.250595E-03,-7.658846E-05,3.532641E-05,1.892569E-04,5.398590E-03
1141.67,6.274151E-03,5.352645E-03,-1.023191E-04,3.549620E-04,1.345606E-04,5.739848E-03
1143.599,6.887760E-03,5.516254E-03,-1.122630E-04,5.934804E-04,2.390028E-04,6.236475E-03
1145.527,7.432144E-03,5.552565E-03,1.309149E-05,6.097429E-04,2.740135E-04,6.449413E-03
1147.456,7.765883E-03,5.585785E-03,-7.085395E-06,6.776146E-04,2.229077E-04,6.479222E-03
1149.384,8.124608E-03,5.857697E-03,-6.650690E-05,7.872010E-04,2.989604E-04,6.877352E-03
1151.313,8.766687E-03,6.118953E-03,-4.601979E-05,1.201650E-03,3.686235E-04,7.643207E-03
1153.241,9.394391E-03,6.199534E-03,5.178270E-05,1.441915E-03,4.218542E-04,8.115086E-03
1155.17,9.835511E-03,6.269003E-03,8.961481E-05,1.644209E-03,5.652974E-04,8.568124E-03
1157.098,1.036752E-02,6.211385E-03,7.049230E-05,2.256697E-03,6.158481E-04,9.154423E-03
1159.027,1.108194E-02,6.057315E-03,6.562437E-05,2.790124E-03,6.332362E-04,9.546300E-03
1160.955,1.183371E-02,5.848931E-03,8.034737E-05,3.440355E-03,7.898660E-04,1.015950E-02
1162.884,1.279703E-02,5.675607E-03,1.593011E-04,4.367621E-03,8.924261E-04,1.109496E-02
1164.812,1.401236E-02,5.311157E-03,1.674884E-04,5.701467E-03,9.457518E-04,1.212586E-02
1166.741,1.546205E-02,4.870667E-03,9.737422E-05,7.322073E-03,1.079545E-03,1.336966E-02
1168.669,1.699589E-02,4.556385E-03,3.116081E-04,9.025238E-03,1.166069E-03,1.505930E-02
1170.598,1.815575E-02,4.166379E-03,6.024319E-04,1.037842E-02,1.370516E-03,1.651775E-02
1172.526,1.837839E-02,3.855717E-03,6.347968E-04,1.062580E-02,1.824833E-03,1.694114E-02
1174.455,1.770572E-02,3.911264E-03,8.825126E-04,9.564446E-03,2.226872E-03,1.658509E-02
1176.383,1.652186E-02,3.989382E-03,1.184750E-03,7.887142E-03,2.447631E-03,1.550891E-02
1178.312,1.532730E-02,3.920895E-03,1.390987E-03,6.200824E-03,2.564086E-03,1.407679E-02
1180.24,1.463140E-02,3.948644E-03,1.679467E-03,4.821377E-03,2.721037E-03,1.317053E-02
1182.169,1.447978E-02,3.978208E-03,2.116594E-03,4.008304E-03,3.144911E-03,1.324802E-02
1184.097,1.499707E-02,4.003142E-03,2.862476E-03,3.629680E-03,3.541752E-03,1.403705E-02
1186.026,1.618271E-02,3.889933E-03,3.922947E-03,3.428264E-03,3.713203E-03,1.495435E-02
1187.954,1.751637E-02,3.649344E-03,5.229872E-03,3.351782E-03,3.972407E-03,1.620341E-02
1189.883,1.879419E-02,3.445538E-03,6.604979E-03,3.323508E-03,4.445936E-03,1.781996E-02
1191.811,1.994746E-02,3.233698E-03,7.794392E-03,3.218386E-03,4.862763E-03,1.910924E-02
1193.74,2.050180E-02,2.943359E-03,8.251120E-03,3.048578E-03,5.090792E-03,1.933385E-02
1195.668,1.993027E-02,2.737064E-03,7.820563E-03,2.776441E-03,5.435490E-03,1.876956E-02
1197.597,1.877881E-02,2.611755E-03,6.874951E-03,2.708513E-03,5.909835E-03,1.810505E-02
1199.525,1.781103E-02,2.318015E-03,5.883044E-03,2.777459E-03,6.333473E-03,1.731199E-02
1201.454,1.733501E-02,1.968653E-03,5.054482E-03,2.920617E-03,6.587472E-03,1.653122E-02
1203.382,1.723213E-02,1.827671E-03,4.457359E-03,3.080141E-03,6.864702E-03,1.622987E-02
1205.311,1.710640E-02,1.768359E-03,3.901033E-03,3.345858E-03,7.078471E-03,1.609372E-02
1207.239,1.694826E-02,1.699413E-03,3.195610E-03,3.833700E-03,7.222584E-03,1.595131E-02
1209.168,1.685074E-02,1.590509E-03,2.602239E-03,4.268364E-03,7.294738E-03,1.575585E-02
1211.096,1.671361E-02,1.571872E-03,2.132681E-03,4.697374E-03,7.352231E-03,1.575416E-02
1213.025,1.684910E-02,1.554773E-03,1.572558E-03,5.182551E-03,7.386347E-03,1.569623E-02
1214.953,1.721051E-02,1.763874E-03,1.224723E-03,5.610914E-03,7.343264E-03,1.594278E-02
1216.882,1.735810E-02,2.034007E-03,1.204581E-03,5.973132E-03,7.203971E-03,1.641569E-02
1218.81,1.734983E-02,2.005532E-03,1.218388E-03,6.305391E-03,7.159518E-03,1.668883E-02
1220.739,1.728227E-02,2.057320E-03,9.604312E-04,6.567988E-03,6.905104E-03,1.649084E-02
1222.667,1.708148E-02,2.245638E-03,6.620300E-04,6.757862E-03,6.486041E-03,1.615157E-02
1224.596,1.670299E-02,2.428157E-03,6.664639E-04,6.804821E-03,6.232462E-03,1.613190E-02
1226.524,1.628001E-02,2.465182E-03,6.500017E-04,6.594446E-03,5.940628E-03,1.565026E-02
1228.453,1.580801E-02,2.541700E-03,4.723146E-04,6.203054E-03,5.563499E-03,1.478057E-02
1230.381,1.514209E-02,2.841413E-03,5.312665E-04,5.780115E-03,5.207302E-03,1.436010E-02
1232.31,1.445269E-02,3.143499E-03,6.502033E-04,5.511966E-03,4.793620E-03,1.409929E-02
1234.238,1.404352E-02,3.197599E-03,7.477042E-04,5.331390E-03,4.351524E-03,1.362822E-02
1236.167,1.364106E-02,3.235548E-03,7.463600E-04,5.021527E-03,4.086315E-03,1.308975E-02
1238.095,1.319081E-02,3.406553E-03,7.492909E-04,4.839465E-03,3.740270E-03,1.273558E-02
1240.024,1.312859E-02,3.508921E-03,8.656797E-04,4.997311E-03,3.343768E-03,1.271568E-02
1241.952,1.315553E-02,3.477854E-03,9.399376E-04,5.081394E-03,3.121490E-03,1.262068E-02
1243.881,1.314047E-02,3.592389E-03,9.169405E-04,5.269439E-03,2.794056E-03,1.257282E-02
1245.809,1.317383E-02,3.740940E-03,9.244173E-04,5.504368E-03,2.386629E-03,1.255636E-02
1247.738,1.317182E-02,3.746499E-03,1.063778E-03,5.669210E-03,2.059115E-03,1.253860E-02
1249.666,1.310714E-02,3.778882E-03,1.179336E-03,5.751184E-03,1.744193E-03,1.245360E-02
1251.595,1.289523E-02,3.773185E-03,1.035543E-03,5.824981E-03,1.620944E-03,1.225465E-02
1253.523,1.255983E-02,3.757806E-03,9.984187E-04,5.768370E-03,1.633185E-03,1.215778E-02
1255.452,1.218331E-02,3.745279E-03,8.946286E-04,5.606968E-03,1.544138E-03,1.179101E-02
1257.38,1.168944E-02,3.804187E-03,8.372334E-04,5.386543E-03,1.375958E-03,1.140392E-02
1259.309,1.127329E-02,3.904279E-03,9.728503E-04,5.252062E-03,1.133146E-03,1.126234E-02
1261.237,1.088127E-02,3.841025E-03,1.020265E-03,4.941140E-03,9.745754E-04,1.077701E-02
1263.166,1.039605E-02,3.717473E-03,9.665820E-04,4.638632E-03,7.753776E-04,1.009806E-02
1265.094,9.865277E-03,3.559142E-03,1.062820E-03,4.445285E-03,6.420963E-04,9.709343E-03
1267.023,9.452577E-03,3.279099E-03,1.114418E-03,4.305138E-03,5.535224E-04,9.252177E-03
1268.951,9.089211E-03,3.081889E-03,1.041817E-03,4.123997E-03,3.943652E-04,8.642067E-03
1270.88,8.742720E-03,2.937752E-03,1.171429E-03,3.927199E-03,4.467593E-04,8.483141E-03
1272.808,8.415095E-03,2.729586E-03,1.379380E-03,3.786669E-03,5.515630E-04,8.447198E-03
1274.737,8.394914E-03,2.558865E-03,1.603742E-03,3.619938E-03,4.348602E-04,8.217405E-03
1276.665,8.465598E-03,2.433377E-03,1.883763E-03,3.657616E-03,2.660469E-04,8.240803E-03
1278.594,8.700598E-03,2.348052E-03,2.273941E-03,3.578348E-03,1.352580E-04,8.335599E-03
1280.522,9.145542E-03,2.240153E-03,2.701786E-03,3.457919E-03,1.503918E-04,8.550249E-03
1282.451,9.521281E-03,2.218762E-03,3.167806E-03,3.335432E-03,2.094899E-04,8.931489E-03
1284.379,9.696246E-03,2.194766E-03,3.646134E-03,3.271616E-03,2.027606E-04,9.315277E-03
1286.308,9.775675E-03,2.111468E-03,3.810003E-03,3.324194E-03,1.495708E-04,9.395236E-03
1288.236,9.513039E-03,2.181214E-03,3.617537E-03,3.196812E-03,4.080748E-05,9.036371E-03
1290.165,8.996058E-03,2.171937E-03,3.231173E-03,3.099736E-03,4.814163E-05,8.550988E-03
1292.093,8.361193E-03,2.083242E-03,2.861566E-03,3.041070E-03,5.450934E-05,8.040388E-03
1294.022,7.694670E-03,2.018247E-03,2.452270E-03,3.010202E-03,-1.926506E-06,7.478792E-03
1295.95,7.108355E-03,2.058827E-03,2.068852E-03,3.008813E-03,3.106121E-05,7.167553E-03
1297.879,6.625274E-03,2.145674E-03,1.670580E-03,2.946103E-03,8.737636E-05,6.849734E-03
1299.807,6.382863E-03,2.250179E-03,1.450585E-03,2.793627E-03,1.266351E-04,6.621026E-03
1301.736,6.394796E-03,2.397724E-03,1.303701E-03,2.758618E-03,1.173412E-04,6.577384E-03
1303.664,6.336092E-03,2.362309E-03,1.184408E-03,2.791833E-03,1.060479E-04,6.444598E-03
1305.593,6.117196E-03,2.227351E-03,1.051438E-03,2.731865E-03,-3.364229E-05,5.977012E-03
1307.521,6.197274E-03,2.136923E-03,9.868627E-04,2.644816E-03,-7.214399E-05,5.696458E-03
1309.45,6.393510E-03,2.153132E-03,1.054201E-03,2.587208E-03,-1.047752E-05,5.784063E-03
1311.378,6.405128E-03,2.363587E-03,1.084252E-03,2.535666E-03,2.830678E-05,6.011812E-03
1313.307,6.448452E-03,2.525071E-03,9.693743E-04,2.546621E-03,8.045724E-05,6.121523E-03
1315.235,6.606851E-03,2.563379E-03,9.431731E-04,2.529858E-03,2.133975E-04,6.249808E-03
1317.164,6.748740E-03,2.520381E-03,9.259540E-04,2.558266E-03,2.830020E-04,6.287603E-03
1319.092,6.800237E-03,2.620844E-03,9.593978E-04,2.646296E-03,2.514383E-04,6.477976E-03
1321.021,6.999076E-03,2.730448E-03,1.000482E-03,2.659083E-03,1.978138E-04,6.587826E-03
1322.949,7.111566E-03,2.748197E-03,1.129429E-03,2.678027E-03,1.712561E-04,6.726909E-03
1324.878,7.199696E-03,2.795874E-03,1.237596E-03,2.674491E-03,2.294205E-04,6.937382E-03
1326.806,7.517821E-03,2.974489E-03,1.201749E-03,2.779762E-03,2.000938E-04,7.156094E-03
1328.735,7.894118E-03,3.203846E-03,1.188061E-03,2.903956E-03,2.924293E-04,7.588293E-03
1330.663,8.358949E-03,3.317182E-03,1.307646E-03,2.988271E-03,3.852816E-04,7.998380E-03
1332.592,8.965749E-03,3.435431E-03,1.492922E-03,3.080039E-03,3.681491E-04,8.376541E-03
1334.52,9.600413E-03,3.534568E-03,1.737309E-03,3.186124E-03,4.535794E-04,8.911580E-03
1336.449,1.035128E-02,3.725844E-03,1.970770E-03,3.269786E-03,5.466988E-04,9.513099E-03
1338.377,1.119122E-02,3.913041E-03,2.218452E-03,3.441638E-03,5.528721E-04,1.012600E-02
1340.306,1.180302E-02,4.026910E-03,2.454829E-03,3.721685E-03,6.311656E-04,1.083459E-02
1342.234,1.202444E-02,4.123587E-03,2.462115E-03,3.905453E-03,8.571759E-04,1.134833E-02
1344.163,1.206965E-02,4.267253E-03,2.322241E-03,4.108745E-03,9.146914E-04,1.161293E-02
1346.091,1.199748E-02,4.320783E-03,2.200139E-03,4.271033E-03,8.141247E-04,1.160608E-02
1348.02,1.206108E-02,4.202690E-03,2.148454E-03,4.461570E-03,7.783181E-04,1.159103E-02
1349.948,1.225699E-02,3.946119E-03,2.202600E-03,4.805933E-03,9.053485E-04,1.186000E-02
1351.877,1.270296E-02,3.610366E-03,2.297482E-03,5.068342E-03,1.014685E-03,1.199088E-02
1353.805,1.321527E-02,3.553378E-03,2.386551E-03,5.442783E-03,1.075290E-03,1.245800E-02
1355.734,1.360962E-02,3.563857E-03,2.628746E-03,5.865104E-03,1.130795E-03,1.318850E-02
1357.662,1.400018E-02,3.440977E-03,2.879244E-03,6.156271E-03,1.189878E-03,1.366637E-02
1359.591,1.445321E-02,3.346884E-03,2.775203E-03,6.582543E-03,1.230062E-03,1.393469E-02
1361.519,1.474324E-02,3.306252E-03,2.750783E-03,7.030401E-03,1.294037E-03,1.438147E-02
1363.448,1.507906E-02,3.347513E-03,2.933461E-03,7.373031E-03,1.346091E-03,1.500010E-02
1365.376,1.563561E-02,3.321220E-03,3.099408E-03,7.515390E-03,1.465526E-03,1.540154E-02
1367.305,1.622514E-02,3.181623E-03,3.240535E-03,7.626740E-03,1.526257E-03,1.557516E-02
1369.233,1.678134E-02,3.141381E-03,3.442654E-03,7.829276E-03,1.544606E-03,1.595792E-02
1371.161,1.739360E-02,3.229999E-03,3.472341E-03,8.191299E-03,1.698768E-03,1.659241E-02
1373.09,1.761819E-02,3.253073E-03,3.280139E-03,8.400222E-03,1.794246E-03,1.672768E-02
1375.019,1.729808E-02,3.270934E-03,2.917960E-03,8.409470E-03,2.044198E-03,1.664256E-02
1376.947,1.665336E-02,3.283279E-03,2.440600E-03,8.229256E-03,2.379048E-03,1.633218E-02
1378.875,1.583482E-02,3.313901E-03,2.020873E-03,7.668338E-03,2.445393E-03,1.544851E-02
1380.804,1.517318E-02,3.226142E-03,1.862005E-03,6.827359E-03,2.472353E-03,1.438786E-02
1382.733,1.454794E-02,3.157043E-03,1.933041E-03,6.169498E-03,2.574763E-03,1.383435E-02
1384.661,1.423473E-02,3.292731E-03,2.004165E-03,5.723610E-03,2.654239E-03,1.367475E-02
1386.589,1.419843E-02,3.396104E-03,2.077498E-03,5.531588E-03,2.635533E-03,1.364072E-02
1388.518,1.453287E-02,3.468248E-03,2.159761E-03,5.571434E-03,2.732314E-03,1.393176E-02
1390.447,1.529235E-02,3.597103E-03,2.308239E-03,5.611351E-03,2.844640E-03,1.436133E-02
1392.375,1.630976E-02,3.665725E-03,2.734515E-03,5.915953E-03,2.936234E-03,1.525243E-02
1394.303,1.760733E-02,3.799610E-03,3.394291E-03,6.412823E-03,3.010004E-03,1.661673E-02
1396.232,1.913609E-02,4.035498E-03,4.088010E-03,6.944161E-03,3.166952E-03,1.823462E-02
1398.161,2.057633E-02,4.193525E-03,4.718738E-03,7.548860E-03,3.334627E-03,1.979575E-02
1400.089,2.148823E-02,4.266680E-03,5.021561E-03,8.283721E-03,3.289038E-03,2.086100E-02
1402.017,2.162555E-02,4.357290E-03,4.874374E-03,8.811025E-03,3.065074E-03,2.110776E-02
1403.946,2.113504E-02,4.468454E-03,4.438801E-03,8.693534E-03,2.825874E-03,2.042666E-02
1405.875,2.027340E-02,4.615429E-03,3.910389E-03,8.172537E-03,2.691357E-03,1.938971E-02
1407.803,1.930560E-02,4.737808E-03,3.493537E-03,7.693490E-03,2.590352E-03,1.851519E-02
1409.731,1.851579E-02,4.691042E-03,3.119841E-03,7.294233E-03,2.594566E-03,1.769968E-02
1411.66,1.772481E-02,4.684635E-03,2.744955E-03,6.869793E-03,2.573252E-03,1.687264E-02
1413.589,1.697738E-02,4.927822E-03,2.412298E-03,6.491914E-03,2.448027E-03,1.628006E-02
1415.517,1.627061E-02,4.943599E-03,2.212481E-03,6.226657E-03,2.323977E-03,1.570672E-02
1417.445,1.566899E-02,4.789508E-03,2.061360E-03,6.009693E-03,2.283525E-03,1.514409E-02
1419.374,1.534068E-02,4.843702E-03,1.961756E-03,5.614280E-03,2.286466E-03,1.470621E-02
1421.302,1.492976E-02,4.953316E-03,1.912596E-03,5.256329E-03,2.239189E-03,1.436143E-02
1423.231,1.434355E-02,4.933927E-03,1.765712E-03,4.995531E-03,2.202629E-03,1.389780E-02
1425.159,1.386565E-02,4.808307E-03,1.694187E-03,4.690833E-03,2.100105E-03,1.329343E-02
1427.088,1.343388E-02,4.731152E-03,1.795960E-03,4.356874E-03,1.854064E-03,1.273805E-02
1429.016,1.293228E-02,4.656656E-03,1.838696E-03,3.943219E-03,1.737047E-03,1.217562E-02
1430.945,1.254212E-02,4.630486E-03,1.901733E-03,3.596862E-03,1.740289E-03,1.186937E-02
1432.873,1.217687E-02,4.544759E-03,1.937762E-03,3.339353E-03,1.737543E-03,1.155942E-02
1434.802,1.162417E-02,4.364231E-03,2.003725E-03,3.155584E-03,1.706078E-03,1.122962E-02
1436.73,1.106624E-02,4.301561E-03,2.043955E-03,3.002925E-03,1.589037E-03,1.093748E-02
1438.659,1.063710E-02,4.257951E-03,1.995790E-03,2.722713E-03,1.497594E-03,1.047405E-02
1440.587,1.023998E-02,4.270770E-03,1.969222E-03,2.337565E-03,1.373561E-03,9.951118E-03
1442.516,9.762708E-03,4.138555E-03,1.873126E-03,2.036749E-03,1.242587E-03,9.291017E-03
1444.444,9.359250E-03,3.930861E-03,1.715486E-03,1.836875E-03,1.181205E-03,8.664427E-03
1446.373,9.014625E-03,3.813038E-03,1.637194E-03,1.769807E-03,1.066282E-03,8.286321E-03
1448.301,8.676761E-03,3.753808E-03,1.711260E-03,1.605510E-03,9.177139E-04,7.988292E-03
1450.23,8.310177E-03,3.816236E-03,1.739776E-03,1.282167E-03,7.943554E-04,7.632534E-03
1452.158,8.080982E-03,3.958320E-03,1.756782E-03,1.001718E-03,7.893527E-04,7.506172E-03
1454.087,7.906097E-03,4.026323E-03,1.719307E-03,9.646226E-04,7.312422E-04,7.441495E-03
1456.015,7.708433E-03,4.127818E-03,1.674579E-03,8.819780E-04,7.256075E-04,7.409982E-03
1457.944,7.244036E-03,3.952966E-03,1.516810E-03,7.376969E-04,7.519969E-04,6.959470E-03
1459.872,6.673650E-03,3.501640E-03,1.349481E-03,6.196494E-04,6.007092E-04,6.071480E-03
1461.801,5.974643E-03,3.076166E-03,1.267253E-03,5.290474E-04,4.727787E-04,5.345245E-03
1463.729,5.144114E-03,2.721971E-03,1.113769E-03,4.045494E-04,4.183450E-04,4.658634E-03
1465.658,4.498245E-03,2.371280E-03,9.218899E-04,2.907484E-04,3.888515E-04,3.972769E-03
1467.586,4.123592E-03,2.105875E-03,7.880957E-04,2.229759E-04,3.202338E-04,3.437181E-03
1469.515,3.794950E-03,1.885869E-03,6.733016E-04,1.289039E-04,2.741872E-04,2.962262E-03
1471.443,3.323772E-03,1.666179E-03,5.900734E-04,9.961021E-05,2.156165E-04,2.571479E-03
1473.372,2.842653E-03,1.401636E-03,5.223133E-04,5.125213E-05,2.460090E-04,2.221211E-03
1475.3,2.614485E-03,1.143640E-03,4.937751E-04,1.852963E-05,2.518113E-04,1.907756E-03
1477.229,2.361354E-03,1.083652E-03,4.533080E-04,-3.149975E-05,1.056038E-04,1.611064E-03
1479.157,2.073302E-03,9.224964E-04,4.623959E-04,-7.836252E-06,3.233907E-05,1.409395E-03
1481.086,1.821258E-03,8.556083E-04,4.184607E-04,-1.100063E-05,1.445545E-04,1.407623E-03
1483.014,1.614852E-03,8.611536E-04,2.908156E-04,-4.427513E-05,1.635478E-04,1.271242E-03
1484.943,1.508566E-03,7.172874E-04,2.168934E-04,-6.574351E-05,1.179863E-04,9.864240E-04
1486.871,1.436701E-03,5.535678E-04,3.763973E-04,-1.153310E-04,-1.234396E-06,8.134000E-04
1488.8,1.375762E-03,3.692644E-04,3.919111E-04,-4.914659E-05,-1.104999E-04,6.015290E-04
1490.728,1.353324E-03,2.779118E-04,3.805530E-04,7.149891E-05,-5.542763E-05,6.745360E-04
1492.657,1.204986E-03,2.003065E-04,6.121409E-04,1.667981E-04,4.047784E-05,1.019723E-03
1494.585,1.080152E-03,1.425288E-04,7.148067E-04,2.306116E-04,1.186501E-04,1.206597E-03
1496.514,1.100519E-03,8.701833E-05,7.666186E-04,1.916057E-04,6.799960E-05,1.113242E-03
1498.442,1.296075E-03,7.166387E-05,8.327744E-04,1.538802E-04,-2.127109E-05,1.037047E-03
1500.371,1.381735E-03,2.192994E-05,9.244033E-04,6.356147E-05,-9.443630E-06,1.000451E-03
1502.299,1.504124E-03,2.158725E-05,1.062079E-03,5.886642E-05,-5.591733E-05,1.086615E-03
1504.228,1.615794E-03,1.131229E-04,1.288812E-03,1.801899E-04,-8.064486E-05,1.501480E-03
1506.156,1.792444E-03,8.581990E-05,1.617661E-03,2.140458E-04,-1.028277E-04,1.814699E-03
1508.085,2.124342E-03,2.206023E-05,1.988157E-03,1.304303E-04,-1.468007E-04,1.993847E-03
1510.013,2.552149E-03,7.896384E-05,2.412838E-03,8.368825E-05,-1.476327E-04,2.427857E-03
1511.942,3.212664E-03,2.882228E-05,3.059526E-03,1.126847E-04,-8.258666E-05,3.118447E-03
1513.87,4.192054E-03,-7.681298E-05,3.861064E-03,2.314567E-05,3.664434E-05,3.844041E-03
1515.799,5.457632E-03,-2.173624E-05,4.941082E-03,9.011138E-06,6.688234E-05,4.995239E-03
1517.727,6.952455E-03,6.472180E-05,6.371395E-03,8.264909E-05,-6.371066E-05,6.455055E-03
1519.656,8.504605E-03,6.549124E-05,7.967163E-03,1.537444E-04,-1.992897E-04,7.987109E-03
1521.584,9.981471E-03,7.466528E-05,9.485586E-03,6.242238E-05,-1.299237E-04,9.492750E-03
1523.513,1.067588E-02,5.948052E-05,1.035089E-02,-3.323962E-05,5.495934E-05,1.043209E-02
1525.441,1.014069E-02,6.431455E-06,1.006780E-02,-9.137862E-05,9.469034E-05,1.007754E-02
1527.37,8.592320E-03,-7.061601E-06,8.714074E-03,-5.707662E-05,-2.061327E-05,8.629323E-03
1529.298,6.667662E-03,2.296154E-05,6.817797E-03,1.206238E-05,-8.685903E-05,6.765962E-03
1531.227,4.922459E-03,2.873958E-05,5.019595E-03,8.966838E-05,-4.683538E-05,5.091168E-03
1533.155,3.447495E-03,-8.090318E-05,3.471668E-03,7.454238E-05,4.061085E-05,3.505918E-03
1535.084,2.381241E-03,-1.828272E-04,2.299487E-03,1.436044E-04,6.472851E-05,2.324992E-03
1537.012,1.601715E-03,-1.830708E-04,1.482186E-03,1.304254E-04,-5.044326E-05,1.379097E-03
1538.941,9.624591E-04,-1.851570E-04,9.259904E-04,2.269538E-05,-5.163461E-05,7.118940E-04
1540.869,6.190272E-04,-1.488211E-04,5.693352E-04,-2.462162E-05,1.337596E-04,5.296520E-04
1542.798,4.322763E-04,-1.311959E-04,2.433081E-04,1.599520E-04,9.926028E-05,3.713250E-04
1544.726,2.630315E-04,-2.171874E-04,-8.780048E-06,2.202382E-04,4.408352E-05,3.835430E-05
1546.655,1.762448E-04,-2.212432E-04,1.332882E-05,2.124777E-05,1.393442E-04,-4.732240E-05
1548.583,1.137172E-04,-1.529348E-04,-7.840534E-05,-7.284599E-05,2.501184E-04,-5.406770E-05
1550.512,5.251041E-05,-5.282500E-05,-1.426935E-04,3.238455E-05,2.719831E-04,1.088490E-04
1552.44,1.463788E-04,-3.129278E-06,-7.691362E-05,8.769779E-05,2.640603E-04,2.717150E-04
1554.369,2.764734E-04,-1.992122E-05,-1.195453E-04,4.888323E-06,2.497749E-04,1.151970E-04
1556.297,1.367790E-04,-3.831220E-05,-4.889666E-05,-2.518543E-05,3.039272E-04,1.915330E-04
1558.226,-5.481815E-05,-1.680574E-05,-1.970131E-05,5.121622E-05,3.557538E-04,3.704630E-04
1560.154,-7.430454E-05,7.253298E-05,7.492879E-07,-1.957278E-05,3.670271E-04,4.207370E-04
1562.083,1.475504E-05,3.056252E-05,5.161364E-05,-4.284778E-05,4.225947E-04,4.619230E-04
1564.011,3.007380E-05,4.103758E-06,-1.295108E-04,9.728222E-05,4.540690E-04,4.259440E-04
1565.94,-5.998858E-05,-3.670154E-05,-2.127849E-04,8.519522E-05,4.585766E-04,2.942850E-04
1567.868,-7.496083E-05,-2.764481E-05,-1.089181E-04,-5.522778E-05,6.109498E-04,4.191590E-04
1569.797,-6.042207E-06,5.199189E-05,2.755697E-05,-7.661878E-05,6.416045E-04,6.445350E-04
1571.725,1.245426E-04,9.122263E-05,1.165348E-04,-1.017778E-06,5.815237E-04,7.882630E-04
1573.654,3.126659E-04,2.045133E-04,1.974718E-04,1.301082E-04,6.520944E-04,1.184188E-03
1575.582,2.237134E-04,1.236991E-04,3.794456E-04,1.412382E-04,7.771816E-04,1.421565E-03
1577.511,2.520183E-04,-1.019412E-04,5.414337E-04,1.327822E-05,8.901263E-04,1.342897E-03
1579.439,5.431856E-04,-6.845750E-05,6.259245E-04,-9.569778E-06,8.943745E-04,1.442272E-03
1581.368,7.681201E-04,5.151820E-05,7.775625E-04,-4.913778E-06,9.715382E-04,1.795705E-03
1583.296,8.514887E-04,8.044294E-05,8.147533E-04,-1.518178E-05,1.088207E-03,1.968222E-03
1585.225,7.787172E-04,4.564464E-05,7.214804E-04,3.464022E-05,1.170081E-03,1.971846E-03
1587.153,4.493122E-04,2.566338E-05,4.666742E-04,-8.088521E-06,1.088494E-03,1.572743E-03
1589.082,8.558298E-05,3.288608E-05,2.176532E-04,-8.188824E-05,1.013898E-03,1.182549E-03
1591.01,-3.136864E-06,-6.670419E-05,1.164290E-04,-3.108014E-06,9.849702E-04,1.031587E-03
1592.939,-5.113694E-05,-3.920249E-05,4.490910E-05,7.469627E-05,9.859808E-04,1.066384E-03
1594.867,-8.207094E-05,6.200030E-05,5.636990E-05,2.075749E-05,1.022740E-03,1.161868E-03
1596.796,2.725111E-05,5.060177E-05,2.648929E-04,-6.826022E-05,1.016674E-03,1.263908E-03
1598.724,2.493857E-04,-2.222560E-05,5.145523E-04,3.722700E-05,1.017452E-03,1.547006E-03
1600.653,5.328190E-04,-1.650151E-04,7.850117E-04,1.666503E-04,1.004077E-03,1.790723E-03
1602.581,7.307639E-04,-1.781555E-04,1.029008E-03,2.537677E-04,1.064205E-03,2.168825E-03
1604.51,9.629399E-04,-1.441450E-04,1.315920E-03,3.003363E-04,1.205478E-03,2.677589E-03
1606.438,1.311440E-03,-5.905860E-05,1.677042E-03,3.812494E-04,1.332303E-03,3.331535E-03
1608.367,1.870492E-03,-1.074174E-04,1.964986E-03,5.824985E-04,1.355495E-03,3.795563E-03
1610.295,2.616688E-03,-2.463886E-04,2.316845E-03,7.360005E-04,1.511537E-03,4.317993E-03
1612.224,3.114405E-03,-1.931683E-04,2.695614E-03,7.847911E-04,1.536812E-03,4.824049E-03
1614.152,3.461281E-03,-2.285485E-04,3.005309E-03,8.151375E-04,1.583078E-03,5.174976E-03
1616.081,4.094625E-03,-4.653273E-04,3.418828E-03,9.743291E-04,1.742914E-03,5.670744E-03
1618.009,4.911753E-03,-3.826255E-04,4.005562E-03,1.000791E-03,1.908830E-03,6.532559E-03
1619.938,5.559565E-03,-1.582772E-04,4.434732E-03,1.016957E-03,2.008529E-03,7.301940E-03
1621.866,6.086106E-03,-1.013564E-04,4.783166E-03,1.317693E-03,1.953476E-03,7.952979E-03
1623.795,6.818406E-03,-1.168482E-04,5.338746E-03,1.572015E-03,1.958975E-03,8.752887E-03
1625.723,7.858412E-03,-1.133064E-04,5.849230E-03,1.653992E-03,2.109716E-03,9.499632E-03
1627.652,8.697276E-03,-1.807012E-05,6.357689E-03,1.718145E-03,2.193598E-03,1.025136E-02
1629.58,9.405723E-03,3.487698E-05,6.939884E-03,1.853887E-03,2.231033E-03,1.105968E-02
1631.509,1.038791E-02,-1.524519E-05,7.407923E-03,2.108669E-03,2.341991E-03,1.184334E-02
1633.437,1.114450E-02,1.844530E-05,7.890858E-03,2.291799E-03,2.455892E-03,1.265699E-02
1635.366,1.185253E-02,6.678514E-05,8.496277E-03,2.426581E-03,2.563761E-03,1.355340E-02
1637.294,1.263381E-02,-1.377638E-05,9.007491E-03,2.355206E-03,2.583741E-03,1.393266E-02
1639.223,1.348138E-02,9.765634E-05,9.708191E-03,2.495200E-03,2.592397E-03,1.489345E-02
1641.151,1.437705E-02,1.121555E-04,1.041756E-02,2.708573E-03,2.649771E-03,1.588806E-02
1643.08,1.539586E-02,-9.513143E-06,1.125051E-02,2.770404E-03,2.669352E-03,1.668076E-02
1645.008,1.667759E-02,6.251097E-05,1.219789E-02,2.858455E-03,2.789812E-03,1.790867E-02
1646.937,1.839204E-02,2.229004E-04,1.337387E-02,3.009954E-03,2.829881E-03,1.943660E-02
1648.865,1.993149E-02,3.101674E-04,1.453645E-02,3.181455E-03,2.762893E-03,2.079097E-02
1650.794,2.130290E-02,2.985531E-04,1.577308E-02,3.241445E-03,2.877679E-03,2.219076E-02
1652.722,2.294724E-02,2.683251E-04,1.696068E-02,3.311307E-03,3.069831E-03,2.361014E-02
1654.651,2.427601E-02,2.491921E-04,1.806416E-02,3.381911E-03,3.122071E-03,2.481733E-02
1656.579,2.533123E-02,2.609993E-04,1.887199E-02,3.560486E-03,3.053596E-03,2.574707E-02
1658.508,2.633229E-02,8.983260E-05,1.958649E-02,3.768933E-03,3.072158E-03,2.651741E-02
1660.436,2.713619E-02,-2.194475E-05,1.981417E-02,3.933920E-03,3.071670E-03,2.679782E-02
1662.365,2.750580E-02,-5.411233E-05,1.969015E-02,4.001051E-03,3.122132E-03,2.675922E-02
1664.293,2.734986E-02,3.815182E-05,1.944596E-02,4.143790E-03,3.237520E-03,2.686542E-02
1666.222,2.690217E-02,1.183629E-04,1.878020E-02,4.406635E-03,3.390899E-03,2.669609E-02
1668.15,2.598056E-02,1.237635E-04,1.779926E-02,4.720903E-03,3.437942E-03,2.608187E-02
1670.079,2.477993E-02,1.064983E-04,1.632458E-02,5.056907E-03,3.595725E-03,2.508371E-02
1672.007,2.349705E-02,4.664547E-05,1.456609E-02,5.323640E-03,3.859061E-03,2.379543E-02
1673.936,2.201798E-02,9.440342E-05,1.264188E-02,5.628912E-03,3.962649E-03,2.232785E-02
1675.864,2.056685E-02,1.884630E-04,1.046286E-02,6.034610E-03,4.188816E-03,2.087475E-02
1677.793,1.921514E-02,3.685565E-04,8.529719E-03,6.345217E-03,4.571171E-03,1.981466E-02
1679.721,1.829855E-02,2.908240E-04,6.826303E-03,6.875014E-03,4.808367E-03,1.880051E-02
1681.65,1.766302E-02,9.235338E-05,5.143333E-03,7.692087E-03,5.138324E-03,1.806610E-02
1683.578,1.725101E-02,-3.675373E-05,3.791217E-03,8.324464E-03,5.517475E-03,1.759640E-02
1685.507,1.744602E-02,3.012929E-05,2.713656E-03,8.953779E-03,5.716518E-03,1.741408E-02
1687.435,1.815695E-02,7.426191E-05,1.975731E-03,9.833576E-03,6.021034E-03,1.790460E-02
1689.364,1.912130E-02,1.310056E-04,1.352605E-03,1.079148E-02,6.575163E-03,1.885025E-02
1691.292,2.044071E-02,1.628060E-04,9.443415E-04,1.185737E-02,7.077023E-03,2.004154E-02
1693.221,2.200412E-02,1.460864E-04,6.566340E-04,1.296967E-02,7.549472E-03,2.132186E-02
1695.149,2.376572E-02,3.209887E-07,4.431443E-04,1.404709E-02,8.058506E-03,2.254907E-02
1697.078,2.540353E-02,-8.311959E-05,2.141688E-04,1.533590E-02,8.468651E-03,2.393560E-02
1699.006,2.681004E-02,3.627303E-05,6.022715E-05,1.635533E-02,8.845676E-03,2.529751E-02
1700.935,2.832439E-02,9.232263E-05,-7.653416E-06,1.725090E-02,9.317241E-03,2.665281E-02
1702.863,2.935787E-02,-3.943264E-05,7.316895E-05,1.788883E-02,9.944986E-03,2.786756E-02
1704.792,2.974791E-02,-9.029481E-05,1.272258E-04,1.789732E-02,1.043437E-02,2.836863E-02
1706.72,2.937637E-02,-7.274170E-06,2.478648E-04,1.737848E-02,1.074616E-02,2.836523E-02
1708.649,2.889828E-02,-8.176654E-05,2.926138E-04,1.672473E-02,1.109179E-02,2.802737E-02
1710.577,2.833308E-02,-1.054570E-05,2.068378E-04,1.578398E-02,1.132850E-02,2.730876E-02
1712.505,2.742865E-02,8.330683E-05,1.909548E-04,1.491354E-02,1.158466E-02,2.677247E-02
1714.434,2.648643E-02,-8.457184E-05,1.226988E-04,1.402358E-02,1.169825E-02,2.575995E-02
1716.363,2.561731E-02,-1.598945E-04,8.992683E-05,1.291148E-02,1.166263E-02,2.450414E-02
1718.291,2.451510E-02,-4.282537E-05,6.283183E-05,1.190908E-02,1.154261E-02,2.347169E-02
1720.219,2.337618E-02,9.601297E-05,7.820383E-05,1.114631E-02,1.140462E-02,2.272515E-02
1722.148,2.237421E-02,1.037037E-04,3.796012E-05,1.040491E-02,1.121586E-02,2.176243E-02
1724.077,2.124070E-02,3.575375E-05,-7.104833E-05,9.483350E-03,1.103410E-02,2.048216E-02
1726.005,2.015505E-02,-1.288363E-05,1.437081E-05,8.624109E-03,1.075242E-02,1.937801E-02
1727.933,1.914594E-02,2.399769E-05,1.658910E-04,7.974623E-03,1.037911E-02,1.854362E-02
1729.862,1.801255E-02,-3.543509E-05,1.900405E-04,7.314424E-03,9.995965E-03,1.746500E-02
1731.791,1.668012E-02,-1.059171E-04,1.195681E-04,6.644778E-03,9.509140E-03,1.616757E-02
1733.719,1.530826E-02,-1.910808E-04,1.878920E-05,5.928680E-03,8.963075E-03,1.471946E-02
1735.647,1.398482E-02,-6.556913E-05,-4.778438E-05,5.272176E-03,8.245690E-03,1.340451E-02
1737.576,1.258995E-02,2.740857E-04,6.408811E-05,4.734589E-03,7.386470E-03,1.245923E-02
1739.505,1.115058E-02,2.363203E-04,1.675596E-04,4.219379E-03,6.588045E-03,1.121130E-02
1741.433,9.763107E-03,-1.094717E-05,1.897489E-04,3.607043E-03,5.891848E-03,9.677693E-03
1743.361,8.437274E-03,4.219723E-05,1.424713E-04,3.002262E-03,5.110108E-03,8.297039E-03
1745.29,7.411737E-03,1.374428E-04,1.482708E-04,2.593568E-03,4.332292E-03,7.211573E-03
1747.219,6.314223E-03,1.371447E-04,1.622259E-05,2.236412E-03,3.803188E-03,6.192967E-03
1749.147,5.346777E-03,4.554173E-05,5.944359E-05,1.952112E-03,3.125346E-03,5.182442E-03
1751.075,4.500772E-03,7.332523E-05,1.270506E-04,1.589738E-03,2.484533E-03,4.274647E-03
1753.004,3.717831E-03,5.223073E-05,1.256996E-04,1.127777E-03,2.018496E-03,3.324203E-03
1754.932,3.138183E-03,5.481373E-05,2.042956E-04,1.001716E-03,1.683276E-03,2.944101E-03
1756.861,2.472008E-03,2.709753E-05,1.453566E-04,9.425585E-04,1.306348E-03,2.421361E-03
1758.789,1.817039E-03,-1.371099E-04,-3.725541E-05,8.419348E-04,9.793846E-04,1.646954E-03
1760.718,1.483937E-03,-1.194672E-04,-1.099004E-04,7.217327E-04,8.874672E-04,1.379832E-03
1762.646,1.214704E-03,8.855893E-05,-6.740241E-05,5.549414E-04,8.303415E-04,1.406439E-03
1764.575,9.599685E-04,1.715588E-04,3.735959E-05,4.176784E-04,5.735641E-04,1.200161E-03
1766.503,8.020563E-04,1.510557E-04,7.821759E-05,2.463173E-04,5.604333E-04,1.036024E-03
1768.432,6.645409E-04,-6.808370E-06,9.645359E-05,1.711092E-04,4.676350E-04,7.283890E-04
1770.36,5.811165E-04,-1.222478E-04,1.795706E-04,4.566903E-05,2.723912E-04,3.753830E-04
1772.289,4.802688E-04,-8.619897E-05,1.668366E-04,2.373851E-05,2.470699E-04,3.514460E-04
1774.217,3.365352E-04,1.932730E-06,4.911059E-05,1.782950E-04,2.635421E-04,4.928800E-04
1776.146,3.468596E-04,1.348853E-05,1.571766E-04,2.516637E-04,1.172948E-04,5.396240E-04
1778.074,2.367010E-04,-7.801670E-06,9.189459E-05,8.402798E-05,-1.990994E-06,1.661300E-04
1780.003,1.601948E-04,7.276223E-05,-6.574741E-05,-3.373486E-05,-4.924634E-05,-7.596640E-05
1781.931,2.206510E-04,1.220749E-04,-1.386041E-05,-2.450601E-06,6.711189E-05,1.728760E-04
1783.86,2.080437E-04,1.165439E-04,-4.593141E-05,5.727286E-05,1.046655E-04,2.325510E-04
1785.788,1.127990E-04,-3.660637E-05,-7.195941E-05,1.140514E-04,-3.543522E-05,-2.994960E-05
1787.717,6.385236E-06,-1.154288E-04,-1.882241E-05,-1.648482E-05,-1.629726E-04,-3.137090E-04
1789.645,-1.240319E-06,3.488930E-06,2.126827E-05,-7.915286E-05,-8.301233E-05,-1.374080E-04
1791.574,-7.208617E-05,1.031970E-04,-4.032959E-05,-5.445380E-05,8.390732E-05,9.232100E-05
1793.502,-1.667016E-05,7.686873E-05,-3.957767E-05,-2.985814E-05,5.530581E-05,6.273870E-05
1795.431,1.854192E-04,1.219755E-04,-2.581952E-05,1.069430E-04,-1.000731E-04,1.030260E-04
1797.359,1.353011E-04,6.835783E-05,-4.568960E-05,9.827699E-05,-2.057912E-04,-8.484590E-05
1799.288,-8.778226E-06,8.938683E-05,4.010155E-05,7.478103E-05,-2.071571E-04,-2.887690E-06
1801.216,-8.390690E-05,2.208827E-04,1.435525E-04,1.858423E-05,-1.512051E-04,2.318140E-04
1803.145,-1.370025E-04,1.256187E-04,1.356676E-04,-1.642199E-04,-8.042069E-06,8.902440E-05
1805.073,-1.902920E-04,3.574003E-05,1.184555E-04,-9.848547E-05,-8.311409E-05,-2.740400E-05
1807.002,-1.797578E-04,-1.131137E-05,-4.123831E-05,9.847983E-05,-2.390070E-04,-1.930770E-04
1808.93,-2.348328E-04,-6.484637E-05,-8.916865E-05,2.333161E-04,-1.087121E-04,-2.941090E-05
1810.859,-1.953504E-04,6.666893E-05,-9.433065E-05,2.172250E-04,0.000000E+00,1.895630E-04
1812.787,-6.837558E-05,1.327065E-04,9.553435E-05,1.282044E-04,-3.033339E-05,3.261120E-04
1814.716,9.610924E-05,3.256123E-05,1.360753E-04,1.021163E-05,-1.507301E-04,2.811810E-05
1816.644,9.199608E-05,1.240693E-04,-1.673057E-04,-1.362005E-04,-2.403585E-04,-4.197950E-04
1818.573,-5.612480E-05,1.377837E-04,-1.367407E-04,-1.354396E-04,-1.228062E-04,-2.572030E-04
1820.501,-5.010484E-05,-1.196004E-05,5.725635E-05,3.513143E-05,3.455046E-05,1.149780E-04
1822.43,1.371127E-04,1.284350E-05,9.522935E-05,1.269796E-04,3.337377E-05,2.684260E-04
1824.358,2.221472E-04,1.670960E-04,2.910835E-05,1.806743E-04,-1.007576E-04,2.761210E-04
1826.287,8.027723E-05,1.907803E-04,-1.924523E-04,1.244970E-04,-1.218483E-04,9.767430E-07
1828.215,2.542120E-05,-1.380088E-05,-2.565004E-04,8.633233E-05,-1.217607E-04,-3.057300E-04
1830.144,8.087254E-05,9.669306E-05,-1.693662E-04,2.455008E-04,6.460762E-05,2.374350E-04
1832.072,1.141064E-04,1.991931E-04,-1.042513E-04,2.668579E-04,1.373652E-04,4.991650E-04
1834.001,1.267398E-04,1.079559E-04,6.646688E-05,9.818193E-05,2.003854E-05,2.926430E-04
1835.929,7.366492E-05,4.504458E-05,5.185476E-05,-2.617943E-04,7.193015E-05,-9.296480E-05
1837.858,-3.220924E-05,3.985132E-05,1.257090E-04,-3.181129E-04,-2.871853E-05,-1.812710E-04
1839.786,2.148884E-04,8.862312E-05,1.886989E-04,9.130534E-06,-7.286292E-05,2.135900E-04
1841.715,2.919817E-04,3.840126E-05,7.688929E-05,2.064269E-04,-1.091386E-04,2.125790E-04
